title,published,source,url,sentiment,label
Stocks and bonds sink as oil surge rattles traders,2026-03-02,Financial Post,https://financialpost.com/investing/asia-weak-open-treasuries-sink,-0.92552387714386,negative
"More low- and middle-income Americans are investing, report finds. Here's why",2026-03-02,CNBC,https://www.cnbc.com/2026/03/02/low-and-middle-income-investors.html,0.0,neutral
Paramount-Warner Would Create a Hollywood Jobs Apocalypse,2026-03-02,The American Prospect,http://prospect.org/2026/03/02/paramount-warner-merger-netflix-hollywood-jobs-layoffs-antitrust/,0.0,neutral
Global markets roiled and energy prices soar with US pressing attack on Iran,2026-03-02,Boston Herald,https://www.bostonherald.com/2026/03/02/global-markets-iran/,-0.6745319962501526,negative
’90s nostalgia seizes the Fed and White House as Warsh and Trump see AI as an internet-style productivity boom,2026-03-02,Fortune,https://fortune.com/2026/03/02/90s-nostalgia-federal-reserve-productivity-warsh-trump-bessent-ai-automation-internet-boom/,0.0,neutral
"Stock futures dive, oil prices jump as U.S. war in Iran rattles investors",2026-03-02,CBS News,https://www.cbsnews.com/news/stock-market-today-oil-prices-iran-impact/,-0.9143226146697998,negative
M2 money supply is surging again – so why isn’t this bullish for Bitcoin anymore?,2026-03-02,CryptoSlate,https://cryptoslate.com/m2-money-supply-is-surging-again-so-why-isnt-this-bullish-for-bitcoin-anymore/,0.0,neutral
US Treasuries Fall as Inflation Angst Eclipses Haven Buying,2026-03-02,Financial Post,https://financialpost.com/pmn/business-pmn/us-treasuries-fall-as-inflation-angst-eclipses-haven-buying,-0.8407347798347473,negative
"Fed races to adapt to AI promises and pitfalls for jobs, inflation",2026-03-02,CNA,https://www.channelnewsasia.com/business/fed-races-adapt-ai-promises-and-pitfalls-jobs-inflation-5963931,0.4476402401924133,positive
"HELOC and home equity loan rates Monday, March 2, 2026: How rates vary for HELOCs and HELs",2026-03-02,Yahoo Entertainment,https://finance.yahoo.com/personal-finance/mortgages/article/heloc-home-equity-loan-rates-today-monday-march-2-2026-110015765.html,0.0,neutral
"Gold pares gains as traders weigh Iran war, Fed rate outlook",2026-03-02,Financial Post,https://financialpost.com/commodities/gold-climbs-war-drives-safe-assets-demand,-0.4327203631401062,negative
'This is not World War Three:' Five things to know in Bitcoin this week,2026-03-02,Cointelegraph,https://cointelegraph.com/news/this-is-not-world-war-three-five-things-bitcoin-this-week,0.0,neutral
California homebuying falls below Great Recession lows,2026-03-02,OCRegister,https://www.ocregister.com/2026/03/02/california-homebuying-falls-below-great-recession-lows/,-0.9490506052970886,negative
"Breitbart Business Digest: A Fed Mistake, Not Higher Oil Prices, Is the Biggest Threat After the Iran Strike",2026-03-02,Breitbart News,https://www.breitbart.com/economy/2026/03/02/breitbart-business-digest-a-fed-mistake-not-higher-oil-prices-is-the-biggest-threat-after-the-iran-strike/,-0.664047122001648,negative
US stocks today: Nasdaq drops over 1% on fears of protracted Middle East conflict,2026-03-02,The Times of India,https://economictimes.indiatimes.com/markets/us-stocks/news/us-stocks-today-nasdaq-drops-over-1-on-fears-of-protracted-middle-east-conflict/articleshow/128949371.cms,-0.9695013761520386,negative
US Market Today | Wall Street futures slide as Middle East conflict escalates,2026-03-02,The Times of India,https://economictimes.indiatimes.com/markets/us-stocks/news/us-market-today-wall-street-futures-slide-as-middle-east-conflict-escalates/articleshow/128941467.cms,-0.9557364583015442,negative
The US Federal Reserve is in need of reform: Is Trump’s appointee Kevin Warsh up to the challenge?,2026-03-02,Livemint,https://www.livemint.com/opinion/online-views/us-federal-reserve-reform-donald-trump-appointee-kevin-warsh-monetary-policy-11772345528774.html,0.0,neutral
Americans will pay for Trump’s war in Iran,2026-03-02,Vox,https://www.vox.com/politics/481190/iran-war-gas-prices-oil-economy,0.0,neutral
US and Israeli attacks on Iran shake world markets,2026-03-02,Associated Press,https://apnews.com/article/stocks-markets-oil-gold-iran-trump-25fd9bfa1b20549a6cbbdee61b2ea05f,-0.8836929202079773,negative
Crypto Traders on Tenterhooks as Oil Prices Signal Risks,2026-03-02,Financial Post,https://financialpost.com/pmn/business-pmn/crypto-traders-on-tenterhooks-as-oil-prices-signal-risks,0.0,neutral
"US Stock Market | Amid conflict in Middle East, Wall Street braces for AI-driven volatility as jobs data looms",2026-03-02,The Times of India,https://economictimes.indiatimes.com/markets/us-stocks/news/us-stock-market-amid-conflict-in-middle-east-wall-street-braces-for-ai-driven-volatility-as-jobs-data-looms/articleshow/128935663.cms,-0.8379383683204651,negative
Crypto traders on tenterhooks as oil prices signal risks,2026-03-02,Bloomberg,https://www.bloomberg.com/news/articles/2026-03-02/crypto-traders-on-tenterhooks-as-oil-prices-signal-risks,0.0,neutral
"Global Market Today | Oil prices surge, stocks skid in flight from risk",2026-03-02,The Times of India,https://economictimes.indiatimes.com/markets/us-stocks/news/global-market-today-oil-prices-surge-stocks-skid-in-flight-from-risk/articleshow/128932190.cms,-0.95620459318161,negative
"Fed could print money to support US conflict with Iran, says Hayes",2026-03-02,Cointelegraph,https://cointelegraph.com/news/fed-print-money-support-us-conflict-iran-hayes,0.8317539691925049,positive
Oil surges and stocks slide as conflict grips Middle East,2026-03-02,The Irish Times,https://www.irishtimes.com/business/2026/03/02/oil-surges-and-stocks-slide-as-conflict-grips-middle-east/,-0.9563347697257996,negative
"US futures and Asian shares open lower, oil prices soar as US and Israel attack Iran",2026-03-02,Abcnews.com,https://abcnews.com/US/wireStory/us-futures-asian-shares-open-lower-oil-prices-130663510,-0.9596701264381408,negative
"US futures and Asian shares open lower, oil prices soar as US and Israel attack Iran",2026-03-02,Abcnews.com,https://abcnews.com/Business/wireStory/us-futures-asian-shares-open-lower-oil-prices-130663521,-0.9596701264381408,negative
"US Stock Market | As clock ticks on Powell’s term, Warsh confirmation hangs in balance",2026-03-02,The Times of India,https://economictimes.indiatimes.com/markets/us-stocks/news/us-stock-market-as-clock-ticks-on-powells-term-warsh-confirmation-hangs-in-balance/articleshow/128937202.cms,-0.6280472278594971,negative
Stocks fall and oil surges as war with Iran spreads | CNN Business,2026-03-02,CNN,https://www.cnn.com/2026/03/02/investing/oil-us-stock-market-iran,-0.9368520379066468,negative
Shanghai stocks close at 10-year high as Iran conflict boosts energy and gold shares; HK drops,2026-03-02,The Times of India,https://economictimes.indiatimes.com/markets/stocks/news/shanghai-stocks-close-at-10-year-high-as-iran-conflict-boosts-energy-and-gold-shares-hk-drops/articleshow/128942654.cms,0.8754757046699524,positive
"Gas prices set to rise amid U.S.-Israeli war with Iran, analysts say",2026-03-02,CBS News,https://www.cbsnews.com/news/gas-prices-rise-oil-prices-inflation-iran-gasbuddy/,0.867768406867981,positive
"US stock market big crash today: Why Dow, S&P 500, Nasdaq in deep red today? Oil, gas and gold prices surge — here are the defence and energy stocks gaining big",2026-03-02,The Times of India,https://economictimes.indiatimes.com/news/international/us/us-stock-market-big-crash-today-why-dow-sp-500-nasdaq-in-deep-red-today-oil-gas-and-gold-prices-surge-here-are-the-defence-and-energy-stocks-gaining-big/articleshow/128949438.cms,0.0,neutral
Asia Poised for Weak Open After Treasuries Sink: Markets Wrap,2026-03-02,Financial Post,https://financialpost.com/pmn/business-pmn/asia-poised-for-weak-open-after-treasuries-sink-markets-wrap,-0.9424607157707214,negative
Trump expects his Fed pick and AI to deliver a replay of the ’90s boom. Economists have doubts,2026-03-02,Boston Herald,https://www.bostonherald.com/2026/03/02/trump-economic-policy/,0.0,neutral
PIMCO Closed-End Funds Declare Monthly Common Share Distributions,2026-03-02,GlobeNewswire,https://www.globenewswire.com/news-release/2026/03/02/3247899/220/en/PIMCO-Closed-End-Funds-Declare-Monthly-Common-Share-Distributions.html,0.0,neutral
Cattle Futures Are in Trouble. What You Need to Watch Next.,2026-03-02,Barchart.com,https://www.barchart.com/story/news/516977/cattle-futures-are-in-trouble-what-you-need-to-watch-next,0.0,neutral
"Why a $10,000 CD account is worth opening this March",2026-03-02,CBS News,https://www.cbsnews.com/news/why-10000-cd-account-is-worth-opening-march-2026/,0.0,neutral
What does 1 gram of 24K gold cost in today's market?,2026-03-02,CBS News,https://www.cbsnews.com/news/what-does-1-gram-of-24k-gold-cost-in-march-2026/,0.0,neutral
Strikes on Iran throw spanner in the works for inflation as oil price surges,2026-03-02,ABC News (AU),https://www.abc.net.au/news/2026-03-03/iran-strikes-throw-spanner-in-works-for-rba-on-inflation-oil/106405930,-0.9362431168556212,negative
"Trump $2,000 rebate checks 2026 update: will Americans receive the proposed stimulus payments?",2026-03-02,The Times of India,https://economictimes.indiatimes.com/news/international/us/trump-2000-rebate-checks-2026-update-will-americans-receive-the-proposed-stimulus-payments-heres-who-qualifies-and-whether-it-will-actually-arrive-after-the-63-supreme-court-tariff-ruling/articleshow/128952780.cms,0.0,neutral
"What are today's mortgage interest rates: March 2, 2026?",2026-03-02,CBS News,https://www.cbsnews.com/news/todays-mortgage-interest-rates-march-2-2026/,0.0,neutral
Why is Nasdaq suddenly up today? S&P 500 and Nasdaq Composite jump despite Iran crisis shock — here’s what’s boosting Nasdaq sentiment,2026-03-02,The Times of India,https://economictimes.indiatimes.com/news/international/us/why-is-nasdaq-suddenly-up-today-sp-500-and-nasdaq-composite-jump-despite-iran-crisis-shock-heres-whats-boosting-nasdaq-sentiment/articleshow/128951850.cms,0.0,neutral
"Economists doubt Trump plan for Fed pick, AI to deliver a '90s boom",2026-03-02,TwinCities.com-Pioneer Press,https://www.twincities.com/2026/03/02/trump-economic-policy/,-0.3963914811611175,negative
"Why are US stock market index futures down and Dow Jones, S&P 500 and Nasdaq in red today? Wall Street futures drop, analysts insights and market outlook explained. Here's what should investors do now",2026-03-02,The Times of India,https://economictimes.indiatimes.com/news/international/us/why-are-us-stock-market-index-futures-down-and-dow-jones-sp-500-and-nasdaq-in-red-today-wall-street-futures-drop-analysts-insights-and-market-outlook-explained-heres-what-should-investors-do-now/articleshow/128942422.cms,-0.7153883576393127,negative
"War With Iran May Spark Federal Reserve Intervention, Arthur Hayes Says",2026-03-02,Bitcoinist,https://bitcoinist.com/war-with-iran-may-spark-federal-reserve-intervention-arthur-hayes-says/,0.0,neutral
Bitcoin price update: BTC falls 5% this week; what it means for utility-driven protocols,2026-03-02,Ambcrypto.com,https://ambcrypto.com/bitcoin-price-update-btc-falls-5-this-week-what-it-means-for-utility-driven-protocols/,-0.9597469568252563,negative
"Mortgage Rates Today, Monday, March 2: Higher, But Still in the Fives",2026-03-02,NerdWallet,https://www.nerdwallet.com/mortgages/news/mortgage-rates-today-monday-march-2-2026#article,0.902598202228546,positive
US Treasuries slide as Middle East conflict sparks oil price surge – are inflation fears reducing hopes for Fed rate cuts?,2026-03-02,The Times of India,https://economictimes.indiatimes.com/news/international/us/us-treasuries-slide-as-middle-east-conflict-sparks-oil-price-surge-are-inflation-fears-reducing-hopes-for-fed-rate-cuts/articleshow/128950894.cms,-0.8887305855751038,negative
Euro and yen slide as Middle East conflict escalates,2026-03-02,CNA,https://www.channelnewsasia.com/business/euro-and-yen-slide-middle-east-conflict-escalates-5962536,-0.9259999990463256,negative
"Euro, yen slide as Middle East conflict escalates",2026-03-02,CNA,https://www.channelnewsasia.com/business/euro-yen-slide-middle-east-conflict-escalates-5962536,-0.932780921459198,negative
No Fury in Stock Market: U.S. Stocks Mixed as Energy Prices Climb,2026-03-02,Breitbart News,https://www.breitbart.com/economy/2026/03/02/no-fury-in-stock-market-u-s-stocks-mixed-as-energy-prices-climb/,-0.9071381092071532,negative
Why is silver price crashing 7% today while gold price surges $100 — how the US–Iran war and Middle East tensions are influencing gold price and silver price differently?,2026-03-02,The Times of India,https://economictimes.indiatimes.com/news/international/us/why-is-silver-price-crashing-7-today-while-gold-price-surges-100-today-how-the-usiran-war-and-middle-east-tensions-are-influencing-gold-price-and-silver-price-differently/articleshow/128950116.cms,0.0,neutral
March Mortgage Outlook: Lower Rates Ahead,2026-03-02,NerdWallet,https://www.nerdwallet.com/mortgages/news/mortgage-outlook-march-2026#article,0.5932949185371399,positive
"First Mid Bancshares, Inc. Completes Acquisition of Two Rivers Financial Group, Inc.",2026-03-02,GlobeNewswire,https://www.globenewswire.com/news-release/2026/03/02/3247551/0/en/First-Mid-Bancshares-Inc-Completes-Acquisition-of-Two-Rivers-Financial-Group-Inc.html,0.0,neutral
"US Manufacturing Grew, Input Costs Soared Before Iran Attack",2026-03-02,Financial Post,https://financialpost.com/pmn/business-pmn/us-manufacturing-grew-input-costs-soared-before-iran-attack,0.9096466898918152,positive
S&P 500 Slides as Middle East Conflict Drives Oil Surge and Risk Aversion,2026-03-02,Ibtimes.com.au,https://www.ibtimes.com.au/sp-500-slides-middle-east-conflict-drives-oil-surge-risk-aversion-1862529,-0.947151780128479,negative
"Why S&P 500 crashing amid US-Iran war and Middle East chaos? S&P 500 down -0.65% while oil, gold, Bitcoin and safe-haven assets are rallying as markets reprice risk",2026-03-02,The Times of India,https://economictimes.indiatimes.com/news/international/us/why-sp-500-crashing-amid-us-iran-war-and-middle-east-chaos-sp-500-down-0-65-while-oil-gold-bitcoin-and-safe-haven-assets-are-rallying-as-markets-reprice-risk/articleshow/128949749.cms,-0.955847144126892,negative
Nasdaq Composite Tumbles as Geopolitical Tensions in Middle East Spark Risk-Off Selloff,2026-03-02,Ibtimes.com.au,https://www.ibtimes.com.au/nasdaq-composite-tumbles-geopolitical-tensions-middle-east-spark-risk-off-selloff-1862527,-0.9616756439208984,negative
Dow Jones Today: Index Slides Over 500 Points as Middle East Conflict Escalates and Oil Surges,2026-03-02,Ibtimes.com.au,https://www.ibtimes.com.au/dow-jones-today-index-slides-over-500-points-middle-east-conflict-escalates-oil-surges-1862518,-0.9673954248428344,negative
"Macroeconomic Global Report, Q1 2026 Update - Outlook is Slightly More Optimistic Than Q4 2025, Raising the Projected Pace of World Economic Growth in 2026 by 0.11% Points from 2.58% to 2.69%",2026-03-02,GlobeNewswire,https://www.globenewswire.com/news-release/2026/03/02/3247588/28124/en/Macroeconomic-Global-Report-Q1-2026-Update-Outlook-is-Slightly-More-Optimistic-Than-Q4-2025-Raising-the-Projected-Pace-of-World-Economic-Growth-in-2026-by-0-11-Points-from-2-58-to-.html,0.9497090578079224,positive
Why surging oil prices are a shock for the global economy - but not yet a crisis,2026-03-03,The Conversation Africa,https://theconversation.com/why-surging-oil-prices-are-a-shock-for-the-global-economy-but-not-yet-a-crisis-277228,0.0,neutral
Top economist Mohamed El-Erian warns of stagflation gripping the entire world economy the longer the Iran war goes on,2026-03-03,Fortune,https://fortune.com/2026/03/03/el-erian-stagflation-if-iran-conflict-lasts-long-spreads/,-0.9444494843482972,negative
"Yen, euro under pressure as Middle East conflict stokes energy concerns",2026-03-03,The Times of India,https://economictimes.indiatimes.com/markets/forex/yen-euro-under-pressure-as-middle-east-conflict-stokes-energy-concerns/articleshow/128957327.cms,-0.8691815137863159,negative
Morning bid: Hormuz haze hits markets,2026-03-03,Yahoo Entertainment,https://finance.yahoo.com/news/morning-bid-hormuz-haze-hits-113736729.html,0.0,neutral
New York Fed's Williams says tariff burden falls 'overwhelmingly' on U.S. businesses and consumers,2026-03-03,CNBC,https://www.cnbc.com/2026/03/03/new-york-feds-williams-says-tariff-burden-falls-overwhelmingly-on-us-businesses-and-consumers.html,-0.955897331237793,negative
Is a recession coming? Why global stock markets are crashing right now as more than $3.2 trillion in market value evaporates and Brent crude nears $85 a barrel amid the US-Israel-Iran war,2026-03-03,The Times of India,https://economictimes.indiatimes.com/news/international/us/is-a-recession-coming-why-global-stock-markets-are-crashing-right-now-as-more-than-3-2-trillion-in-market-value-evaporates-and-brent-crude-nears-85-a-barrel-amid-the-us-israel-iran-war/articleshow/128977112.cms,-0.9523349404335022,negative
"Bowman, Liquidity Resiliency, Financial Stability, and the Role of the Federal Reserve",2026-03-03,Federalreserve.gov,https://www.federalreserve.gov/newsevents/speech/bowman20260303a.htm,0.0,neutral
Fed rate cut hopes fade as oil surges after US-Israel strikes on Iran,2026-03-03,BusinessLine,https://www.thehindubusinessline.com/money-and-banking/fed-rate-cut-hopes-fade-as-oil-surges-after-us-israel-strikes-on-iran/article70700326.ece,-0.8485295176506042,negative
Donald Trump has made some bold claims on the US economy. But how do they stack up against the data?,2026-03-03,The Conversation Africa,https://theconversation.com/donald-trump-has-made-some-bold-claims-on-the-us-economy-but-how-do-they-stack-up-against-the-data-277296,0.0,neutral
Gold Wavers as Stronger Dollar Offsets Middle East Risk Premium,2026-03-03,Financial Post,https://financialpost.com/pmn/business-pmn/gold-wavers-as-stronger-dollar-offsets-middle-east-risk-premium,0.6103457808494568,positive
US Stocks Today | Wall Street futures slide as Middle East conflict stokes inflation worries,2026-03-03,The Times of India,https://economictimes.indiatimes.com/markets/us-stocks/news/us-stocks-today-wall-street-futures-slide-as-middle-east-conflict-stokes-inflation-worries/articleshow/128969485.cms,-0.9528571963310242,negative
"Gold climbs to $5,380 as investors boost demand for “safe havens”",2026-03-03,Protothema.gr,https://en.protothema.gr/2026/03/03/gold-climbs-to-5380-as-investors-boost-demand-for-safe-havens/,0.8838725686073303,positive
Global Market Today | Asian stocks drop as inflation concerns sink bonds,2026-03-03,The Times of India,https://economictimes.indiatimes.com/markets/us-stocks/news/global-market-today-asian-stocks-drop-as-inflation-concerns-sink-bonds/articleshow/128957305.cms,-0.9689440727233888,negative
Federal Reserve Revenue: Cutsinger’s Solution,2026-03-03,Econlib.org,https://www.econlib.org/econlog/federal-reserve-revenue-cutsingers-solution/,-0.6003441214561462,negative
‘Black Swan’ Risks Stalk Container Carriers in Avoiding Iran War,2026-03-03,Insurance Journal,https://www.insurancejournal.com/news/international/2026/03/03/860259.htm,0.0,neutral
"Dow tumbles 1,100 points as Wall Street fears a prolonged war with Iran | CNN Business",2026-03-03,CNN,https://www.cnn.com/2026/03/03/investing/us-stocks-iran,-0.9451882243156432,negative
US Treasuries Extend Fall as Iran War Fuels Global Bond Rout,2026-03-03,Financial Post,https://financialpost.com/pmn/business-pmn/us-treasuries-extend-fall-as-iran-war-fuels-global-bond-rout,-0.9306208491325378,negative
"US Stock Market | Wall Street ends narrowly mixed, trading volatile after air strikes on Iran",2026-03-03,The Times of India,https://economictimes.indiatimes.com/markets/us-stocks/news/wall-street-ends-narrowly-mixed-trading-volatile-after-air-strikes-on-iran/articleshow/128957311.cms,-0.9445868134498596,negative
Global Bonds Sink as Middle East War Stokes Inflation Risk,2026-03-03,Financial Post,https://financialpost.com/investing/so-much-for-haven-trade-bonds-sink-as-war-stokes-inflation-risk,-0.9413867592811584,negative
The Disappearing American Mortgage,2026-03-03,The Atlantic,https://www.theatlantic.com/ideas/2026/03/mortgage-decline/686178/,0.0,neutral
The Final Debasement: Operation Epic Fury Triggers Economic Collapse as Globalist Wars Destroy Your Savings,2026-03-03,Naturalnews.com,https://www.naturalnews.com/2026-03-03-operation-epic-fury-triggers-economic-collapse.html,-0.5440331101417542,negative
"Why are US stock market index futures down today and S&P 500, Dow Jones and Nasdaq in red? Wall Street futures big crash today, analysts insights and market outlook explained. Here's what should investors do now",2026-03-03,The Times of India,https://economictimes.indiatimes.com/news/international/us/why-are-us-stock-market-index-futures-down-today-and-sp-500-dow-jones-and-nasdaq-in-red-wall-street-futures-big-crash-today-analysts-insights-and-market-outlook-explained-heres-what-should-investors-do-now/articleshow/128967890.cms,0.0,neutral
"Why is gold price going down sharply by 4% and silver by 12%, and will precious metals plunge to great depths or stay afloat to rise again? Analysts insights, market outlook explained. Here's what should investors do now",2026-03-03,The Times of India,https://economictimes.indiatimes.com/news/international/us/why-is-gold-price-going-down-sharply-by-4-and-silver-by-12-and-will-precious-metals-plunge-to-great-depths-or-stay-afloat-to-rise-again-iran-war-strong-dollar-fed-rate-bets-analysts-insights-and-market-outlook-explained-heres-what-should-investors-do-now/articleshow/128972851.cms,0.0,neutral
"The ""Unitary Executive"" Theory's Contribution to the Deformation of the Constitution",2026-03-03,Reason,https://reason.com/volokh/2026/03/03/the-unitary-executive-theorys-contribution-to-the-deformation-of-the-constitution/,0.0,neutral
"US stock market big jolt today: Why are Dow, S&P 500 and Nasdaq crashing? Dow Jones sinks 1,000 points, Nasdaq tumbles 500 amid oil surge and war fears",2026-03-03,The Times of India,https://economictimes.indiatimes.com/news/international/us/us-stock-market-big-jolt-today-why-are-dow-sp-500-and-nasdaq-crashing-dow-jones-sinks-1000-points-nasdaq-tumbles-500-amid-oil-surge-and-war-fears/articleshow/128977900.cms,-0.9080537557601928,negative
"Why is gold price down by 1.4% and silver by 6.5% today, and will precious metals witness rise or continue to drop? Gold, silver, platinum and palladium fall, analysts insights and market outlook explained. Here's what should investors do now",2026-03-03,The Times of India,https://economictimes.indiatimes.com/news/international/us/why-is-gold-price-down-by-1-4-and-silver-by-6-5-today-and-will-precious-metals-witness-rise-or-continue-to-drop-gold-silver-platinum-and-palladium-fall-analysts-insights-and-market-outlook-explained-heres-what-should-investors-do-now/articleshow/128966066.cms,-0.6081885099411011,negative
‘These Guys Can’t Help Themselves’: Cruz Pushes $200 Billion Capital Gains Tax Cut Without OK From Congress,2026-03-03,Common Dreams,https://www.commondreams.org/news/cruz-capital-gains,0.0,neutral
"Dow Jones Futures Plunge Over 700 Points as Middle East Conflict Escalates, Oil Prices Surge",2026-03-03,Ibtimes.com.au,https://www.ibtimes.com.au/dow-jones-futures-plunge-over-700-points-middle-east-conflict-escalates-oil-prices-surge-1862548,-0.9328415989875792,negative
Gold tumbles amid broader market sell-off as dollar rises,2026-03-03,Yahoo Entertainment,https://finance.yahoo.com/news/gold-tumbles-amid-broader-market-sell-off-as-dollar-rises-181434869.html,-0.8752172589302063,negative
"Stock market today: Dow falls by 700 points, S&P 500 and Nasdaq sink as oil surges amid war worries",2026-03-03,Yahoo Entertainment,https://finance.yahoo.com/news/live/stock-market-today-dow-falls-by-700-points-sp-500-and-nasdaq-sink-as-oil-surges-amid-war-worries-150425336.html,-0.9583487510681152,negative
Dollar Set for Biggest Surge in a Year as Inflation Fears Mount,2026-03-03,Financial Post,https://financialpost.com/pmn/business-pmn/dollar-set-for-biggest-surge-in-a-year-as-inflation-fears-mount,0.6602756977081299,positive
"Bitcoin could slide further on liquidity squeeze, but long-term bull case intact: Sygnum CIO",2026-03-03,CoinDesk,https://www.coindesk.com/markets/2026/03/02/bitcoin-could-slide-further-on-liquidity-squeeze-but-long-term-bull-case-intact-sygnum-cio,-0.929506540298462,negative
Why the Canadian dollar is bearing up as surging greenback punches a hole through other G10 currencies,2026-03-03,Financial Post,https://financialpost.com/news/economy/canadian-dollar-bearing-up-against-us-dollar,-0.4947015643119812,negative
"Mortgage Rates Today, Tuesday, March 3: On the Rise",2026-03-03,NerdWallet,https://www.nerdwallet.com/mortgages/news/mortgage-rates-today-tuesday-march-3-2026#article,0.0,neutral
NY Fed Chief Sees Growing Divide Between Low-Income and High-Income Households,2026-03-03,pymnts.com,https://www.pymnts.com/economy/2026/new-york-federal-reserve-chief-sees-growing-divide-between-low-high-income-households/,0.833771288394928,positive
Firms’ Inflation Expectations Return to 2024 Levels,2026-03-03,Newyorkfed.org,https://libertystreeteconomics.newyorkfed.org/2026/03/firms-inflation-expectations-return-to-2024-levels/,0.4815278053283691,positive
3 CD account moves to make this March,2026-03-03,CBS News,https://www.cbsnews.com/news/cd-account-moves-to-make-march-2026/,0.0,neutral
Stocks tumble as energy price jump ignites inflation fears,2026-03-03,CNA,https://www.channelnewsasia.com/business/stocks-tumble-energy-price-jump-ignites-inflation-fears-5965626,-0.9066656827926636,negative
"Why didn't US avert stock market Dow Jones, S&P 500 and Nasdaq crash today like UAE? Analysts insights, market outlook and what should investors do now",2026-03-03,The Times of India,https://economictimes.indiatimes.com/news/international/us/why-didnt-us-avert-stock-market-dow-jones-sp-500-and-nasdaq-crash-today-like-uae-analysts-insights-market-outlook-and-what-should-investors-do-now/articleshow/128986567.cms,0.0,neutral
US stock market complete collapse today: What VIX surge to 27 signals for Dow S&P 500 and Nasdaq amid Iran conflict fears?,2026-03-03,The Times of India,https://economictimes.indiatimes.com/news/international/us/us-stock-market-complete-collapse-today-what-vix-surge-to-27-signals-for-dow-sp-500-and-nasdaq-amid-iran-conflict-fears-what-the-numbers-tell-us-about-us-stock-market-crash-fears/articleshow/128982456.cms,-0.4998544156551361,negative
What is the downside of owning gold?,2026-03-03,CBS News,https://www.cbsnews.com/news/what-is-the-downside-of-owning-gold/,0.0,neutral
3 mortgage rate questions to ask this March,2026-03-03,CBS News,https://www.cbsnews.com/news/mortgage-rate-questions-to-ask-this-march/,0.0,neutral
What’s Driving Rising Business Costs?,2026-03-03,Newyorkfed.org,https://libertystreeteconomics.newyorkfed.org/2026/03/whats-driving-rising-business-costs/,-0.5988121032714844,negative
Stocks fall globally as energy price jump ignites inflation fears,2026-03-03,CNA,https://www.channelnewsasia.com/business/stocks-fall-globally-energy-price-jump-ignites-inflation-fears-5965626,-0.9552657604217528,negative
"Stock market today: Dow, S&P 500, Nasdaq futures fall as Iran reportedly calls for talks to end conflict",2026-03-03,Yahoo Entertainment,https://finance.yahoo.com/news/live/stock-market-today-dow-sp-500-nasdaq-futures-fall-as-iran-reportedly-calls-for-talks-to-end-conflict-234948450.html,-0.9623735547065736,negative
"Fed’s Williams, Kashkari Point to New Uncertainty From Iran War",2026-03-03,Financial Post,https://financialpost.com/pmn/business-pmn/feds-williams-kashkari-point-to-new-uncertainty-from-iran-war,-0.478562593460083,negative
"Dow Jones just had its biggest crash since April 2025: Why is the Dow down more than 1,200 points as gold and silver prices crash too? Here is why markets are collapsing today",2026-03-03,The Times of India,https://economictimes.indiatimes.com/news/international/us/dow-jones-just-had-its-biggest-crash-since-april-2025-why-is-the-dow-down-more-than-1100-points-as-gold-and-silver-prices-crash-too-here-is-why-markets-are-collapsing-today/articleshow/128978413.cms,-0.9142504334449768,negative
Stocks fall as energy price jump ignites inflation fears,2026-03-03,CNA,https://www.channelnewsasia.com/business/stocks-fall-energy-price-jump-ignites-inflation-fears-5965626,-0.917404055595398,negative
"Last year, small US firms faced notable tariff price pressures, Fed report finds",2026-03-03,The Times of India,https://economictimes.indiatimes.com/news/international/global-trends/last-year-small-us-firms-faced-notable-tariff-price-pressures-fed-report-finds/articleshow/128982687.cms,-0.8358290791511536,negative
"US stock market Dow Jones, S&P 500 and Nasdaq crash today biggest losers and gainers: Here's complete list, Analysts insights, market outlook and what should investors do now",2026-03-03,The Times of India,https://economictimes.indiatimes.com/news/international/us/us-stock-market-dow-jones-sp-500-and-nasdaq-crash-today-biggest-losers-and-gainers-heres-complete-list-analysts-insights-market-outlook-and-what-should-investors-do-now/articleshow/128981477.cms,0.0,neutral
"Circle shares boosted by Middle East tensions, rising oil, fading rate cut hopes, says Mizuho",2026-03-03,CoinDesk,https://www.coindesk.com/markets/2026/03/03/circle-shares-boosted-by-middle-east-tensions-rising-oil-fading-rate-cut-hopes-says-mizuho,0.9024277925491332,positive
Nasdaq crashes 500 points today: Why is the Nasdaq sliding more than 2% as tech stocks tumble — Is the US stock market in deep trouble amid the Iran war?,2026-03-03,The Times of India,https://economictimes.indiatimes.com/news/international/us/nasdaq-crashes-500-points-today-why-is-the-nasdaq-sliding-more-than-2-as-tech-stocks-tumble-is-the-us-stock-market-in-deep-trouble-amid-the-iran-war/articleshow/128980071.cms,-0.9612303376197816,negative
Breitbart Business Digest: The Strait of Hormuz Is the Line Between a Scare and a Shock,2026-03-03,Breitbart News,https://www.breitbart.com/economy/2026/03/03/breitbart-business-digest-the-strait-of-hormuz-is-the-line-between-a-scare-and-a-shock/,0.0,neutral
"What are today's mortgage interest rates: March 3, 2026?",2026-03-03,CBS News,https://www.cbsnews.com/news/todays-mortgage-interest-rates-march-3-2026/,0.0,neutral
"Fed's John Williams says rate cuts still possible, does not address Iran war",2026-03-03,The Times of India,https://economictimes.indiatimes.com/news/international/world-news/feds-john-williams-says-rate-cuts-still-possible-does-not-address-iran-war/articleshow/128978865.cms,0.0,neutral
Dow Jones Industrial Average Falls Sharply as Geopolitical Tensions Over Iran War Weigh on Markets,2026-03-04,Ibtimes.com.au,https://www.ibtimes.com.au/dow-jones-industrial-average-falls-sharply-geopolitical-tensions-over-iran-war-weigh-markets-1862620,-0.966686189174652,negative
Forex Markets Volatile as Geopolitical Tensions in Middle East Drive Dollar Strength,2026-03-04,Ibtimes.com.au,https://www.ibtimes.com.au/forex-markets-volatile-geopolitical-tensions-middle-east-drive-dollar-strength-1862625,-0.9099536538124084,negative
"Why US stock market rebounds today despite geopolitical tensions? Dow Jones, S&P 500 and Nasdaq surge as oil and commodity prices move markets",2026-03-04,The Times of India,https://economictimes.indiatimes.com/news/international/us/why-us-stock-market-rebounds-today-despite-geopolitical-tensions-dow-jones-slips-while-sp-500-and-nasdaq-surge-as-oil-and-commodity-prices-move-markets/articleshow/129033708.cms,0.8101603984832764,positive
"Best CD rates today, March 4, 2026 (Earn up to 4% APY)",2026-03-04,Yahoo Entertainment,https://finance.yahoo.com/personal-finance/banking/article/best-cd-rates-today-wednesday-march-4-2026-110020911.html,0.0,neutral
US Stock Market | Warsh's path to rate cuts getting tougher even before his Fed entry,2026-03-04,The Times of India,https://economictimes.indiatimes.com/markets/us-stocks/news/us-stock-market-warshs-path-to-rate-cuts-getting-tougher-even-before-his-fed-entry/articleshow/128999330.cms,0.5962498188018799,positive
Rate cut expectations fade as oil prices rise amid Mideast tensions,2026-03-04,Hurriyet Daily News,https://www.hurriyetdailynews.com/rate-cut-expectations-fade-as-oil-prices-rise-amid-mideast-tensions-219580,-0.7387945652008057,negative
"Why US stock futures suddenly surged today: Dow, S&P 500 and Nasdaq turn green — Is Wall Street returning to its growth path now?",2026-03-04,The Times of India,https://economictimes.indiatimes.com/news/international/us/why-us-stock-futures-suddenly-surged-today-dow-futures-sp-500-and-nasdaq-turn-green-is-wall-street-returning-to-its-growth-path-now/articleshow/129025557.cms,0.0,neutral
Nasdaq Composite Closes Lower Amid Geopolitical Volatility as Iran Conflict Fuels Oil Surge and Market Swings,2026-03-04,Ibtimes.com.au,https://www.ibtimes.com.au/nasdaq-composite-closes-lower-amid-geopolitical-volatility-iran-conflict-fuels-oil-surge-market-1862631,-0.9569469094276428,negative
"Private companies added 63,000 jobs in February, January revised to just 11,000 additions, ADP says",2026-03-04,CNBC,https://www.cnbc.com/2026/03/04/private-companies-added-63000-jobs-in-february-january-revised-to-just-11000-additions-adp-says.html,-0.907580018043518,negative
Dollar Slides Most in a Month After Report on Iran Outreach,2026-03-04,Financial Post,https://financialpost.com/pmn/business-pmn/dollar-slides-most-in-a-month-after-report-on-iran-outreach,-0.9348878264427184,negative
"Global Market Today | Asian stocks extend slide to third day, oil gains",2026-03-04,The Times of India,https://economictimes.indiatimes.com/markets/us-stocks/news/global-market-today-asian-stocks-extend-slide-to-third-day-oil-gains/articleshow/128999523.cms,-0.9331687092781068,negative
New Year’s Resolution #2: Don’t Underwrite Yachts,2026-03-04,Mutualfundobserver.com,https://www.mutualfundobserver.com/2026/03/new-years-resolution-2-dont-underwrite-yachts/,0.0,neutral
"US Stock Market | Fed's Schmid warns inflation still too hot, signals no urgency for Fed easing",2026-03-04,The Times of India,https://economictimes.indiatimes.com/markets/us-stocks/news/us-stock-market-feds-schmid-warns-inflation-still-too-hot-signals-no-urgency-for-fed-easing/articleshow/129007891.cms,-0.7968602180480957,negative
Global Market | Energy shock threat looms over global growth outlook,2026-03-04,The Times of India,https://economictimes.indiatimes.com/markets/us-stocks/news/global-market-energy-shock-threat-looms-over-global-growth-outlook/articleshow/129007769.cms,-0.8724303245544434,negative
US Stock Market | Wall Street indexes end lower as Middle East conflict fans inflation fears,2026-03-04,The Times of India,https://economictimes.indiatimes.com/markets/us-stocks/news/wall-street-indexes-end-lower-as-middle-east-conflict-fans-inflation-fears/articleshow/129000874.cms,-0.9529464840888976,negative
Hope Is Not a Good Strategy,2026-03-04,Mutualfundobserver.com,https://www.mutualfundobserver.com/2026/03/hope-is-not-a-good-strategy/,0.0,neutral
Gold climbs over 1% as widening West Asia war fuels safe‑haven demand,2026-03-04,BusinessLine,https://www.thehindubusinessline.com/markets/commodities/gold-climbs-over-1-as-widening-west-asia-war-fuels-safe%E2%80%90haven-demand/article70702272.ece,0.8296071290969849,positive
"Gold and silver prices jump again today: Why are gold and silver rising as gold price surges 1.4% to $5,195 and silver rebounds 3.3% amid Middle East war?",2026-03-04,The Times of India,https://economictimes.indiatimes.com/news/international/us/gold-and-silver-prices-jump-again-today-why-are-gold-and-silver-rising-as-gold-price-surges-1-4-to-5195-and-silver-rebounds-3-3-amid-middle-east-war/articleshow/129027103.cms,0.460952490568161,positive
"Seoul tanks as Asian stocks tumble, oil extends gains on Iran war",2026-03-04,Hurriyet Daily News,https://www.hurriyetdailynews.com/seoul-tanks-as-asian-stocks-tumble-oil-extends-gains-on-iran-war-219573,-0.8168006539344788,negative
"Dollar reclaims ultimate haven role as war, inflation angst grow",2026-03-04,Bloomberg,https://www.bloomberg.com/news/articles/2026-03-03/dollar-set-for-biggest-surge-in-a-year-as-inflation-fears-mount,-0.6844828724861145,negative
Energy Stocks Rally Just Getting Going if Ukraine Lessons Hold,2026-03-04,Financial Post,https://financialpost.com/pmn/business-pmn/energy-stocks-rally-just-getting-going-if-ukraine-lessons-hold,0.7474583983421326,positive
Middle East conflict poses fresh test to central banks as oil shock fuels inflation,2026-03-04,CNBC,https://www.cnbc.com/2026/03/04/iran-israel-us-war-middle-east-conflict-oil-gas-lng-surge-central-banks-inflation-risk.html,-0.8653554916381836,negative
Why are markets tumbling now? #world,2026-03-04,Alltoc.com,https://alltoc.com/world/why-are-markets-tumbling-now,0.0,neutral
US dollar dips from multimonth highs on Middle East optimism,2026-03-04,CNA,https://www.channelnewsasia.com/business/us-dollar-dips-multimonth-highs-middle-east-optimism-5968636,-0.8830543160438538,negative
How will the Iran conflict affect U.S. gas and markets? #world,2026-03-04,Alltoc.com,https://alltoc.com/world/how-will-the-iran-conflict-affect-u-s-gas-and-markets,0.0,neutral
"Home equity rates slide, pushing HELOCs to multi-year lows",2026-03-04,Yahoo Entertainment,https://finance.yahoo.com/news/home-equity-rates-slide-pushing-205416723.html,-0.9692031145095824,negative
Will the Federal Reserve Cut Interest Rates in 2026?,2026-03-04,Yahoo Entertainment,https://consent.yahoo.com/v2/collectConsent?sessionId=1_cc-session_3cc15e27-8c52-4834-a071-740eeea25491,-0.5034425854682922,negative
White House formally nominates Warsh to be Federal Reserve chair,2026-03-04,Boston Herald,https://www.bostonherald.com/2026/03/04/fed-chair-nomination/,0.0,neutral
Breitbart Business Digest: Wall Street Panickers Lose Again,2026-03-04,Breitbart News,https://www.breitbart.com/economy/2026/03/04/breitbart-business-digest-wall-street-panickers-lose-again/,-0.8482375741004944,negative
White House formally nominates Warsh to be Federal Reserve chair,2026-03-04,The Denver Post,https://www.denverpost.com/2026/03/04/fed-chair-nomination/,0.0,neutral
"Shipping slows to a crawl through Strait of Hormuz, threatening to snarl international trade",2026-03-04,NBC News,https://www.nbcnews.com/business/economy/shipping-slows-crawl-strait-hormuz-threatening-snarl-international-tra-rcna261797,-0.9613822102546692,negative
U.S. Fed warns 'economic uncertainty' weighing on consumers,2026-03-04,Japan Today,https://japantoday.com/category/business/us-fed-warns-%27economic-uncertainty%27-weighing-on-consumers,-0.9313740730285645,negative
"Mortgage Rates Today, Wednesday, March 4: Back Over 6%",2026-03-04,NerdWallet,https://www.nerdwallet.com/mortgages/news/mortgage-rates-today-wednesday-march-4-2026#article,-0.5534276962280273,negative
"Home loans, gas, groceries: How the Iran war could upend Trump’s touted economic gains",2026-03-04,NBC News,https://www.nbcnews.com/business/markets/iran-war-threaten-upend-trump-economic-gains-gas-groceries-rcna261599,0.0,neutral
"Mortgage rates rise on Iran news, still near three-year low",2026-03-04,Yahoo Entertainment,https://finance.yahoo.com/news/mortgage-rates-rise-iran-news-213000467.html,-0.5076534152030945,negative
3 things homebuyers should do before the March Fed meeting,2026-03-04,CBS News,https://www.cbsnews.com/news/things-homebuyers-should-do-before-march-2026-fed-meeting/,0.0,neutral
"When is the March Fed meeting? Timing, rate outlook, and key clues to watch",2026-03-04,The Times of India,https://economictimes.indiatimes.com/news/international/us/when-is-the-march-fed-meeting-timing-rate-outlook-and-key-clues-to-watch/articleshow/129044973.cms,0.0,neutral
"Bitcoin tops $73,000 as investors look for a hedge, crypto stocks surge after Kraken news",2026-03-04,Yahoo Entertainment,https://finance.yahoo.com/news/bitcoin-tops-73000-as-investors-look-for-a-hedge-crypto-stocks-surge-after-kraken-news-175357273.html,0.4363208711147308,positive
US dollar nudges lower on hopes of Middle East de-escalation,2026-03-04,CNA,https://www.channelnewsasia.com/business/us-dollar-nudges-lower-hopes-middle-east-de-escalation-5968636,-0.7968271970748901,negative
Are Rising Employee Health Insurance Costs Dampening Wage Growth?,2026-03-04,Newyorkfed.org,https://libertystreeteconomics.newyorkfed.org/2026/03/are-rising-employee-health-insurance-costs-dampening-wage-growth/,-0.8983401656150818,negative
Experts analyze what the Iran war could mean for U.S. gasoline prices,2026-03-04,PBS,https://www.pbs.org/newshour/economy/experts-analyze-what-the-iran-war-could-mean-for-u-s-gasoline-prices,0.0,neutral
"US, European stocks rise as oil steps back and crypto rallies",2026-03-04,CNA,https://www.channelnewsasia.com/business/us-european-stocks-rise-oil-steps-back-and-crypto-rallies-5968661,0.4386096596717834,positive
White House submits Kevin Warsh nomination as Fed chair to Senate,2026-03-04,The Times of India,https://economictimes.indiatimes.com/news/international/global-trends/white-house-submits-kevin-warsh-nomination-as-fed-chair-to-senate/articleshow/129043653.cms,0.0,neutral
White House submits nomination of Kevin Warsh for Fed chair to Senate,2026-03-04,Crypto Briefing,https://cryptobriefing.com/white-house-submits-kevin-warsh-nomination-fed-chair/,0.0,neutral
"US, European stocks rise as oil takes a pause and crypto rallies",2026-03-04,CNA,https://www.channelnewsasia.com/business/us-european-stocks-rise-oil-takes-pause-and-crypto-rallies-5968661,0.4089037477970123,positive
White House formally nominates Warsh to be Federal Reserve chair,2026-03-04,Abcnews.com,https://abcnews.com/US/wireStory/white-house-formally-nominates-warsh-federal-reserve-chair-130765928,0.0,neutral
"US stock market crashes today: Why Dow Jones, S&P 500, Nasdaq are down today as oil prices surge — Gold and silver prices fall too",2026-03-05,The Times of India,https://economictimes.indiatimes.com/news/international/us/us-stock-market-crashes-today-why-dow-jones-sp-500-nasdaq-are-down-today-as-oil-prices-surge-gold-and-silver-prices-fall-too/articleshow/129097653.cms,-0.9545071721076964,negative
"US Stocks: Fed's Tom Barkin says sticky inflation, better jobs data could shift the risk outlook",2026-03-05,The Times of India,https://economictimes.indiatimes.com/markets/us-stocks/news/us-stocks-feds-tom-barkin-says-sticky-inflation-better-jobs-data-could-shift-the-risk-outlook/articleshow/129098244.cms,0.6078460216522217,positive
Dow Jones Industrial Average Rebounds 238 Points as Investors Look Past Middle East Tensions,2026-03-05,Ibtimes.com.au,https://www.ibtimes.com.au/dow-jones-industrial-average-rebounds-238-points-investors-look-past-middle-east-tensions-1862680,0.0,neutral
"Broadcom earnings, AI's PR problem, Musk takes the stand and more in Morning Squawk",2026-03-05,CNBC,https://www.cnbc.com/2026/03/05/5-things-to-know-before-the-market-opens.html,0.0,neutral
"Bitcoin holds above $72,000 as crypto market pauses after breakout",2026-03-05,CoinDesk,https://www.coindesk.com/markets/2026/03/05/bitcoin-holds-above-usd72-000-as-crypto-market-pauses-after-breakout,0.0,neutral
How is the Iran war affecting US energy and markets? #world,2026-03-05,Alltoc.com,https://alltoc.com/world/how-is-the-iran-war-affecting-us-energy-and-markets,0.0,neutral
US city with the most people in financial distress revealed. Find out if it's yours — and how you can dig out of debt,2026-03-05,Yahoo Entertainment,https://finance.yahoo.com/news/us-city-most-people-financial-143000021.html,0.0,neutral
"Why gold and silver prices crashed even during a turbulent stock market — gold falls to about $5,130 and silver drops near $82; what’s happening with gold, silver, copper and platinum prices today?",2026-03-05,The Times of India,https://economictimes.indiatimes.com/news/international/us/why-gold-and-silver-prices-crashed-even-during-a-turbulent-stock-market-gold-falls-to-about-5130-and-silver-drops-near-82-whats-happening-with-gold-silver-copper-and-platinum-prices-today/articleshow/129094731.cms,-0.6626359224319458,negative
"After tariffs and inflation, small businesses face another problem: higher gas prices",2026-03-05,CNN,https://www.cnn.com/2026/03/05/business/small-business-gas-prices-iran,-0.9181789755821228,negative
Why Iran war oil price shock won't stop Fed pick Kevin Warsh from cutting interest rates,2026-03-05,CNBC,https://www.cnbc.com/2026/03/05/iran-oil-fed-kevin-warsh.html,-0.5744131207466125,negative
"US Stock Market | Fed Chair nominee Kevin Warsh faces political hurdles, economic tests",2026-03-05,The Times of India,https://economictimes.indiatimes.com/markets/us-stocks/news/us-stock-market-fed-chair-nominee-kevin-warsh-faces-political-hurdles-economic-tests/articleshow/129068833.cms,-0.6924424171447754,negative
Treasury Yields Reach Weekly Highs as Inflation Risk Mounts,2026-03-05,Financial Post,https://financialpost.com/pmn/business-pmn/treasury-yields-reach-weekly-highs-as-inflation-risk-mounts,-0.5810408592224121,negative
"Asian shares jump after US stocks rebound, while oil prices resume their climb",2026-03-05,Abcnews.com,https://abcnews.com/Business/wireStory/asian-shares-jump-after-us-stocks-rebound-oil-130774423,0.5082764625549316,positive
Gold rates are rising today. here’s why,2026-03-05,BusinessLine,https://www.thehindubusinessline.com/markets/gold/gold-rates-are-rising-today-heres-why/article70706309.ece,0.0,neutral
"Could the West Lose the Resource Wars? AI, Rare Earths, and Economic Statecraft",2026-03-05,Resilience,https://www.resilience.org/stories/2026-03-05/could-the-west-lose-the-resource-wars-ai-rare-earths-and-economic-statecraft/,0.0,neutral
Gold gains on safe-haven demand as West Asia conflict widens,2026-03-05,BusinessLine,https://www.thehindubusinessline.com/markets/gold/gold-gains-on-safe-haven-demand-as-west-asia-conflict-widens/article70705812.ece,0.7924720048904419,positive
"Why are US stock market index futures down today and Dow Jones, S&P 500 and Nasdaq in red now? Wall Street futures big crash today, analysts insights and market outlook explained. Here's what should investors do now",2026-03-05,The Times of India,https://economictimes.indiatimes.com/news/international/us/why-are-us-stock-market-index-futures-down-today-and-dow-jones-sp-500-and-nasdaq-in-red-now-wall-street-futures-big-crash-today-analysts-insights-and-market-outlook-explained-heres-what-should-investors-do-now/articleshow/129081160.cms,0.0,neutral
"Iran war may hurt India’s growth more than inflation, RBI expected to hold steady",2026-03-05,The Times of India,https://economictimes.indiatimes.com/news/economy/indicators/middle-east-war-israel-iran-conflict-may-hurt-india-growth-more-than-inflation-rbi-expected-to-hold-steady/articleshow/129081939.cms,-0.9487326741218568,negative
Trump’s War with Iran Is Even More of a Disaster than People Realize,2026-03-05,Shtfplan.com,https://www.shtfplan.com/war/trumps-war-with-iran-is-even-more-of-a-disaster-than-people-realize,-0.644913911819458,negative
Trump’s new 401(k) match collides with a harsh reality: More workers are dipping into their retirement cash just to get by,2026-03-05,Fortune,https://fortune.com/2026/03/05/donald-trump-401k-plan-retirement-savings-are-being-looted/,-0.9344977736473083,negative
"Why is gold price rising while silver is falling rapidly, and will the precious metals continue to react unexpectedly to Middle East conflict? Analysts insights and market outlook. Here's what should investors do now",2026-03-05,The Times of India,https://economictimes.indiatimes.com/news/international/us/why-is-gold-price-rising-while-silver-is-falling-rapidly-and-will-the-precious-metals-continue-to-react-unexpectedly-to-middle-east-conflict-analysts-insights-and-market-outlook-heres-what-should-investors-do-now/articleshow/129076924.cms,0.0,neutral
World shares advance as oil prices climb higher and Iran launches new attacks,2026-03-05,Boston Herald,https://www.bostonherald.com/2026/03/05/financial-markets-iran-war/,0.7668148875236511,positive
Costco dethrones Walmart as America’s cheapest grocer,2026-03-05,Naturalnews.com,https://www.naturalnews.com/2026-03-05-costco-walmart-america-cheapest-grocer.html,0.3849640190601349,positive
Trump nominates Kevin Warsh as Fed Chair: A pro-crypto shift?,2026-03-05,Ambcrypto.com,https://ambcrypto.com/donald-trump-nominates-kevin-warsh-as-fed-chair-a-pro-crypto-shift/,0.0,neutral
"Gold gains on safe-haven demand, softer dollar",2026-03-05,The Times of India,https://economictimes.indiatimes.com/markets/commodities/news/gold-gains-on-safe-haven-demand-softer-dollar/articleshow/129061750.cms,0.890989363193512,positive
Currencies take a beat as dollar rally pauses,2026-03-05,The Times of India,https://economictimes.indiatimes.com/markets/forex/currencies-take-a-beat-as-dollar-rally-pauses/articleshow/129061847.cms,0.0,neutral
White House formally nominates Kevin Warsh to be next Federal Reserve chair,2026-03-05,PBS,https://www.pbs.org/newshour/politics/white-house-formally-nominates-kevin-warsh-to-be-next-federal-reserve-chair,0.0,neutral
Dow down 400 points while Nasdaq rises: Why Dow Jones drops over 400 points today while Nasdaq stays in green — S&P 500 also slips as US stock market shows mixed signals,2026-03-05,The Times of India,https://economictimes.indiatimes.com/news/international/us/dow-down-400-points-while-nasdaq-rises-why-dow-jones-drops-over-400-points-today-while-nasdaq-stays-in-green-sp-500-also-slips-as-us-stock-market-shows-mixed-signals/articleshow/129098995.cms,-0.9663151502609252,negative
Gold and silver prices plunge due to strong dollar and fading Fed rate cut expectations,2026-03-05,Naturalnews.com,https://www.naturalnews.com/2026-03-05-gold-silver-prices-plunge-due-to-strong-dollar.html,-0.9536389708518982,negative
"Merkley proposes prediction market ban for government officials after Maduro, Iran bets",2026-03-05,CNBC,https://www.cnbc.com/2026/03/05/prediction-markets-merkley-ban-iran.html,-0.5505086779594421,negative
Iran Vows Intensified Response; Senate Rejects War Powers Measure,2026-03-05,Omny.fm,https://omny.fm/shows/bloomberg-daybreak/trump-lauds-iran-war-effort-senate-rejects-war-powers-measure,-0.5892422199249268,negative
"Nasdaq Composite Climbs 1.29% to 22,807 as Tech Rebound Offsets Geopolitical Jitters",2026-03-05,Ibtimes.com.au,https://www.ibtimes.com.au/nasdaq-composite-climbs-129-22807-tech-rebound-offsets-geopolitical-jitters-1862687,0.9190812706947328,positive
How will the Middle East conflict affect global energy prices? #world,2026-03-05,Alltoc.com,https://alltoc.com/world/how-will-the-middle-east-conflict-affect-global-energy-prices,0.0,neutral
"US and European stocks fall as Iran war drives oil rally, bond selloff",2026-03-05,CNA,https://www.channelnewsasia.com/business/us-and-european-stocks-fall-iran-war-drives-oil-rally-bond-selloff-5974421,-0.9513404369354248,negative
"Dow plunges more than 1,000 points amid concerns about surging oil prices",2026-03-05,CBS News,https://www.cbsnews.com/news/stock-market-down-today-dow-jones-oil-prices-inflation/,-0.9555141925811768,negative
NZD/USD backslides as risk-off pressure builds,2026-03-05,FXStreet,https://www.fxstreet.com/news/nzd-usd-backslides-as-risk-off-pressure-builds-202603052241,-0.9274184107780457,negative
USD/CHF edges higher as SNB intervention rhetoric caps Franc gains,2026-03-05,FXStreet,https://www.fxstreet.com/news/usd-chf-edges-higher-as-snb-intervention-rhetoric-caps-franc-gains-202603051845,0.8490431904792786,positive
GBP/USD drifts lower heading into NFP range,2026-03-05,FXStreet,https://www.fxstreet.com/news/gbp-usd-drifts-lower-heading-into-nfp-range-202603052251,-0.9517216682434082,negative
Where investors can look for stability as the Iran war rattles markets,2026-03-05,CNBC,https://www.cnbc.com/2026/03/05/iran-war-investors-stability.html,0.0,neutral
"Live: Oil spikes 4pc while Australian dollar tumbles 1pc, ASX to fall",2026-03-05,ABC News (AU),https://www.abc.net.au/news/2026-03-06/asx-markets-business-live-news-march06-2026/106422840,-0.905242919921875,negative
"Dow drops 1,000 as oil spikes on Trump’s Middle Eastern regime change adventure",2026-03-05,Fortune,https://fortune.com/2026/03/05/dow-drops-1000-markets-react-oil-spikes-iran-war-middle-east/,-0.9084438681602478,negative
USD/MXN jumps above 17.70 as Middle East war spurs risk-off,2026-03-05,FXStreet,https://www.fxstreet.com/news/usd-mxn-jumps-above-1770-as-middle-east-war-spurs-risk-off-202603052025,0.7447836995124817,positive
Oil prices surge 18.5% after Iran conflict — will the Strait of Hormuz crisis push inflation higher and delay Fed rate cuts? Prep for COVID-era rising gas prices now,2026-03-05,The Times of India,https://economictimes.indiatimes.com/news/international/us/oil-prices-surge-18-5-after-iran-conflict-will-the-strait-of-hormuz-crisis-push-inflation-higher-and-delay-fed-rate-cuts-prep-for-covid-era-rising-gas-prices-now/articleshow/129098901.cms,-0.6644243001937866,negative
"US, European stocks fall as Iran war drives oil rally, bond selloff",2026-03-05,CNA,https://www.channelnewsasia.com/business/us-european-stocks-fall-iran-war-drives-oil-rally-bond-selloff-5974421,-0.9558414816856384,negative
America's Productivity Boom Is Getting Hard To Ignore,2026-03-05,Breitbart News,https://www.breitbart.com/economy/2026/03/05/productivity-boom/,-0.8110580444335938,negative
The February jobs numbers are coming out Friday. Here's what to expect,2026-03-05,CNBC,https://www.cnbc.com/2026/03/05/february-2026-jobs-report-preview.html,0.0,neutral
The false promise of energy independence,2026-03-05,Vox,https://www.vox.com/climate/481736/iran-war-us-israel-oil-energy-independence,0.0,neutral
"Average US long-term mortgage rate ticks up to 6%, ending a three-week slide",2026-03-05,Abcnews.com,https://abcnews.com/Business/wireStory/average-us-long-term-mortgage-rate-ticks-6-130793003,0.8645200729370117,positive
FEDS Note: The Slow Climb: How Tariffs Gradually Raised Retail Prices in 2025,2026-03-05,Federalreserve.gov,https://www.federalreserve.gov/econres/notes/feds-notes/the-slow-climb-how-tariffs-gradually-raised-retail-prices-in-2025-20260305.html,0.0,neutral
AUD/USD slides nearly 1% to test the 0.7000 handle,2026-03-05,FXStreet,https://www.fxstreet.com/news/aud-usd-slides-nearly-1-to-test-the-07000-handle-202603052239,-0.9429131746292114,negative
"The D Brief: Death toll, oil prices rise; Ukraine to send anti-drone help; WH calls industry meeting; Claude at war; And a bit more.",2026-03-05,Defense One,https://www.defenseone.com/threats/2026/03/the-d-brief-march-05-2026/411902/,0.0,neutral
3 mortgage rate mistakes borrowers should avoid this March,2026-03-05,CBS News,https://www.cbsnews.com/news/mortgage-rate-mistakes-borrowers-should-avoid-march-2026/,0.0,neutral
"Gold tumbles below $5,100 on strong US Dollar, Treasury yields",2026-03-05,FXStreet,https://www.fxstreet.com/news/gold-tumbles-below-5-100-on-strong-us-dollar-treasury-yields-202603051809,-0.913259208202362,negative
Oil Prices Surge Amid Escalating Middle East Conflict as WTI Crude Nears $79,2026-03-05,Ibtimes.com.au,https://www.ibtimes.com.au/oil-prices-surge-amid-escalating-middle-east-conflict-wti-crude-nears-79-1862696,0.5166333317756653,positive
Iran war hits housing market as mortgage rates rise to 6%,2026-03-05,CBS News,https://www.cbsnews.com/news/iran-war-mortgage-rates-housing-market-inflation/,-0.8818587064743042,negative
"US stock market today dow jones crash 800 points: Dow, S&P 500 and Nasdaq all in deep red — What’s happening to Wall Street today?",2026-03-05,The Times of India,https://economictimes.indiatimes.com/news/international/us/us-stock-market-today-dow-jones-crash-800-points-dow-sp-500-and-nasdaq-all-in-deep-red-whats-happening-to-wall-street-today/articleshow/129101437.cms,-0.6040204167366028,negative
US Stock Market Pulls Back as Oil Surge Resumes Amid Ongoing Middle East Conflict,2026-03-05,Ibtimes.com.au,https://www.ibtimes.com.au/us-stock-market-pulls-back-oil-surge-resumes-amid-ongoing-middle-east-conflict-1862700,-0.7964845299720764,negative
Trump Moves To Install Pro-Bitcoin Leader At The Federal Reserve,2026-03-05,Bitcoinist,https://bitcoinist.com/trump-moves-to-install-pro-bitcoin-leader-at-the-federal-reserve/,0.0,neutral
"Here's how much interest a $40,000 6-month CD can earn if opened this March",2026-03-05,CBS News,https://www.cbsnews.com/news/how-much-interest-40000-6-month-cd-can-earn-march-2026/,0.0,neutral
How war in the Persian Gulf could spill into the US economy,2026-03-05,The Times of India,https://economictimes.indiatimes.com/news/defence/how-war-in-the-persian-gulf-could-spill-into-the-us-economy/articleshow/129099867.cms,0.0,neutral
"Dow plunges nearly 800 points as inflation fears, Iran war spook Wall Street",2026-03-05,New York Post,https://nypost.com/2026/03/05/business/dow-plunges-nearly-800-points-as-inflation-fears-iran-war-spook-wall-street/,-0.940257489681244,negative
HELOC interest rates just fell again. Here are 3 advantages of opening one now.,2026-03-05,CBS News,https://www.cbsnews.com/news/heloc-interest-rates-fell-again-advantages-of-opening-one-march-2026/,0.0,neutral
"Average US long-term mortgage rate ticks up to 6%, ending a three-week slide",2026-03-05,Boston Herald,https://www.bostonherald.com/2026/03/05/mortgage-rates-march-5/,0.8645200729370117,positive
"Bitcoin Dips Below $72,000 Amid Geopolitical Tensions and Macro Headwinds",2026-03-05,Ibtimes.com.au,https://www.ibtimes.com.au/bitcoin-dips-below-72000-amid-geopolitical-tensions-macro-headwinds-1862707,-0.9616264700889589,negative
"Most of the US economy is already in a recession, and GDP is only being propped up by tech, market vet says",2026-03-05,Business Insider,https://www.businessinsider.com/recession-economy-us-tech-wall-street-strategist-investing-stocks-market-2026-3,-0.9068155884742736,negative
Geopolitical tensions drag crypto lower as Middle East conflict escalates,2026-03-05,Crypto Briefing,https://cryptobriefing.com/geopolitical-tensions-drag-crypto-lower/,-0.9383338689804076,negative
US Dollar Index holds losses near 99.00 despite fading rate cut bets,2026-03-06,FXStreet,https://www.fxstreet.com/news/us-dollar-index-holds-losses-near-9900-despite-fading-rate-cut-bets-202603060428,-0.7345873117446899,negative
Safe-haven franc rises as Iran war drags on; dollar dips after US payrolls drop,2026-03-06,CNA,https://www.channelnewsasia.com/business/safe-haven-franc-rises-iran-war-drags-dollar-dips-after-us-payrolls-drop-5977121,-0.916612446308136,negative
Gold holds steady as traders gauge economic impact of Middle East war,2026-03-06,The Times of India,https://economictimes.indiatimes.com/markets/commodities/news/gold-holds-steady-as-traders-gauge-economic-impact-of-middle-east-war/articleshow/129126147.cms,0.6008886694908142,positive
"Dow Jones Futures Plunge Over 600 Points as Weak Jobs Data, Oil Surge Weigh on Markets",2026-03-06,Ibtimes.com.au,https://www.ibtimes.com.au/dow-jones-futures-plunge-over-600-points-weak-jobs-data-oil-surge-weigh-markets-1862808,-0.9567912817001344,negative
"Gold and silver prices surge today while copper and platinum crash — 5 key reasons behind the sharp move in gold, silver, copper, and platinum markets",2026-03-06,The Times of India,https://economictimes.indiatimes.com/news/international/us/gold-and-silver-prices-surge-today-while-copper-and-platinum-crash-5-key-reasons-behind-the-sharp-move-in-gold-silver-copper-and-platinum-markets/articleshow/129154369.cms,0.0,neutral
Stocks Slide As Gulf Oil Supply Fears Rattle Markets,2026-03-06,HuffPost,https://www.huffpost.com/entry/stocks-slide-gulf-oil-supply-fears-rattle-markets_n_69aae2ade4b03ae2f8861a9d,-0.9456197619438172,negative
Forex Today: US NFP data and Middle East crisis to keep volatility high,2026-03-06,FXStreet,https://www.fxstreet.com/news/forex-today-us-nfp-data-and-middle-east-crisis-to-keep-volatility-high-202603060751,-0.7729377150535583,negative
Asian stocks erase losses and oil declines,2026-03-06,The Irish Times,https://www.irishtimes.com/business/markets/2026/03/06/asian-stocks-erase-losses-and-oil-declines/,-0.9002176523208618,negative
Oil jitters and macro headwinds weigh on crypto markets as fear index hits extreme lows,2026-03-06,Crypto Briefing,https://cryptobriefing.com/oil-jitters-macro-headwinds-crypto-markets/,-0.954735517501831,negative
Japanese Yen inches higher despite BoJ policy uncertainty,2026-03-06,FXStreet,https://www.fxstreet.com/news/japanese-yen-inches-higher-despite-boj-policy-uncertainty-202603060054,0.7872486710548401,positive
"US employers likely added 60,000 jobs last month, subdued but a marked improvement over 2025 hiring",2026-03-06,Boston Herald,https://www.bostonherald.com/2026/03/06/job-market/,0.8953557014465332,positive
Fed’s Waller Doesn’t See Sustained Inflation from Iran War,2026-03-06,Financial Post,https://financialpost.com/pmn/business-pmn/feds-waller-doesnt-see-sustained-inflation-from-iran-war,0.0,neutral
"US jobs report today: nonfarm payrolls fall by 92,000 in February 2026 as unemployment rate rises to 4.4% — what will the Fed do now and will the US stock market fall further?",2026-03-06,The Times of India,https://economictimes.indiatimes.com/news/international/us/us-jobs-report-today-nonfarm-payrolls-fall-by-92000-in-february-2026-as-unemployment-rate-rises-to-4-4-what-will-the-fed-do-now-and-will-the-us-stock-market-fall-further/articleshow/129158484.cms,-0.9528367519378662,negative
USD/CHF remains subdued near 0.7800 as US Dollar steadies on recent gains,2026-03-06,FXStreet,https://www.fxstreet.com/news/usd-chf-remains-subdued-near-07800-as-us-dollar-steadies-on-recent-gains-202603060545,-0.8152531981468201,negative
Fed rate cut outlook: Will the Federal Reserve hold back policy rate cuts following the Taylor Rule as signs of rising inflation fuel the US stock market crash?,2026-03-06,The Times of India,https://economictimes.indiatimes.com/news/international/us/fed-rate-cut-outlook-will-the-federal-reserve-hold-back-policy-rate-cuts-following-the-taylor-rule-as-signs-of-rising-inflation-fuel-the-us-stock-market-crash/articleshow/129155708.cms,-0.840333878993988,negative
"World shares are mixed following Wall Street's losses, as oil continues to climb",2026-03-06,Audacy.com,https://www.audacy.com/kdkaradio/news/business/oil-surges-to-its-highest-price-since-2023-and-stocks-drop-after-a-weak-update-on-the-us-job-market,-0.7579379677772522,negative
"Oil surges to its highest price since 2023, and stocks drop after a weak update on the US job market",2026-03-06,Yahoo Entertainment,https://finance.yahoo.com/news/asia-shares-mixed-following-wall-054143125.html,-0.9561774730682372,negative
"U.S. unexpectedly lost 92,000 jobs in February, unemployment rate rose to 4.4%",2026-03-06,CoinDesk,https://www.coindesk.com/markets/2026/03/06/u-s-lost-92-000-jobs-in-february-unemployment-rate-rose-to-4-2,-0.664935827255249,negative
Dollar set for steepest weekly gain in a year as Iran crisis boosts haven bid,2026-03-06,CNA,https://www.channelnewsasia.com/business/dollar-set-steepest-weekly-gain-in-year-iran-crisis-boosts-haven-bid-5975411,0.7110546231269836,positive
Pre-market action: Here's the trade setup for today's session,2026-03-06,The Times of India,https://economictimes.indiatimes.com/markets/stocks/news/pre-market-action-heres-the-trade-setup-for-todays-session/articleshow/129124622.cms,0.0,neutral
US Stock Market | Wall Street closes down as oil prices spike on Middle East conflict,2026-03-06,The Times of India,https://economictimes.indiatimes.com/markets/us-stocks/news/us-stock-market-wall-street-closes-down-as-oil-prices-spike-on-middle-east-conflict/articleshow/129126220.cms,-0.949152946472168,negative
US Nonfarm Payrolls set to grow at moderate pace in February after stellar January,2026-03-06,FXStreet,https://www.fxstreet.com/news/us-nonfarm-payrolls-set-to-grow-at-moderate-pace-in-february-after-stellar-january-202603060500,0.9331153631210328,positive
"Best money market account rates today, March 6, 2026 (up to 4.01% APY return)",2026-03-06,Yahoo Entertainment,https://finance.yahoo.com/personal-finance/banking/article/best-money-market-account-rates-today-friday-march-6-2026-110011557.html,0.0,neutral
US dollar holds gains after unexpected drop in February payrolls,2026-03-06,CNA,https://www.channelnewsasia.com/business/us-dollar-holds-gains-after-unexpected-drop-in-february-payrolls-5977121,-0.901602029800415,negative
US dollar cuts gains after unexpected drop in February payrolls,2026-03-06,CNA,https://www.channelnewsasia.com/business/us-dollar-cuts-gains-after-unexpected-drop-in-february-payrolls-5977121,-0.9408708810806274,negative
Fed’s Goolsbee: Institutions facing a crisis of trust,2026-03-06,FXStreet,https://www.fxstreet.com/news/feds-goolsbee-institutions-facing-a-crisis-of-trust-202603060046,0.0,neutral
"U.S. Labor Market Lost 92,000 Jobs in February, Unemployment Rose to 4.4 Percent",2026-03-06,Breitbart News,https://www.breitbart.com/economy/2026/03/06/u-s-labor-market-lost-92000-jobs-in-february-unemployment-steady-at-4-3-percent/,-0.953937530517578,negative
Isabel Schnabel: Navigating inflation and employment in an era of supply shocks and AI,2026-03-06,Europa.eu,https://www.ecb.europa.eu/press/key/date/2026/html/ecb.sp260306_1~a4943607d7.en.html,0.0,neutral
New Zealand Dollar gathers strength above 0.5900 ahead of US jobs data,2026-03-06,FXStreet,https://www.fxstreet.com/news/new-zealand-dollar-gathers-strength-above-05900-ahead-of-us-jobs-data-202603060232,0.843609631061554,positive
"Bitcoin sinks below $69,000 as US job market unexpectedly shed 92,000 jobs in February",2026-03-06,Crypto Briefing,https://cryptobriefing.com/us-job-market-slide-impact/,-0.9699330925941468,negative
Gold set for weekly loss as Dollar strength offsets war premium,2026-03-06,Bloomberg,https://www.bloomberg.com/news/articles/2026-03-05/gold-steadies-as-firmer-dollar-offsets-middle-east-risk-premium,-0.8618939518928528,negative
USD: Limited impact from jobs data – Commerzbank,2026-03-06,FXStreet,https://www.fxstreet.com/news/usd-limited-impact-from-jobs-data-commerzbank-202603060630,0.0,neutral
"Shock U.S. Jobs Report Signals Cooling Economy and Potential Market Repricing, Says 1st American Properties CEO Michael Eisenga",2026-03-06,GlobeNewswire,https://www.globenewswire.com/news-release/2026/03/06/3251327/0/en/Shock-U-S-Jobs-Report-Signals-Cooling-Economy-and-Potential-Market-Repricing-Says-1st-American-Properties-CEO-Michael-Eisenga.html,-0.943337619304657,negative
Fed Governor Miran says job losses in February add to the case for more interest rate cuts,2026-03-06,CNBC,https://www.cnbc.com/2026/03/06/fed-governor-miran-says-job-losses-in-february-add-to-the-case-for-more-interest-rate-cuts.html,-0.946982741355896,negative
Dollar set for steepest weekly gain in a year as Iran crisis boosts haven bid,2026-03-06,The Times of India,https://economictimes.indiatimes.com/markets/forex/dollar-set-for-steepest-weekly-gain-in-a-year-as-iran-crisis-boosts-haven-bid/articleshow/129126318.cms,0.7110546231269836,positive
"Bitcoin Prints A 2022-Like Iran War Chart, But It’s Not",2026-03-06,newsBTC,http://www.newsbtc.com/bitcoin-news/bitcoin-2022-like-iran-war-chart/,0.0,neutral
AUD/USD jumps to near 0.7040 ahead of US NFP data,2026-03-06,FXStreet,https://www.fxstreet.com/news/aud-usd-jumps-to-near-07040-ahead-of-us-nfp-data-202603060310,0.4255113005638122,positive
"Asian Stocks Erase Losses, Dollar and Oil Decline: Markets Wrap",2026-03-06,Financial Post,https://financialpost.com/pmn/business-pmn/asian-stocks-erase-losses-dollar-and-oil-decline-markets-wrap,-0.850791335105896,negative
"USD/INR drops at open, outlook remains firm amid higher oil prices, FIIs selling",2026-03-06,FXStreet,https://www.fxstreet.com/news/usd-inr-drops-at-open-outlook-remains-firm-amid-higher-oil-prices-fiis-selling-202603060533,-0.8212779760360718,negative
Canadian Dollar advances despite lower Oil prices,2026-03-06,FXStreet,https://www.fxstreet.com/news/canadian-dollar-advances-despite-lower-oil-prices-202603060137,0.9047707319259644,positive
Calm before the storm? Oil's muted reaction to Iran,2026-03-06,ABC News (AU),https://www.abc.net.au/news/2026-03-06/oil-reaction-trump-attack-on-iran/106424164,0.0,neutral
Gold advances but remains on track for weekly decline,2026-03-06,FXStreet,https://www.fxstreet.com/news/gold-advances-but-remains-on-track-for-weekly-decline-202603060353,0.5988840460777283,positive
EUR/JPY Price Forecast: Gains momentum to near 183.00 as uptrend persists above 100-day EMA,2026-03-06,FXStreet,https://www.fxstreet.com/news/eur-jpy-price-forecast-gains-momentum-to-near-18300-as-uptrend-persists-above-100-day-ema-202603060424,0.9410601258277892,positive
"US employers cut a surprising 92,000 jobs last month as unemployment rate rises to 4.4%",2026-03-06,The Denver Post,https://www.denverpost.com/2026/03/06/job-market/,-0.9729143977165222,negative
Oil shock could send Bitcoin down 45% if price surge forces Fed to delay cuts,2026-03-06,CryptoSlate,https://cryptoslate.com/oil-shock-could-send-bitcoin-down-45-if-price-surge-forces-fed-to-delay-cuts/,-0.961055874824524,negative
"Oil surges to its highest price since 2023, and stocks drop after U.S. jobs report",2026-03-06,NPR,https://www.npr.org/2026/03/06/g-s1-112788/oil-prices-stocks-jobs-report,-0.9480058550834656,negative
"Stocks Post Worst Week in Months as Oil Rises, Jobs Fall",2026-03-06,Newser,https://www.newser.com/story/384964/stocks-post-worst-week-in-months-as-oil-rises-jobs-fall.html,-0.9649586081504822,negative
Alan Greenspan at 100: The ‘quiet God in the machine?’,2026-03-06,Freerepublic.com,https://freerepublic.com/focus/f-chat/4369617/posts,0.0,neutral
"US stocks close down as oil spikes 12%, job market weakens",2026-03-06,The Straits Times,https://www.straitstimes.com/business/companies-markets/us-stocks-close-down-as-oil-spikes-12-job-market-weakens,-0.9675901532173156,negative
Alternative Business Cycle Indictors,2026-03-06,Econbrowser.com,https://econbrowser.com/archives/2026/03/alternative-business-cycle-indictors,0.0,neutral
RBA questions 'specialness' of US dollar in The Big Apple,2026-03-06,ABC News (AU),https://www.abc.net.au/news/2026-03-07/safe-haven-status-of-the-us-dollar-rba/106425848,0.0,neutral
Former CIA Advisor Jim Rickards Releases New Presentation on Trump’s Potential Move Ahead of America’s 250th Anniversary,2026-03-06,GlobeNewswire,https://www.globenewswire.com/news-release/2026/03/06/3251263/0/en/Former-CIA-Advisor-Jim-Rickards-Releases-New-Presentation-on-Trump-s-Potential-Move-Ahead-of-America-s-250th-Anniversary.html,0.0,neutral
Crude oil market prices hike in a cruel surge: Oil markets stunned as prices climb $12 in 9 hours — here’s what sparked it,2026-03-06,The Times of India,https://economictimes.indiatimes.com/news/international/us/crude-oil-market-prices-hike-in-a-cruel-surge-oil-markets-stunned-as-prices-climb-12-in-9-hours-heres-what-sparked-it/articleshow/129170950.cms,0.0,neutral
"US Stock Market Today: Dow Plunges 642 Points as Oil Surges Past $78, Nasdaq Holds Steady Amid Iran Tensions; Gold & Silver Rally, Bitcoin Rebounds Above $72K",2026-03-06,The Sunday Guardian,https://sundayguardianlive.com/business/us-stock-market-today-dow-plunges-642-points-as-oil-surges-past-78-nasdaq-holds-steady-amid-iran-tensions-gold-silver-rally-bitcoin-rebounds-above-72k-174422/,-0.6782345175743103,negative
"Oil prices surge as Mideast war rages, stocks fall on US jobs",2026-03-06,CNA,https://www.channelnewsasia.com/world/oil-prices-surge-mideast-war-rages-stocks-fall-us-jobs-5977921,-0.9300445318222046,negative
War in Middle East brings uncertainty and higher energy costs to already weakening US economy,2026-03-06,The Conversation Africa,https://theconversation.com/war-in-middle-east-brings-uncertainty-and-higher-energy-costs-to-already-weakening-us-economy-277809,-0.9434888958930968,negative
House hunting? Here's what to know as the spring buying season arrives.,2026-03-06,CBS News,https://www.cbsnews.com/news/home-prices-mortgage-rates-housing-market-2026/,0.0,neutral
Jim Cramer's main takeaway from the market this week — and what to watch ahead,2026-03-06,CNBC,https://www.cnbc.com/2026/03/06/jim-cramer-takeaway-market-this-week-and-what-to-watch.html,0.0,neutral
Middle East war shakes sharemarkets as bond yields and oil prices jump,2026-03-06,New Zealand Herald,https://www.nzherald.co.nz/business/companies/energy/middle-east-war-shakes-sharemarkets-as-bond-yields-and-oil-prices-jump/premium/RCLMU3UFKJHJ5BGGCQVAEA7F4Q/,-0.92640221118927,negative
Jobs Miss and Oil Spike Signal Stagflation Risk for U.S. Economy,2026-03-06,FX Empire,https://www.fxempire.com/news/article/jobs-miss-and-oil-spike-signal-stagflation-risk-for-u-s-economy-1583786,-0.9448958039283752,negative
"Odds of Bitcoin price drop to $65K rise as private credit woes, US war rattle markets",2026-03-06,Cointelegraph,https://cointelegraph.com/markets/odds-of-bitcoin-price-drop-to-65k-rise-as-private-credit-woes-us-war-rattle-markets,-0.8452433347702026,negative
Jobs report expected to show hiring slowdown,2026-03-06,Abcnews.com,https://abcnews.com/Business/jobs-report-expected-show-hiring-slowdown/story?id=130786752,-0.9628499746322632,negative
It's not just rising oil prices you'll have to worry about if Iran conflict continues,2026-03-06,TheStreet,https://www.thestreet.com/markets/its-not-just-rising-oil-prices-youll-have-to-worry-about-if-iran-conflict-continues,0.0,neutral
"US economy sheds 92,000 jobs in February in sharp slide",2026-03-06,The Irish Times,https://www.irishtimes.com/business/2026/03/06/us-economy-sheds-92000-jobs-in-february-in-sharp-slide/,-0.96430504322052,negative
Oil jumps as Trump Iran warning and weak jobs data rattle markets,2026-03-06,Crypto Briefing,https://cryptobriefing.com/oil-shock-jobs-data-hit-crypto/,-0.938300609588623,negative
US Stocks Tumble as Dow Drops Nearly 900 Points on Surprise Jobs Decline and Surging Oil Prices,2026-03-06,Ibtimes.com.au,https://www.ibtimes.com.au/us-stocks-tumble-dow-drops-nearly-900-points-surprise-jobs-decline-surging-oil-prices-1862811,-0.9568206071853638,negative
"What are today's mortgage interest rates: March 6, 2026?",2026-03-06,CBS News,https://www.cbsnews.com/news/todays-mortgage-interest-rates-march-6-2026/,0.0,neutral
Why Cardinal Health May Be a Best Buy for the Coming Stagflation,2026-03-06,24/7 Wall St.,https://247wallst.com/investing/2026/03/06/why-cardinal-health-may-be-a-best-buy-for-the-coming-stagflation/,0.0,neutral
CDs vs. money market accounts: What savers should consider this March,2026-03-06,CBS News,https://www.cbsnews.com/news/cds-vs-money-market-accounts-what-savers-should-consider-march-2026/,0.0,neutral
US Stocks: US nonfarm payrolls decline in February; unemployment rate rises to 4.4%,2026-03-06,The Times of India,https://economictimes.indiatimes.com/markets/us-stocks/news/us-stocks-us-nonfarm-payrolls-decline-in-february-unemployment-rate-rises-to-4-4/articleshow/129161175.cms,-0.9726841449737548,negative
Alan Greenspan Turns 100: The Former Fed Chair's Enduring Legacy as Economic Maestro Celebrates Birthday,2026-03-06,Ibtimes.com.au,https://www.ibtimes.com.au/alan-greenspan-turns-100-former-fed-chairs-enduring-legacy-economic-maestro-celebrates-birthday-1862816,0.0,neutral
Analysis: Tough jobs report puts Trump's Iran war plans to the test,2026-03-06,CNBC,https://www.cnbc.com/2026/03/06/jobs-report-trump-iran-israel-war-economy.html,0.0,neutral
"'Dismal' Employment Report Shows Trump Economy Lost 92,000 Jobs in February",2026-03-06,Common Dreams,https://www.commondreams.org/news/jobs-report-february-2026,-0.9746768474578856,negative
Crypto market holds $2T after U.S. jobs unexpectedly fall by 92K,2026-03-06,Ambcrypto.com,https://ambcrypto.com/crypto-market-holds-2t-after-u-s-jobs-unexpectedly-fall-by-92k/,-0.942901372909546,negative
EUR/USD trades sideways around 1.1600 as US NFP takes centre stage,2026-03-06,FXStreet,https://www.fxstreet.com/news/eur-usd-trades-sideways-around-11600-as-us-nfp-takes-centre-stage-202603060730,-0.8845693469047546,negative
Global Stocks: Big bond markets left battered and bruised as Middle East war stokes inflation angst,2026-03-06,The Times of India,https://economictimes.indiatimes.com/markets/us-stocks/news/global-stocks-big-bond-markets-left-battered-and-bruised-as-middle-east-war-stokes-inflation-angst/articleshow/129160889.cms,-0.9574262499809264,negative
"U.S. lost 92,000 jobs last month and unemployment rate rises to 4.4%",2026-03-06,PBS,https://www.pbs.org/newshour/economy/u-s-lost-92000-jobs-last-month-and-unemployment-rate-rises-to-4-4,-0.9456612467765808,negative
San Francisco Fed's Daly says jobs report complicates interest rate call,2026-03-06,CNBC,https://www.cnbc.com/2026/03/06/san-francisco-feds-daly-says-jobs-report-complicates-interest-rate-call.html,-0.9548115730285645,negative
US Stocks: Fed rate cut bets rise after weak jobs data,2026-03-06,The Times of India,https://economictimes.indiatimes.com/markets/us-stocks/news/us-stocks-fed-rate-cut-bets-rise-after-weak-jobs-data/articleshow/129161811.cms,-0.9171872138977052,negative
CBO highlights the good news in Trump’s lost tariff revenue hiking the deficit by $2 trillion: lower inflation and unemployment—and higher GDP,2026-03-06,Fortune,https://fortune.com/2026/03/06/cbo-supreme-court-ruling-tariffs-2-trillion-deficit-inflation-unemployment-gdp/,0.9481757879257202,positive
"US stock market crash: Dow, S&P 500 and Nasdaq down today - Here's biggest gainers and losers amid Dow Jones 550 crash",2026-03-06,The Times of India,https://economictimes.indiatimes.com/news/international/us/us-stock-market-crash-dow-sp-500-and-nasdaq-down-today-heres-biggest-gainers-and-losers-amid-dow-jones-550-crash/articleshow/129166219.cms,-0.9618569016456604,negative
"‘The job market is struggling in the face of so many headwinds’: labor market reels at unexpected 92,000 loss",2026-03-06,Fortune,https://fortune.com/2026/03/06/february-jobs-report-92000-cuts-headwinds-hiring/,-0.9680679440498352,negative
"U.S. lost 92,000 jobs last month as unemployment rate ticked up to 4.4%",2026-03-06,Japan Today,https://japantoday.com/category/business/us-employers-likely-added-60-000-jobs-last-month-subdued-but-a-marked-improvement-over-2025-hiring,-0.969767689704895,negative
The Economy’s Warning Light Is Flashing Yellow,2026-03-06,The Atlantic,https://www.theatlantic.com/economy/2026/03/economy-warning-jobs-report/686273/,0.0,neutral
Will the price of silver hit $200 per ounce this March? Here's what to consider.,2026-03-06,CBS News,https://www.cbsnews.com/news/will-price-of-silver-hit-200-per-ounce-march-2026-what-to-consider/,0.0,neutral
"Middle-income homebuyers have $30,000 more buying power than a year ago, research finds. It's still not enough",2026-03-07,CNBC,https://www.cnbc.com/2026/03/07/median-income-households-buying-power.html,-0.7247803211212158,negative
Charting the Global Economy: Oil Prices Top $90 on Iran War,2026-03-07,Financial Post,https://financialpost.com/pmn/business-pmn/charting-the-global-economy-oil-prices-top-90-on-iran-war,0.0,neutral
Ray Dalio says America is facing a ‘debt death spiral’ — but you can protect your portfolio with these 3 assets,2026-03-07,Yahoo Entertainment,https://finance.yahoo.com/news/ray-dalio-says-america-facing-120500455.html,0.0,neutral
"Why are gold and silver prices rising now, and will precious metals begin their dream run again or continue to be volatile? Gold and silver jump, analysts insights and market outlook explained",2026-03-07,The Times of India,https://economictimes.indiatimes.com/news/international/us/why-are-gold-and-silver-prices-rising-now-and-will-precious-metals-begin-their-dream-run-again-or-continue-to-be-volatile-gold-and-silver-jump-analysts-insights-and-market-outlook-explained-heres-what-should-investors-do-now/articleshow/129212070.cms,0.0,neutral
Why are oil and gas prices rising now? #world,2026-03-07,Alltoc.com,https://alltoc.com/world/why-are-oil-and-gas-prices-rising-now,0.0,neutral
"US fuel prices surge, hurting Trump’s midterm prospects — Experts",2026-03-07,The Punch,https://punchng.com/us-fuel-prices-surge-hurting-trumps-midterm-prospects-experts/,-0.9631088972091676,negative
Oil prices surge as Mideast war rages,2026-03-07,Hurriyet Daily News,https://www.hurriyetdailynews.com/oil-prices-surge-as-mideast-war-rages-219685,-0.8527558445930481,negative
The Hormuz Standoff: Why Bitcoin’s Liquidity Drain Is Defying The Global Energy Shock,2026-03-07,Bitcoinist,https://bitcoinist.com/the-hormuz-standoff-why-bitcoins-liquidity-drain/,-0.8141325116157532,negative
"Bitcoin slips below $68,000 heading into the weekend as dollar posts steepest weekly gain in a year",2026-03-07,CoinDesk,https://www.coindesk.com/markets/2026/03/07/bitcoin-slips-below-usd68-000-heading-into-the-weekend-as-dollar-posts-steepest-weekly-gain-in-a-year,-0.9281503558158876,negative
Iran war threatens Trump's affordability push as rising energy prices complicate Fed rate cuts,2026-03-07,NBC News,https://www.nbcnews.com/news/us-news/iran-war-threatens-trumps-affordability-push-rising-energy-prices-comp-rcna262206,-0.9426146745681764,negative
"One year after Trump’s sovereignty threats, Canadians keep ‘elbows up’",2026-03-07,CNBC,https://www.cnbc.com/2026/03/07/canada-boycott-trump-travel-alcohol-economy.html,0.0,neutral
FO Exclusive: Global Lightning Roundup of February 2026,2026-03-07,Fair Observer,https://www.fairobserver.com/world-news/fo-exclusive-global-lightning-roundup-of-february-2026/,0.0,neutral
"Global Stock Markets End Volatile Week Lower as Geopolitical Tensions, Surging Oil and Weak Jobs Data",2026-03-07,Ibtimes.com.au,https://www.ibtimes.com.au/global-stock-markets-end-volatile-week-lower-geopolitical-tensions-surging-oil-weak-jobs-data-1862945,-0.9652236104011536,negative
"Breitbart Business Digest: Fewer Jobs, Better Workers, and a Barrel of Trouble",2026-03-07,Breitbart News,https://www.breitbart.com/economy/2026/03/06/breitbart-business-digest-fewer-jobs-better-workers-and-a-barrel-of-trouble/,-0.4317775964736938,negative
Iran war is latest threat to a global economy rattled by Trump,2026-03-07,Al Jazeera English,https://www.aljazeera.com/economy/2026/3/7/iran-war-is-latest-threat-to-a-global-economy-rattled-by-trump,-0.8620526194572449,negative
"US stocks close down, post worst week in nearly a year as oil spikes 12%",2026-03-07,The Times of India,https://economictimes.indiatimes.com/markets/us-stocks/news/us-stocks-close-down-post-worst-week-in-nearly-a-year-as-oil-spikes-12/articleshow/129188584.cms,-0.9626750349998474,negative
"Oil Surges To Its Highest Price Since 2023, And Stocks Drop After A Weak Update On The U.S. Job Market",2026-03-07,HuffPost,https://www.huffpost.com/entry/markets-plunge-as-oil-hits-2-year-high-amid-signs-of-slowing-us-economy_n_69aaf1d7e4b0bda876a8f694,-0.9529653191566468,negative
Oppenheimer: The Risk Calculus Has Changed,2026-03-07,Realinvestmentadvice.com,https://realinvestmentadvice.com/resources/blog/oppenheimer-the-risk-calculus-has-changed/,0.0,neutral
How major US stock indexes fared Friday 3/6/2026,2026-03-07,Abcnews.com,https://abcnews.com/Business/wireStory/major-us-stock-indexes-fared-friday-362026-130838000,0.0,neutral
US Economy Could Be In Dire Straits As Hormuz Slams Shut,2026-03-07,The Daily Caller,https://dailycaller.com/2026/03/06/us-economy-energy-oil-gas-hormuz-iran/,-0.9471794962882996,negative
"Why did the U.S. lose 92,000 jobs in February? #world",2026-03-07,Alltoc.com,https://alltoc.com/world/why-did-the-u-s-lose-92000-jobs-in-february,-0.8885061740875244,negative
Stephen Moore: I'd Worry More About Inflation than Cutting Rates Right Now,2026-03-07,Breitbart News,https://www.breitbart.com/clips/2026/03/07/stephen-moore-id-worry-more-about-inflation-than-cutting-rates-right-now/,0.0,neutral
Fed Betrayal? Powell Refuses Wartime Rate Cuts – Tanks Markets to “Get Trump!” (VIDEO),2026-03-07,Thegatewaypundit.com,https://www.thegatewaypundit.com/2026/03/fed-betrayal-powell-refuses-wartime-rate-cuts-tanks/,0.0,neutral
"Will US stock market head for big crash on Monday, and will Dow Jones, S&P 500 and Nasdaq stay in red or finally turn green? US stock market prediction, analysts insights and market outlook explained. Here's what should investors do now",2026-03-07,The Times of India,https://economictimes.indiatimes.com/news/international/us/will-us-stock-market-head-for-big-crash-on-monday-and-will-dow-jones-sp-500-and-nasdaq-stay-in-red-or-finally-turn-green-us-stock-market-prediction-analysts-insights-and-market-outlook-explained-heres-what-should-investors-do-now/articleshow/129210732.cms,0.0,neutral
The Multibillion-dollar shift turning prediction markets into a professional hedging tool,2026-03-07,CoinDesk,https://www.coindesk.com/opinion/2026/03/07/the-multibillion-dollar-shift-turning-prediction-markets-into-a-professional-hedging-tool,0.0,neutral
Bitcoin Market At Uncertain Phase As Stagflation Fears In The US Rises — Details,2026-03-07,Bitcoinist,https://bitcoinist.com/bitcoin-market-uncertain-stagflation-fears-rises/,-0.7602208852767944,negative
"Dow Jones, S&P 500, Nasdaq, KOSPI, Nifty 50: How the indices fared during major wars and why it’s different this time",2026-03-07,BusinessLine,https://www.thehindubusinessline.com/portfolio/personal-finance/dow-jones-sampp-500-nasdaq-kospi-nifty-50-how-the-indices-fared-during-major-wars-and-why-its-different-this-time/article70716521.ece,0.0,neutral
Dow Jones Industrial Average Tumbles Amid Surging Oil Prices and Geopolitical Tensions,2026-03-08,Ibtimes.com.au,https://www.ibtimes.com.au/dow-jones-industrial-average-tumbles-amid-surging-oil-prices-geopolitical-tensions-1862966,-0.967341125011444,negative
Trump’s booming economy faces a bumpy 2026 start,2026-03-08,The Times of India,https://economictimes.indiatimes.com/news/international/global-trends/trumps-booming-economy-faces-a-bumpy-2026-start/articleshow/129268018.cms,-0.8676357865333557,negative
Trump’s ‘roaring’ economy meets a rough start to 2026: What the latest numbers show,2026-03-08,Abcnews.com,https://abcnews.com/Business/wireStory/trumps-roaring-economy-meets-rough-start-2026-latest-130873775,0.0,neutral
Trump’s ‘roaring’ economy meets a rough start to 2026: What the latest numbers show,2026-03-08,WDIV ClickOnDetroit,https://www.clickondetroit.com/news/politics/2026/03/08/trumps-roaring-economy-meets-a-rough-start-to-2026-what-the-latest-numbers-show/,0.0,neutral
How is the Iran war affecting U.S. gas prices? #politics,2026-03-08,Alltoc.com,https://alltoc.com/politics/how-is-the-iran-war-affecting-u-s-gas-prices,0.0,neutral
Bank of England May Be Wary of Looking Past Another Energy Shock,2026-03-08,Financial Post,https://financialpost.com/pmn/business-pmn/bank-of-england-may-be-wary-of-looking-past-another-energy-shock,0.0,neutral
Iran conflict threatens global supply chains as Strait of Hormuz disruptions mount,2026-03-08,Naturalnews.com,https://www.naturalnews.com/2026-03-08-global-supply-chains-threats-strait-of-hormuz-disruptions.html,-0.9325631856918336,negative
S&P 500 January rally: What the January Barometer means for 2026 – Mark Lister,2026-03-08,New Zealand Herald,https://www.nzherald.co.nz/rotorua-daily-post/business/sp-500-january-rally-what-the-january-barometer-means-for-2026/premium/WCTNGIN6XZEXXHVCKSXQUEJMEE/,0.0,neutral
"161,000 US jobs just disappeared after a revision as Bitcoin navigates increasingly messy macro data",2026-03-08,CryptoSlate,https://cryptoslate.com/161000-us-jobs-just-disappeared-after-a-revision-as-bitcoin-navigates-messy-macro-data/,-0.9607717990875244,negative
Bond Traders Await US Inflation Data With Oil Rise in Focus,2026-03-08,Financial Post,https://financialpost.com/pmn/business-pmn/bond-traders-await-us-inflation-data-with-oil-rise-in-focus,0.3508911430835724,positive
Gold Extends Drop as Oil Surge Stokes Fears of Faster Inflation,2026-03-08,Financial Post,https://financialpost.com/pmn/business-pmn/gold-extends-drop-as-oil-surge-stokes-fears-of-faster-inflation,-0.905754566192627,negative
"Trump said the ‘economy is roaring’ but the job market has evaporated, soaring gas prices could boost inflation, and stocks have plunged",2026-03-08,Fortune,https://fortune.com/2026/03/08/trump-economy-job-market-gas-prices-inflation-stock-market-selloff/,-0.6151848435401917,negative
"Here’s Why There Are 500,000 Gold Bars Stored On Manhattan’s Bedrock, And 400,000 Deep Below The Pavements Of London",2026-03-08,Twistedsifter.com,http://twistedsifter.com/2026/03/heres-why-there-are-500000-gold-bars-stored-on-manhattans-bedrock-and-400000-deep-below-the-pavements-of-london/,0.0,neutral
Trump’s ‘roaring’ economy meets a rough start to 2026: What the latest numbers show,2026-03-08,Japan Today,https://japantoday.com/category/business/trump%E2%80%99s-%E2%80%98roaring%E2%80%99-economy-meets-a-rough-start-to-2026-what-the-latest-numbers-show,0.0,neutral
Here's the biggest news you missed this weekend,2026-03-08,NBC News,https://www.nbcnews.com/news/us-news/weekend-rundown-march-8-rcna262186,0.0,neutral
Iran war muddles expectations of likely Federal Reserve interest rate cuts - Financial Times,2026-03-08,Slashdot.org,https://slashdot.org/firehose.pl?op=view&amp;id=180930566,-0.6069221496582031,negative
"Shares slide, oil surges on risk of lengthy Middle East conflict",2026-03-08,CNA,https://www.channelnewsasia.com/business/shares-slide-oil-surges-risk-lengthy-middle-east-conflict-5980341,-0.9202855229377748,negative
"Oil surges, shares skid in Asia as Middle East conflict rages",2026-03-08,CNA,https://www.channelnewsasia.com/business/oil-surges-shares-skid-in-asia-middle-east-conflict-rages-5980341,-0.9642034769058228,negative
Bitcoin traders focus on $61k as oil surges past $115 and weak jobs data rattle markets,2026-03-09,CryptoSlate,https://cryptoslate.com/bitcoin-signals-economic-concerns-amid-oil-prices-rising/,-0.951897919178009,negative
Trump’s Fed Regulators Rewrite the History of the Silicon Valley Bank Collapse,2026-03-09,The American Prospect,http://prospect.org/2026/03/09/trump-federal-reserve-silicon-valley-bank-collapse/,0.0,neutral
Bitcoin at $67K despite oil shock is 'strongest indicator' bottom may be in,2026-03-09,Cointelegraph,https://cointelegraph.com/markets/bitcoin-67k-oil-shock-strongest-indicator-bottom-may-be-in,0.6523146033287048,positive
Iran conflict forces central banks into sharp policy rethink,2026-03-09,CNA,https://www.channelnewsasia.com/business/iran-conflict-forces-central-banks-sharp-policy-rethink-5981031,-0.8175445795059204,negative
Nikkei falls more than 6% as oil soars over $100 a barrel,2026-03-09,Japan Today,https://japantoday.com/category/business/japan%27s-nikkei-225-share-index-falls-more-than-6-as-oil-soars-over-100-a-barrel,-0.9592126607894896,negative
Strategic oil bets may outperform in current geopolitical crisis: Mark Matthews,2026-03-09,The Times of India,https://economictimes.indiatimes.com/markets/expert-view/strategic-oil-bets-may-outperform-in-current-geopolitical-crisis-mark-matthews/articleshow/129320865.cms,0.4586683809757232,positive
"Gold prices drop over 2% as firmer dollar, US rate outlook weigh",2026-03-09,The Times of India,https://economictimes.indiatimes.com/markets/commodities/news/gold-prices-drop-over-2-as-firmer-dollar-us-rate-outlook-weigh/articleshow/129302290.cms,-0.8289515376091003,negative
"Iran war raises risk of US market meltdown, warns Yardeni",2026-03-09,Firstpost,https://www.firstpost.com/business/yardeni-raises-odds-of-market-meltdown-to-35-as-iran-war-risks-rattle-global-investors-13987590.html,-0.8572977781295776,negative
Dollar Gains as Prolonged Iran War Shatters Market Complacency,2026-03-09,Yahoo Entertainment,https://finance.yahoo.com/news/dollar-rises-haven-bid-oil-062202820.html,-0.7066691517829895,negative
"The fresh polls and the four reasons why K.M. (ultimately) will not go to elections now, President Maria is falling and Alexis has returned to…the art of the flip-flop",2026-03-09,Protothema.gr,https://en.protothema.gr/2026/03/09/the-fresh-polls-and-the-four-reasons-why-k-m-ultimately-will-not-go-to-elections-now-president-maria-is-falling-and-alexis-has-returned-tothe-art-of-the-flip-flop/,0.0,neutral
World shares tumble as Iran war pushes crude prices over $110 a barrel,2026-03-09,BusinessLine,https://www.thehindubusinessline.com/markets/world-shares-tumble-as-iran-war-pushes-crude-prices-over-110-a-barrel/article70722064.ece,-0.949089288711548,negative
"Finance job openings at 2012 levels, US lost 92K jobs last month",2026-03-09,Cointelegraph,https://cointelegraph.com/news/us-lost-92k-jobs-last-month-finance-job-openings-2012-levels,-0.971577286720276,negative
Iran conflict forces Asian central banks into sharp policy rethink,2026-03-09,CNA,https://www.channelnewsasia.com/business/iran-conflict-forces-asian-central-banks-sharp-policy-rethink-5981031,-0.7562288045883179,negative
"Oil futures surge 20% past $110 as war fears hammer Asian stocks, bitcoin steady near $67K",2026-03-09,CoinDesk,https://www.coindesk.com/markets/2026/03/09/oil-futures-surge-20-past-usd110-as-war-fears-hammer-asian-stocks-bitcoin-steady-near-usd67k,0.7573710083961487,positive
Treasury yields climb higher as investors monitor Iran war and soaring oil price,2026-03-09,CNBC,https://www.cnbc.com/2026/03/09/us-treasury-yields-investors-monitor-iran-war-and-soaring-oil-price.html,0.6120757460594177,positive
"U.S. inflation, Polkadot upgrade, Solstice-Kamino announcement: Crypto Week Ahead",2026-03-09,CoinDesk,https://www.coindesk.com/markets/2026/03/09/u-s-inflation-polkadot-upgrade-solstice-kamino-announcement-crypto-week-ahead,0.0,neutral
The Recovery Was Finally Within Reach – Rising Fuel Costs May Have Just Pushed It Back Out,2026-03-09,Yahoo Entertainment,https://finance.yahoo.com/news/recovery-finally-within-reach-rising-023703372.html,0.5591586828231812,positive
US heading for a recession following Iran war? Odds spike as conflict expands,2026-03-09,The Times of India,https://economictimes.indiatimes.com/news/international/us/us-heading-for-a-recession-following-iran-war-odds-spike-as-conflict-expands/articleshow/129352193.cms,-0.8582825064659119,negative
"Oil shoots higher, shares skid as Middle East conflict drags on",2026-03-09,CNA,https://www.channelnewsasia.com/world/oil-shoots-higher-shares-skid-middle-east-conflict-drags-5980731,-0.941692054271698,negative
Japan's Nikkei 225 share index falls more than 7% as oil soars to $114 a barrel,2026-03-09,Abcnews.com,https://abcnews.com/US/wireStory/japans-nikkei-225-share-index-falls-7-oil-130887874,-0.9638407826423644,negative
Iran conflict forces Asian central banks into sharp policy rethink,2026-03-09,BusinessLine,https://www.thehindubusinessline.com/money-and-banking/iran-conflict-forces-asian-central-banks-into-sharp-policy-rethink/article70721986.ece,-0.7562288045883179,negative
Asian equities plunge as oil soars 30% on Middle East crisis,2026-03-09,CNA,https://www.channelnewsasia.com/asia/asian-markets-oil-prices-iran-middle-east-war-5980731,-0.9228797554969788,negative
Markets nosedive as surging oil prices threaten to raise living costs,2026-03-09,The Irish Times,https://www.irishtimes.com/business/markets/2026/03/09/markets-nosedive-as-surging-oil-prices-threaten-to-raise-living-costs/,-0.9161761999130248,negative
Fed Says Americans Hold Dim View of Future Job Prospects,2026-03-09,pymnts.com,https://www.pymnts.com/economy/2026/fed-says-americans-hold-dim-view-of-future-job-prospects/,-0.7867633104324341,negative
"Why are US stock market index futures down today and Nasdaq, Dow Jones and S&P 500 in red again? Wall Street futures big crash today, analysts insights and market outlook explained. Here's what should investors do now",2026-03-09,The Times of India,https://economictimes.indiatimes.com/news/international/us/why-are-us-stock-market-index-futures-down-today-and-nasdaq-dow-jones-and-sp-500-in-red-again-wall-street-futures-big-crash-today-analysts-insights-and-market-outlook-explained-heres-what-should-investors-do-now/articleshow/129321660.cms,0.0,neutral
"Once a beacon of cheap homes, Nevada has become a symbol of America’s struggle with high costs",2026-03-09,Boston Herald,https://www.bostonherald.com/2026/03/09/election-2026-housing/,0.0,neutral
Nifty set for 3% gap-down opening as Middle East war rattles investor sentiment. Check GIFT Nifty levels,2026-03-09,The Times of India,https://economictimes.indiatimes.com/markets/stocks/news/nifty-set-for-3-gap-down-opening-as-middle-east-war-rattles-investor-sentiment-check-gift-nifty-levels/articleshow/129305723.cms,0.7902955412864685,positive
Spike in crude oil prices: Rupee opens 49 paise weaker; G-Sec yields rise,2026-03-09,BusinessLine,https://www.thehindubusinessline.com/markets/forex/spike-in-crude-oil-prices-rupee-opens-49-paise-weaker-g-sec-yields-rise/article70721133.ece,-0.7170222401618958,negative
"Global Market Today | Asian shares slide, oil surges on risk of lengthy Middle East conflict",2026-03-09,The Times of India,https://economictimes.indiatimes.com/markets/us-stocks/news/global-market-today-asian-shares-slide-oil-surges-on-risk-of-lengthy-middle-east-conflict/articleshow/129300463.cms,-0.9618554711341858,negative
Nevada has become a symbol of America's struggle with high costs,2026-03-09,Abcnews.com,https://abcnews.com/Business/wireStory/beacon-cheap-homes-nevada-become-symbol-americas-struggle-130893904,0.0,neutral
"Stock Market Crash: Rs 12 lakh crore wiped out! Sensex plunges over 2,400 points, Nifty below 23,800: 7 factors behind today's bloodbath",2026-03-09,The Times of India,https://economictimes.indiatimes.com/markets/stocks/news/rs-12-lakh-crore-wiped-out-sensex-crashes-over-2400-points-nifty-below-23800-factors-behind-market-decline/articleshow/129308266.cms,-0.918953001499176,negative
Japan's Nikkei 225 share index falls more than 7% as oil soars to $114 a barrel,2026-03-09,Abcnews.com,https://abcnews.com/Business/wireStory/japans-nikkei-225-share-index-falls-7-oil-130887883,-0.9638407826423644,negative
US Stock Market | Oil shock and war fears jolt global markets ahead of key US inflation data,2026-03-09,The Times of India,https://economictimes.indiatimes.com/markets/us-stocks/news/us-stock-market-oil-shock-and-war-fears-jolt-global-markets-ahead-of-key-us-inflation-data/articleshow/129310588.cms,-0.8181493282318115,negative
World shares tumble as Iran war pushes crude prices over $110 a barrel,2026-03-09,NPR,https://www.npr.org/2026/03/09/nx-s1-5742307/world-shares-tumble-iran-war,-0.949089288711548,negative
"S’pore stocks, gold extend drop as Middle East crisis deepens",2026-03-09,The Straits Times,https://www.straitstimes.com/business/companies-markets/spore-stocks-gold-extend-drop-as-middle-east-crisis-deepens,-0.9567670226097108,negative
Trump's 'roaring' economy meets a rough start to 2026: What the latest numbers show,2026-03-09,The Times of India,https://economictimes.indiatimes.com/news/international/global-trends/trumps-roaring-economy-meets-a-rough-start-to-2026-what-the-latest-numbers-show/articleshow/129300699.cms,0.0,neutral
Why did oil hit $100 per barrel? #world,2026-03-09,Alltoc.com,https://alltoc.com/world/why-did-oil-hit-100-per-barrel,0.0,neutral
Trump's 'roaring' economy meets rough start to 2026: What the latest numbers show,2026-03-09,BusinessLine,https://www.thehindubusinessline.com/news/world/trumps-roaring-economy-meets-rough-start-to-2026-what-the-latest-numbers-show/article70721282.ece,0.0,neutral
"Why are gold and silver prices down today, and will precious metals continue to fall or touch dream levels again? Gold and silver fall, analysts insights and market outlook explained. Here's what should investors do now",2026-03-09,The Times of India,https://economictimes.indiatimes.com/news/international/us/why-are-gold-and-silver-prices-down-today-and-will-precious-metals-continue-to-fall-or-touch-dream-levels-again-gold-and-silver-fall-analysts-insights-and-market-outlook-explained-heres-what-should-investors-do-now/articleshow/129320286.cms,0.0,neutral
"From Tokyo to Sydney, bonds plunge as oil breaches $115",2026-03-09,The Times of India,https://economictimes.indiatimes.com/markets/bonds/from-tokyo-to-sydney-bonds-plunge-as-oil-breaches-115/articleshow/129316349.cms,-0.9635801315307616,negative
"Oil shock sends markets into a tailspin; Nifty tanks 422 points, Rupee hits record low",2026-03-09,BusinessLine,https://www.thehindubusinessline.com/markets/oil-shock-sends-markets-into-a-tailspin-nifty-tanks-422-points-rupee-hits-record-low/article70722334.ece,-0.8836267590522766,negative
Dollar whipsawed on hopes of an end to the Iran war,2026-03-09,CNA,https://www.channelnewsasia.com/business/dollar-whipsawed-hopes-end-iran-war-5980366,-0.6141539812088013,negative
Fears of 1970s-style stagflation arise with oil spike to $100. How big a threat is it?,2026-03-09,CNBC,https://www.cnbc.com/2026/03/09/fears-of-1970s-style-stagflation-arise-with-oil-spike-to-100-how-big-a-threat-is-it.html,0.0,neutral
"How much interest can a $10,000 CD account earn over the next 2 years?",2026-03-09,CBS News,https://www.cbsnews.com/news/how-much-interest-can-10000-cd-account-earn-over-the-next-2-years/,0.0,neutral
US is less prone to oil price shocks than in past decades,2026-03-09,The Conversation Africa,https://theconversation.com/us-is-less-prone-to-oil-price-shocks-than-in-past-decades-277709,0.0,neutral
"Wall St slips as crude price surge fuels inflation fears, tech bounces back",2026-03-09,The Times of India,https://economictimes.indiatimes.com/news/international/business/wall-st-slips-as-crude-price-surge-fuels-inflation-fears-tech-bounces-back/articleshow/129352202.cms,-0.7588734030723572,negative
"Oil price today: Markets shaken as oil hits $100 — stocks tumble, bonds fall: key signals for investors",2026-03-09,Economictimes.com,https://m.economictimes.com/news/international/us/oil-price-today-march-09-news-markets-shaken-as-oil-hits-100-stocks-tumble-bonds-fall-key-signals-for-investors/articleshow/129331539.cms,-0.8791010975837708,negative
Dollar gains as US-Israeli war on Iran sends oil prices soaring,2026-03-09,CNA,https://www.channelnewsasia.com/business/dollar-gains-us-israeli-war-iran-sends-oil-prices-soaring-5980366,-0.6687994003295898,negative
"Why is gold price falling by 1.5% and silver by 0.2% today, and will precious metals continue to drop or finally move upwards? Gold and silver decline, analysts insights and market outlook explained. Here's what should investors do now",2026-03-09,The Times of India,https://economictimes.indiatimes.com/news/international/us/why-is-gold-price-falling-by-1-5-and-silver-by-0-2-today-and-will-precious-metals-continue-to-drop-or-finally-move-upwards-gold-and-silver-decline-analysts-insights-and-market-outlook-explained-heres-what-should-investors-do-now/articleshow/129352052.cms,-0.4920904636383056,negative
JP Morgan forecasts 10% plunge in S&P 500 over Iran war,2026-03-09,New York Post,https://nypost.com/2026/03/09/business/jp-morgan-forecasts-10-plunge-in-sampp-500-over-iran-war/,-0.6594156622886658,negative
When Will Bitcoin Bottom? Fidelity Macro Chief Says This Is The Metric To Watch,2026-03-09,Yahoo Entertainment,https://finance.yahoo.com/news/bitcoin-bottom-fidelity-macro-chief-174540450.html,0.0,neutral
Flagship Communities Real Estate Investment Trust Announces Fourth Quarter and Full Year 2025 Results,2026-03-09,GlobeNewswire,https://www.globenewswire.com/news-release/2026/03/09/3252341/0/en/Flagship-Communities-Real-Estate-Investment-Trust-Announces-Fourth-Quarter-and-Full-Year-2025-Results.html,0.0,neutral
Flagship Communities Real Estate Investment Trust Announces Fourth Quarter and Full Year 2025 Results,2026-03-09,Financial Post,https://financialpost.com/globe-newswire/flagship-communities-real-estate-investment-trust-announces-fourth-quarter-and-full-year-2025-results,0.0,neutral
"Once beacon of cheap homes, Nevada now symbol of America's struggle with high costs...",2026-03-09,Associated Press,https://apnews.com/article/housing-affordability-midterms-las-vegas-158a9003fe9e1a6586468237bebe3345,0.0,neutral
The Chokepoint Economy: What Happens When Everything Breaks at Once,2026-03-09,OilPrice.com,https://oilprice.com/Energy/Energy-General/The-Chokepoint-Economy-What-Happens-When-Everything-Breaks-at-Once.html,0.0,neutral
Here's how far HELOC rates have fallen in the last 18 months (and what to do now),2026-03-09,CBS News,https://www.cbsnews.com/news/how-far-heloc-rates-fallen-in-last-18-months-march-2025/,-0.8132133483886719,negative
How the war in Iran and trader positioning could be behind the surge in Circle's stock,2026-03-09,CoinDesk,https://www.coindesk.com/markets/2026/03/09/how-the-war-in-iran-and-trader-positioning-could-be-behind-the-surge-in-circle-s-stock,0.0,neutral
Dollar higher as US-Israeli war on Iran sends oil prices soaring,2026-03-09,CNA,https://www.channelnewsasia.com/business/dollar-higher-us-israeli-war-iran-sends-oil-prices-soaring-5980366,0.5375766754150391,positive
US Stock Market | Fed’s rate path blurs as oil surge meets labour market cracks,2026-03-09,The Times of India,https://economictimes.indiatimes.com/markets/us-stocks/news/us-stock-market-feds-rate-path-blurs-as-oil-surge-meets-labour-market-cracks/articleshow/129309572.cms,-0.8366619944572449,negative
Oil price tops $100 a barrel as Iran war rattles commodity markets,2026-03-09,Yahoo Entertainment,https://uk.finance.yahoo.com/news/oil-prices-trump-iran-israel-gold-pound-dollar-093225057.html,-0.7692679166793823,negative
"Stock market today: Dow, S&P 500, Nasdaq futures falter, oil slides as Wall Street weighs Iran war signals",2026-03-09,Yahoo Entertainment,https://finance.yahoo.com/news/live/stock-market-today-dow-sp-500-nasdaq-futures-falter-oil-slides-as-wall-street-weighs-iran-war-signals-224255455.html,-0.9504395723342896,negative
"Why are US stock market indexes down today, and Dow Jones, Nasdaq and S&P 500 in red now? Wall Street crash, biggest gainers and losers, analysts insights, market outlook",2026-03-09,The Times of India,https://economictimes.indiatimes.com/news/international/us/why-are-us-stock-market-indexes-down-today-and-dow-jones-nasdaq-and-sp-500-in-red-now-wall-street-crash-biggest-gainers-and-losers-analysts-insights-market-outlook-what-should-investors-do-now/articleshow/129355120.cms,-0.8813544511795044,negative
A research firm details why surging oil prices won't lead to a US inflation nightmare,2026-03-09,Business Insider,https://www.businessinsider.com/oil-prices-100-iran-war-stock-market-inflation-cpi-economy-2026-3,0.0,neutral
Analysis:Surging oil drives worries for US stock investors,2026-03-09,CNA,https://www.channelnewsasia.com/business/analysissurging-oil-drives-worries-us-stock-investors-5982546,0.5040952563285828,positive
New Bitcoin indicator reveals we just avoided a major drop — but one level could decide the next breakout,2026-03-09,CryptoSlate,https://cryptoslate.com/new-bitcoin-indicator-reveals-we-just-avoided-a-major-drop-but-one-level-could-decide-the-next-breakout/,-0.7566962838172913,negative
US Stock Futures Drop as Oil Spike Boosts Inflation Fears,2026-03-09,Financial Post,https://financialpost.com/pmn/business-pmn/us-stock-futures-drop-as-oil-spike-boosts-inflation-fears,-0.9276929497718812,negative
RON PAUL: Will the Dollar be a Casualty of the Iran War?,2026-03-09,Freerepublic.com,https://freerepublic.com/focus/f-chat/4369965/posts,0.0,neutral
"Why is US stock market crashing again today? Dow, S&P 500 and Nasdaq in deep red as oil and silver surge while gold prices crash",2026-03-09,The Times of India,https://economictimes.indiatimes.com/news/international/us/why-is-us-stock-market-crashing-again-today-dow-sp-500-and-nasdaq-in-deep-red-as-oil-and-silver-surge-while-gold-prices-crash/articleshow/129340503.cms,-0.8181942701339722,negative
Social Security Retirees Are on Track for 2 Key COLA Updates In March,2026-03-09,24/7 Wall St.,https://247wallst.com/investing/2026/03/09/social-security-retirees-are-on-track-for-2-key-cola-updates-in-march/,0.0,neutral
"Here's where gold prices could head this spring, according to experts",2026-03-09,CBS News,https://www.cbsnews.com/news/where-gold-prices-could-head-spring-2026-according-to-experts/,0.0,neutral
What Debt Looks Like Across Income Levels,2026-03-09,Yahoo Entertainment,https://finance.yahoo.com/news/debt-looks-across-income-levels-132855240.html,0.0,neutral
Bitcoin could be the big winner if the U.S.-Iran conflict drags on for months,2026-03-09,CoinDesk,https://www.coindesk.com/markets/2026/03/09/bitcoin-could-be-the-big-winner-if-the-u-s-iran-conflict-drags-on-for-months,0.0,neutral
Breitbart Business Digest: We're All Trumpians Now,2026-03-09,Breitbart News,https://www.breitbart.com/economy/2026/03/09/breitbart-business-digest-were-all-trumpians-now/,0.0,neutral
"Why is gold price crashing today while silver price rising? Gold drops below $5,100 while silver rebounds above $84 after bouncing from key $80 support level",2026-03-09,Economictimes.com,https://m.economictimes.com/news/international/us/why-is-gold-price-crashing-today-while-silver-price-rising-gold-drops-below-5100-while-silver-rebounds-above-84-after-bouncing-from-key-80-support-level/articleshow/129341964.cms,0.4934737682342529,positive
Surging oil price spurs worries of eventual stagflation during Iran war,2026-03-09,CFO Dive,https://www.cfodive.com/news/surging-oil-price-spurs-worries-stagflation-lengthy-iran-war-Fed-Federal-Reserve/814236/,-0.8530937433242798,negative
Stocks Trim Losses After Oil Price Spike,2026-03-09,Breitbart News,https://www.breitbart.com/economy/2026/03/09/stocks-trim-losses-after-oil-price-spike/,-0.7956142425537109,negative
"What are today's mortgage interest rates: March 9, 2026?",2026-03-09,CBS News,https://www.cbsnews.com/news/todays-mortgage-interest-rates-march-9-2026/,0.0,neutral
"Citadel Securities Sees Markets Mispricing Fed, ECB Rate Paths",2026-03-09,Financial Post,https://financialpost.com/pmn/business-pmn/citadel-securities-sees-markets-mispricing-fed-ecb-rate-paths,-0.7039933800697327,negative
"Finance Guru: Geopolitical conflicts typically trigger 4% S&P declines that recover within a month, but this time is different",2026-03-09,24/7 Wall St.,https://247wallst.com/investing/2026/03/09/finance-guru-geopolitical-conflicts-typically-trigger-4-sp-declines-that-recover-within-a-month-but-this-time-is-different/,-0.8431617617607117,negative
"Trump's 'roaring economy' meets a rough start to 2026 with job losses, rising gas prices and uncertainty",2026-03-09,PBS,https://www.pbs.org/newshour/politics/trumps-roaring-economy-meets-a-rough-start-to-2026-with-job-losses-rising-gas-prices-and-uncertainty,-0.9627574682235718,negative
The Zombie Regulator,2026-03-09,The New Yorker,https://www.newyorker.com/magazine/2026/03/16/the-zombie-regulator,0.0,neutral
"The Real Threat Is Artificial Credit, Not Artificial Intelligence",2026-03-10,Shtfplan.com,https://www.shtfplan.com/headline-news/the-real-threat-is-artificial-credit-not-artificial-intelligence,0.0,neutral
CRE Distress Rate Falls Slightly to 11.6% in February,2026-03-10,Commercial Observer,http://commercialobserver.com/2026/03/cre-distress-rate-february/,-0.9610016345977784,negative
Iran War Delivers Another Shock To The Global Economy,2026-03-10,HuffPost,https://www.huffpost.com/entry/iran-war-shocks-global-economy_n_69afee92e4b0a62acae57e12,-0.7734448909759521,negative
"Why is US stock market Dow Jones futures suddenly rising today? Dow, S&P 500 and Nasdaq turn green as oil prices fall while gold and silver surge",2026-03-10,The Times of India,https://economictimes.indiatimes.com/news/international/us/why-is-us-stock-market-dow-jones-futures-suddenly-rising-today-dow-sp-500-and-nasdaq-turn-green-as-oil-prices-fall-while-gold-and-silver-surge/articleshow/129394049.cms,0.0,neutral
"The long-drawn-out war scenario and fears for tourism, the polls and the third term, the (shadow) theater in PASOK,the Ellinikon Files",2026-03-10,Protothema.gr,https://en.protothema.gr/2026/03/10/the-long-drawn-out-war-scenario-and-fears-for-tourism-the-polls-and-the-third-term-the-shadow-theater-in-pasokthe-ellinikon-files/,0.0,neutral
US Stocks Today | US stocks futures rise on hopes for early end to Middle East conflict,2026-03-10,The Times of India,https://economictimes.indiatimes.com/markets/us-stocks/us-stocks-today-us-stocks-futures-rise-on-hopes-for-early-end-to-middle-east-conflict/articleshow/129393967.cms,0.8735333681106567,positive
US Stock Market | Fed chief reaches out to lawmakers after DOJ probe revelation,2026-03-10,The Times of India,https://economictimes.indiatimes.com/markets/us-stocks/news/us-stock-market-fed-chief-reaches-out-to-lawmakers-after-doj-probe-revelation/articleshow/129374406.cms,0.0,neutral
"What are today's mortgage interest rates: March 10, 2026?",2026-03-10,CBS News,https://www.cbsnews.com/news/todays-mortgage-interest-rates-march-10-2026/,0.0,neutral
"As Iran war disrupts oil prices, consumers could be 'hammered,' economist says",2026-03-10,CNBC,https://www.cnbc.com/2026/03/10/iran-war-spikes-oil-prices-consumers.html,-0.945683479309082,negative
US Stock Market | Wall Street ends higher as hopes of Iran war resolution offset inflation fears,2026-03-10,The Times of India,https://economictimes.indiatimes.com/markets/us-stocks/news/us-stock-market-wall-street-ends-higher-as-hopes-of-iran-war-resolution-offset-inflation-fears/articleshow/129364814.cms,0.7102881669998169,positive
War with Iran delivers another shock to the global economy,2026-03-10,Abcnews.com,https://abcnews.com/Business/wireStory/war-iran-delivers-shock-global-economy-130923939,-0.8641288876533508,negative
Global Leaders Race to Shield Their Economies From War Shocks,2026-03-10,Financial Post,https://financialpost.com/pmn/business-pmn/global-leaders-race-to-shield-their-economies-from-war-shocks,0.0,neutral
Why Younger Americans Are More Optimistic About the Economy,2026-03-10,pymnts.com,https://www.pymnts.com/economy/2026/why-younger-americans-are-more-optimistic-about-the-economy/,0.0,neutral
Banks Are Becoming Bulwarks Against Scams for Vulnerable Seniors,2026-03-10,Kffhealthnews.org,https://kffhealthnews.org/news/article/banks-protect-seniors-financial-scams-dementia-cognitive-decline-new-old-age/,0.0,neutral
"Transcript: Ed Perks, Franklin Income Investors CIO / Franklin Advisers President",2026-03-10,Ritholtz.com,https://ritholtz.com/2026/03/transcript-ed-perks/,0.0,neutral
Gold Rises After Trump Signals Iran Conflict May Be Nearing End,2026-03-10,Financial Post,https://financialpost.com/pmn/business-pmn/gold-rises-after-trump-signals-iran-conflict-may-be-nearing-end,-0.441013753414154,negative
Will the Dollar Be a Casualty of the Iran War?,2026-03-10,Antiwar.com,https://original.antiwar.com/paul/2026/03/09/will-the-dollar-be-a-casualty-of-the-iran-war/,0.0,neutral
"Markets Are Misreading Fed’s Response to Oil Surge, BofA Says",2026-03-10,Financial Post,https://financialpost.com/pmn/business-pmn/markets-are-misreading-feds-response-to-oil-surge-bofa-says,-0.9148086905479432,negative
Gold price today surges over 1.5% while silver jumps nearly 5% — Why gold and silver prices are rallying after Donald Trump signaled a possible end to the Middle East war,2026-03-10,The Times of India,https://economictimes.indiatimes.com/news/international/us/gold-price-today-surges-over-1-5-while-silver-jumps-nearly-5-why-gold-and-silver-prices-are-rallying-after-donald-trump-signaled-a-possible-end-to-the-middle-east-war-and-will-gold-price-cross-5200-soon/articleshow/129395650.cms,0.9133138656616212,positive
War with Iran doing colleratal damage to global economy,2026-03-10,Hurriyet Daily News,https://www.hurriyetdailynews.com/war-with-iran-doing-colleratal-damage-to-global-economy-219789,-0.8348332047462463,negative
India VIX eases 15% after doubling in one month. Can Trump’s Iran war remarks trigger a Nifty bounce back?,2026-03-10,The Times of India,https://economictimes.indiatimes.com/markets/stocks/news/india-vix-eases-15-after-doubling-in-one-month-can-trumps-iran-war-remarks-trigger-a-nifty-bounce-back/articleshow/129375976.cms,0.8511042594909668,positive
"Iran War To End 'Soon' Says Trump, Oil Prices Tumble As Stocks Gain",2026-03-10,Omny.fm,https://omny.fm/shows/bloomberg-daybreak/iran-war-to-end-soon-says-trump-oil-prices-tumble-as-stocks-gain,-0.8498795032501221,negative
War with Iran delivers another shock to the global economy,2026-03-10,Boston Herald,https://www.bostonherald.com/2026/03/10/iran-war-global-economy/,-0.8641288876533508,negative
Global Leaders Race to Shield Their Economies From War Shocks,2026-03-10,Insurance Journal,https://www.insurancejournal.com/news/international/2026/03/10/861247.htm,0.0,neutral
"Another War, Another Excuse for Profiteering",2026-03-10,Washington Monthly,http://washingtonmonthly.com/2026/03/10/another-war-another-excuse-for-profiteering/,0.0,neutral
DOJ prosecutors face pressure to bring charges against ex-CIA chief after failing to prosecute other Trump foes | CNN Politics,2026-03-10,CNN,https://www.cnn.com/2026/03/10/politics/brennan-trump-political-foe-prosecution,-0.658122181892395,negative
Trump’s economy was already exploding the national debt before his $1 billion-a-day war in Iran. Analysts warn about what comes next,2026-03-10,Fortune,https://fortune.com/2026/03/10/national-debt-trump-impact-war-iran/,-0.7605372071266174,negative
"Iran has Trump by the Hormuz, and it’s squeezing. TACO again?",2026-03-10,The Times of India,https://economictimes.indiatimes.com/news/defence/iran-has-trump-by-the-hormuz-and-its-squeezing-taco-again/articleshow/129403995.cms,0.0,neutral
Thom Tillis refuses to budge on blocking Fed chair pick Kevin Warsh confirmation,2026-03-10,CNBC,https://www.cnbc.com/2026/03/10/fed-kevin-warsh-thom-tillis-trump.html,-0.883970320224762,negative
Head in the sand? Why our markets keep pushing higher,2026-03-10,ABC News (AU),https://www.abc.net.au/news/2026-03-11/why-financial-markets-have-thrown-logic-to-the-wind/106438760,0.0,neutral
"Iran war: Economic impacts, talking to kids about the news",2026-03-10,KPBS,https://www.kpbs.org/podcasts/kpbs-midday-edition/iran-war-economic-impacts-talking-to-kids-about-the-news,0.0,neutral
"Stock market today: Dow, S&P 500, Nasdaq futures waver amid continued Iran fallout, with CPI on deck",2026-03-10,Yahoo Entertainment,https://finance.yahoo.com/news/live/stock-market-today-dow-sp-500-nasdaq-futures-waver-amid-continued-iran-fallout-with-cpi-on-deck-231325631.html,-0.955933153629303,negative
Diesel prices are rising even faster than gas – the surprising ways it could hit your wallet,2026-03-10,New York Post,https://nypost.com/2026/03/10/business/diesel-prices-are-rising-even-faster-than-gas-the-surprising-ways-it-could-hit-your-wallet/,0.0,neutral
Trump says the Iran conflict is “very complete” — oil plunges and Bitcoin snaps back above $70k,2026-03-10,CryptoSlate,https://cryptoslate.com/trump-says-the-iran-conflict-is-very-complete-oil-plunges-and-bitcoin-snaps-back-above-70k/,-0.6209861636161804,negative
Higher Oil Prices Could Put the Fed in a Bind as Unemployment Rises (Colby Smith/New York Times),2026-03-10,Memeorandum.com,https://www.memeorandum.com/260310/p92,-0.813008725643158,negative
Kevin Warsh faces an economic 'perfect storm' as he waits to take over as Fed chair,2026-03-10,CNBC,https://www.cnbc.com/2026/03/10/kevin-warsh-faces-economic-perfect-storm-as-he-waits-to-take-over-as-fed-chair.html,0.0,neutral
Credit card interest rates and the Fed March meeting: What borrowers need to know now,2026-03-10,CBS News,https://www.cbsnews.com/news/credit-card-rates-fed-march-2026-meeting-what-borrowers-need-to-know/,0.0,neutral
War with Iran delivers high oil prices and another shock to the global economy,2026-03-10,PBS,https://www.pbs.org/newshour/world/war-with-iran-delivers-high-oil-prices-and-another-shock-to-the-global-economy,-0.9266055226325988,negative
How Labor Market Power Shapes the Impact of Monetary Policy,2026-03-10,Upenn.edu,https://knowledge.wharton.upenn.edu/articles/how-labor-market-power-shapes-the-impact-of-monetary-policy/,0.0,neutral
March could bring 2 important COLA updates for Social Security retirees - what it means for benefits,2026-03-10,The Times of India,https://economictimes.indiatimes.com/news/international/us/march-could-bring-2-important-cola-updates-for-social-security-retirees-what-it-means-for-benefits/articleshow/129396858.cms,0.0,neutral
"Something’s different about America since the early 2000s and it has to do with drill, baby, drill",2026-03-10,Fortune,https://fortune.com/2026/03/10/something-different-america-oil-iran-war/,0.0,neutral
"Why is gold price rising by 1.9% and silver by 2.7%, and will gold touch $5,500 and silver reach $100 soon? Precious metals rise, analysts insights and market outlook explained. Here's what should investors do now",2026-03-10,The Times of India,https://economictimes.indiatimes.com/news/international/us/why-is-gold-price-rising-by-1-9-and-silver-by-2-7-and-will-gold-touch-5500-and-silver-reach-100-soon-precious-metals-rise-analysts-insights-and-market-outlook-explained-heres-what-should-investors-do-now/articleshow/129412228.cms,0.0,neutral
Small business optimism dips below forecast as sales expectations slump,2026-03-10,CFO Dive,https://www.cfodive.com/news/small-business-optimism-dips-below-forecast-sales-expectations-slump-inflation-tariffs-Fed/814368/,-0.9688405394554138,negative
Will mortgage rates fall after the March Fed meeting?,2026-03-10,CBS News,https://www.cbsnews.com/news/will-mortgage-rates-fall-after-march-2026-fed-meeting/,-0.5860408544540405,negative
"Why is the US stock market surging today? Dow Jones, S&P 500 and Nasdaq turn green while oil prices fall as Oracle earnings come in line",2026-03-10,The Times of India,https://economictimes.indiatimes.com/news/international/us/why-is-us-stock-market-dow-jones-sp-500-and-nasdaq-all-surging-today-dow-sp-500-and-nasdaq-turn-green-today-while-oil-turns-red-as-oracle-earnings-come-in-line/articleshow/129402726.cms,-0.5509482622146606,negative
Why is silver price cruising today? Silver jumps nearly 7% to $90 — will the silver price rally touch $100 next?,2026-03-10,The Times of India,https://economictimes.indiatimes.com/news/international/us/silver-price-today-why-is-silver-price-cruising-today-silver-jumps-nearly-7-to-90-will-the-silver-price-rally-touch-100-next/articleshow/129406240.cms,0.0,neutral
How Labor Market Power Shapes the Impact of Monetary Policy,2026-03-10,Upenn.edu,https://knowledge.wharton.upenn.edu/article/how-labor-market-power-shapes-the-impact-of-monetary-policy/,0.0,neutral
How Trump created a ‘nightmare scenario’ for the world economy,2026-03-10,Fortune,https://fortune.com/2026/03/10/global-economy-iran-war-nightmare-scenario/,0.0,neutral
"Inflation, consumer costs likely to spike in coming months",2026-03-11,Boston Herald,https://www.bostonherald.com/2026/03/11/inflation-consumer-costs/,-0.6545971035957336,negative
Inflation held firm last month — but the war with Iran could change that | CNN Business,2026-03-11,CNN,https://www.cnn.com/2026/03/11/economy/us-inflation-cpi-consumer-prices-february,0.0,neutral
"U.S. February inflation data matches forecasts, reinforcing expectations for no near-term rate cuts",2026-03-11,CoinDesk,https://www.coindesk.com/markets/2026/03/11/u-s-february-inflation-data-matches-forecasts-reinforcing-expectations-for-no-near-term-rate-cuts,0.874804675579071,positive
"Bitcoin reverses overnight losses, rising to above $70,000 as oil renews decline",2026-03-11,CoinDesk,https://www.coindesk.com/markets/2026/03/11/bitcoin-reverses-overnight-losses-rising-to-above-usd70-000-as-oil-renews-decline,0.931893825531006,positive
What Happens to Dividend Income When the Next Recession Hits,2026-03-11,24/7 Wall St.,https://247wallst.com/investing/2026/03/11/what-happens-to-dividend-income-when-the-next-recession-hits/,0.0,neutral
"US Futures Muted as Iran War Continues, Investors Await CPI Data",2026-03-11,Financial Post,https://financialpost.com/pmn/business-pmn/us-futures-muted-as-iran-war-continues-investors-await-cpi-data,-0.8086113929748535,negative
Markets gain slightly on Wednesday as Germany plans major release of oil reserves,2026-03-11,CBC News,https://www.cbc.ca/news/business/markets-trading-oil-wednesday-germany-9.7123658,0.7733674645423889,positive
"US inflation rises 0.3% in February, on expected lines amid rising oil prices",2026-03-11,The Times of India,https://economictimes.indiatimes.com/markets/us-stocks/news/us-inflation-rises-0-3-in-february-on-expected-lines-amid-rising-oil-prices/articleshow/129464612.cms,0.8376705646514893,positive
"Oil's wild ride, Oracle earnings, Kevin Warsh's 'perfect storm' and more in Morning Squawk",2026-03-11,CNBC,https://www.cnbc.com/2026/03/11/5-things-to-know-before-the-market-opens.html,0.0,neutral
World shares are mixed as investors watch for release of oil reserves,2026-03-11,Boston Herald,https://www.bostonherald.com/2026/03/11/oil-prices-financial-markets/,-0.9256076216697692,negative
Next week could spice things up for bitcoin as seven central banks face an inflation test,2026-03-11,CoinDesk,https://www.coindesk.com/markets/2026/03/11/next-week-could-spice-things-up-for-bitcoin-as-seven-central-banks-face-an-inflation-test,0.8593939542770386,positive
Gold Rises After Report of Oil-Stockpile Release to Ease Shock,2026-03-11,Financial Post,https://financialpost.com/pmn/business-pmn/gold-rises-after-report-of-oil-stockpile-release-to-ease-shock,0.5224748849868774,positive
Speaker Mike Johnson Sketches 'Course Correction' in DHS Deportation Policy,2026-03-11,Breitbart News,https://www.breitbart.com/economy/2026/03/10/speaker-johnson-sketches-course-correction-dhs-deportation-policy/,0.0,neutral
Levy’s Most Probable Scenario: Fed On Hold Till War Ends; Oil Price Unwind Could Favor Warsh,2026-03-11,Substack.com,https://kathleenhays.substack.com/p/levys-most-probable-scenario-fed,-0.6111757755279541,negative
Oil Shock From Iran Conflict Complicates Fed's Rate Cut Plans,2026-03-11,Investopedia,https://www.investopedia.com/oil-shock-from-iran-conflict-complicates-fed-s-rate-cut-plans-11924361,-0.8801926374435425,negative
European bank chief vows to control inflation during Mideast war,2026-03-11,Hurriyet Daily News,https://www.hurriyetdailynews.com/european-bank-chief-vows-to-control-inflation-during-mideast-war-219824,0.0,neutral
The Strait of Hormuz Isn’t Open Until Iran Says It’s Open,2026-03-11,Naturalnews.com,https://www.naturalnews.com/2026-03-11-strait-of-hormuz-closed-until-iran-says-open.html,0.0,neutral
Inflation Stayed Steady Ahead Of Iran War,2026-03-11,Investopedia,https://www.investopedia.com/inflation-stayed-steady-ahead-of-iran-war-11923563,0.5844001770019531,positive
Markets tread water as investors brace for inflation data,2026-03-11,Crypto Briefing,https://cryptobriefing.com/markets-tread-water-inflation-data/,-0.4590363800525665,negative
Inflation held steady last month before attack on Iran sent oil prices higher,2026-03-11,Associated Press,https://apnews.com/article/inflation-gas-oil-trump-7303e4593d62c2dee899489571cb0548,-0.6966670155525208,negative
Global Market | Higher fuel bills and market volatility to test resilience of US and global economy,2026-03-11,The Times of India,https://economictimes.indiatimes.com/markets/us-stocks/news/global-market-higher-fuel-bills-and-market-volatility-to-test-resilience-of-us-and-global-economy/articleshow/129439751.cms,0.7381648421287537,positive
Petrodollar Apocalypse: How the greenback’s death spiral will trigger WWIII,2026-03-11,Naturalnews.com,https://www.naturalnews.com/2026-03-11-petrodollar-apocalypse-greenback-death-spiral-trigger-wwiii.html,0.0,neutral
"Trump may claim the war is ‘complete,’ but Wall Street expects the Fed to stay hawkish long after the conflict has ended",2026-03-11,Fortune,https://fortune.com/2026/03/11/trump-iran-war-wall-street-hawks-base-rate-fed/,0.0,neutral
Why gold and silver prices are down today: Gold slips $44 while silver falls $2.80 — What is crushing precious metals despite global turmoil?,2026-03-11,The Times of India,https://economictimes.indiatimes.com/news/international/us/why-gold-and-silver-prices-are-down-today-gold-slips-44-while-silver-falls-2-80-what-is-crushing-precious-metals-despite-global-turmoil/articleshow/129461883.cms,-0.9360918402671814,negative
"US Stocks Today | Wall Street futures edge up as investors eye crude prices, inflation report",2026-03-11,The Times of India,https://economictimes.indiatimes.com/markets/us-stocks/news/us-stocks-today-wall-street-futures-edge-up-as-investors-eye-crude-prices-inflation-report/articleshow/129459735.cms,-0.4713619947433471,negative
Most U.S. stocks fall as oil prices get back to rising,2026-03-11,PBS,https://www.pbs.org/newshour/world/most-u-s-stocks-fall-as-oil-prices-get-back-to-rising,-0.9639188647270204,negative
"What’s happening with Dow Jones today? Why is Dow down 500 points today - Dow, S&P 500 and Nasdaq fall in deep red",2026-03-11,The Times of India,https://economictimes.indiatimes.com/news/international/us/dow-jones-today-whats-happening-with-dow-jones-today-why-is-dow-down-500-points-today-dow-sp-500-and-nasdaq-fall-in-deep-red/articleshow/129471802.cms,-0.9579547047615052,negative
What could happen with mortgage interest rates this spring? Experts weigh in,2026-03-11,CBS News,https://www.cbsnews.com/news/what-could-happen-with-mortgage-interest-rates-spring-2026-experts/,0.0,neutral
Inflation held steady last month before attack on Iran sent energy costs soaring,2026-03-11,PBS,https://www.pbs.org/newshour/economy/inflation-held-steady-last-month-before-attack-on-iran-sent-energy-costs-soaring,-0.917918860912323,negative
Is Iran one ‘risky gamble’ too many for the Trump economy?,2026-03-11,The Week Magazine,https://theweek.com/business/economy/iran-trump-economy-oil-prices-stagflation,-0.5087034106254578,negative
War Rations,2026-03-11,Reason,https://reason.com/2026/03/11/war-rations/,0.0,neutral
"CPI Report Update: U.S. Inflation Remains Steady at 2.4% in February 2026 CPI Report, Core Rate Holds at 2.5%",2026-03-11,Ibtimes.com.au,https://www.ibtimes.com.au/cpi-report-update-us-inflation-remains-steady-24-february-2026-cpi-report-core-rate-holds-1863093,0.0,neutral
Ahead of Market: 10 things that will decide stock market action on Thursday,2026-03-11,The Times of India,https://economictimes.indiatimes.com/markets/stocks/news/ahead-of-market-10-things-that-will-decide-stock-market-action-on-thursday/articleshow/129470101.cms,0.0,neutral
"Dow sinks 400 points, oil heads to $90 as Iran war fears grip Wall Street",2026-03-11,New York Post,https://nypost.com/2026/03/11/business/dow-sinks-500-points-oil-heads-to-90-as-iran-war-fears-grip-wall-street/,-0.8709186911582947,negative
Market Crash Warning? Wall Street Veteran Says Mid-March Could Mark a Turning Point,2026-03-11,MarketBeat,https://www.marketbeat.com/stock-ideas/market-crash-warning-wall-street-veteran-says-mid-march-could-mark-a-turning-point/?utm_source=yahoofinance&amp;utm_medium=yahoofinance,0.0,neutral
Inflation likely to spike in coming months after tame February reading,2026-03-11,Abcnews.com,https://abcnews.com/Business/wireStory/inflation-spike-coming-months-after-tame-february-reading-130956788,0.9090086221694946,positive
"Dollar rises, as investors remain on edge about Middle East risks",2026-03-11,CNA,https://www.channelnewsasia.com/business/dollar-rises-investors-remain-edge-about-middle-east-risks-5985496,0.433957576751709,positive
Trump's war on Iran creates an economic storm for consumers and the Fed,2026-03-11,NBC News,https://www.nbcnews.com/business/economy/trump-war-iran-consumers-federal-reserve-rcna262936,-0.8635746836662292,negative
Inflation held steady in February — though Iran war could reheat prices,2026-03-11,New York Post,https://nypost.com/2026/03/11/business/inflation-held-steady-in-february-though-iran-war-could-reheat-prices/,-0.5234390497207642,negative
US Core Inflation Slowed as Expected Before War With Iran,2026-03-11,Financial Post,https://financialpost.com/pmn/business-pmn/us-core-inflation-slowed-as-expected-before-war-with-iran,-0.549858570098877,negative
US consumer inflation unchanged at 2.4% in February,2026-03-11,RTE,https://www.rte.ie/news/business/2026/0311/1562874-us-inflation-figures/,-0.7234525680541992,negative
March 18 could be crucial for Social Security retirees watching COLA changes - here's the reason,2026-03-11,The Times of India,https://economictimes.indiatimes.com/news/international/us/march-18-could-be-crucial-for-social-security-retirees-watching-cola-changes-heres-the-reason/articleshow/129459013.cms,0.0,neutral
"What are today's mortgage interest rates: March 11, 2026?",2026-03-11,CBS News,https://www.cbsnews.com/news/todays-mortgage-interest-rates-march-11-2026/,0.0,neutral
Tim Scott hopes Fed Chair Powell investigation ‘going away’ to clear Kevin Warsh confirmation,2026-03-11,CNBC,https://www.cnbc.com/2026/03/11/fed-powell-warsh-tim-scott.html,-0.6292712092399597,negative
"US stock market Dow Jones, S&P 500, Nasdaq crash: Why Dow, S&P 500 and Nasdaq are down today? Nvidia, Nebius and Oracle stocks move",2026-03-11,The Times of India,https://economictimes.indiatimes.com/news/international/us/us-stock-market-dow-jones-sp-500-nasdaq-crash-why-dow-sp-500-and-nasdaq-are-down-today-nvidia-nebius-and-oracle-stocks-move/articleshow/129469129.cms,-0.9063804149627686,negative
US inflation holds steady at 2.4% in February,2026-03-11,The Irish Times,https://www.irishtimes.com/business/2026/03/11/us-inflation-holds-steady-at-24-in-february/,0.4619613885879516,positive
CPI report today: US inflation holds at 2.4% – here's why rising oil prices could soon hit your wallets,2026-03-11,The Times of India,https://economictimes.indiatimes.com/news/international/us/cpi-report-today-us-inflation-holds-at-2-4-heres-why-rising-oil-prices-could-soon-hit-your-wallets/articleshow/129465297.cms,-0.7119535207748413,negative
US consumer inflation unchanged but price shocks from Iran war loom,2026-03-11,New Zealand Herald,https://www.nzherald.co.nz/business/us-consumer-inflation-unchanged-but-price-shocks-from-iran-war-loom/2KXIXKQ2FBG6NNWLEOZLL77ZXY/,-0.573726236820221,negative
US stocks today: Dow Jones drops 500 points as oil prices surge despite IEA move to release reserves,2026-03-11,The Times of India,https://economictimes.indiatimes.com/markets/us-stocks/news/us-stocks-today-dow-jones-drops-500-points-as-oil-prices-surge-despite-iea-move-to-release-reserves/articleshow/129470704.cms,-0.961746633052826,negative
"US Stock Market | S&P 500, Dow end lower as escalating Iran war sours risk appetite",2026-03-12,The Times of India,https://economictimes.indiatimes.com/markets/us-stocks/news/us-stock-market-sp-500-dow-end-lower-as-escalating-iran-war-sours-risk-appetite/articleshow/129487714.cms,-0.9409536123275756,negative
Nouriel Roubini: Kevin Warsh’s ideas may not survive contact with reality once he takes charge of the Fed,2026-03-12,Livemint,https://www.livemint.com/opinion/online-views/nouriel-roubini-kevin-warsh-federal-reserve-inflation-monetary-policy-neutral-rate-economy-11773230337162.html,0.0,neutral
US dollar hovers near 2026 highs as oil's rise spurs hawkish central bank bets,2026-03-12,The Times of India,https://economictimes.indiatimes.com/markets/forex/us-dollar-hovers-near-2026-highs-as-oils-rise-spurs-hawkish-central-bank-bets/articleshow/129488447.cms,0.477061003446579,positive
Global bonds erase 2026 gains as Iran war fuels inflation angst,2026-03-12,Financial Post,https://financialpost.com/investing/global-bonds-erase-2026-gains-war-inflation,-0.88470059633255,negative
"Shares skid, oil surges again as Iran attacks Gulf shipping",2026-03-12,CNA,https://www.channelnewsasia.com/business/shares-skid-oil-surges-again-iran-attacks-gulf-shipping-5988031,-0.95734441280365,negative
Oil Prices Jump As Iran Attacks On Shipping Worsen Supply Concerns,2026-03-12,HuffPost,https://www.huffpost.com/entry/oil-prices-financial-markets-iran-war_n_69b28486e4b02b8822cb7995,-0.9173775911331176,negative
"US Stock Market | Inflation stays cool, oil heats up: US markets brace for fallout from Iran tensions",2026-03-12,The Times of India,https://economictimes.indiatimes.com/markets/us-stocks/news/us-stock-market-inflation-stays-cool-oil-heats-up-us-markets-brace-for-fallout-from-iran-tensions/articleshow/129491091.cms,-0.5123660564422607,negative
Bitcoin Recovers Above $70K as Tanker Attacks Push Oil Back Over $100,2026-03-12,Decrypt,https://decrypt.co/360845/bitcoin-recovers-above-70k-as-tanker-attacks-push-oil-back-over-100,0.7637114524841309,positive
"Gold falls on firmer dollar, dimming US rate cut hopes",2026-03-12,BusinessLine,https://www.thehindubusinessline.com/markets/gold/gold-falls-on-firmer-dollar-dimming-us-rate-cut-hopes/article70733996.ece,-0.5107219219207764,negative
Yen Nears Year’s Low as Strategists See Higher Intervention Bar,2026-03-12,Financial Post,https://financialpost.com/pmn/business-pmn/yen-nears-years-low-as-strategists-see-higher-intervention-bar,-0.8089132905006409,negative
The Iran war is pushing up European energy prices. Here's why a Ukraine-style inflation shock could still be avoided,2026-03-12,CNBC,https://www.cnbc.com/2026/03/12/iran-gas-oil-price-bills-europe-energy-ukraine-war-russia-shock-rise-inflation-interest-rates-crisis.html,0.0,neutral
Australia Set to Fully Reverse Last Year’s Rate Cuts on Iran War,2026-03-12,Financial Post,https://financialpost.com/pmn/business-pmn/australia-set-to-fully-reverse-last-years-rate-cuts-on-iran-war,0.7846469283103943,positive
"Why US stock market Dow Jones futures crash today: Dow, S&P 500 and Nasdaq futures turn deep red - Oil surge hits airlines, travel stocks and tech shares",2026-03-12,The Times of India,https://economictimes.indiatimes.com/news/international/us/why-us-stock-market-dow-jones-futures-crash-today-dow-sp-500-and-nasdaq-futures-turn-deep-red-oil-surge-hits-airlines-travel-stocks-and-tech-shares/articleshow/129505181.cms,-0.9160802364349364,negative
"Bitcoin consolidates near $70,000 as macro uncertainty offsets institutional demand",2026-03-12,The Times of India,https://economictimes.indiatimes.com/markets/cryptocurrency/bitcoin-consolidates-near-70000-as-macro-uncertainty-offsets-institutional-demand/articleshow/129494088.cms,0.6631788611412048,positive
"Once A Beacon of Cheap Homes, Nevada Is A Symbol of The Struggle With High Costs",2026-03-12,Insurance Journal,https://www.insurancejournal.com/news/west/2026/03/12/861337.htm,0.0,neutral
US Stock Futures Drop With Oil Near $100 as Iran War Escalates,2026-03-12,Financial Post,https://financialpost.com/pmn/business-pmn/us-stock-futures-drop-with-oil-near-100-as-iran-war-escalates,-0.94240403175354,negative
Gold Steadies as Traders Weigh Energy Prices and Rate-Cut Bets,2026-03-12,Financial Post,https://financialpost.com/pmn/business-pmn/gold-steadies-as-traders-weigh-energy-prices-and-rate-cut-bets,-0.6350854635238647,negative
Goldman Sachs pushes back Fed rate cut forecast amid Mideast conflict,2026-03-12,The Times of India,https://economictimes.indiatimes.com/markets/us-stocks/news/goldman-sachs-pushes-back-fed-rate-cut-forecast-amid-mideast-conflict/articleshow/129492392.cms,-0.6855707168579102,negative
Global Bonds Erase 2026 Gains as War Fuels Inflation Angst,2026-03-12,Financial Post,https://financialpost.com/pmn/business-pmn/global-bonds-erase-2026-gains-as-war-fuels-inflation-angst,-0.8976337313652039,negative
"Shares skid, oil blasts past $100 after Iran strikes Gulf shipping",2026-03-12,The Irish Times,https://www.irishtimes.com/business/markets/2026/03/12/shares-skid-oil-blasts-past-100-after-iran-strikes-gulf-shipping/,-0.9538735151290894,negative
Trump promises cheaper gas from a refinery that hasn’t broken ground as rising oil threatens Bitcoin,2026-03-12,CryptoSlate,https://cryptoslate.com/trump-promises-cheaper-gas-from-a-refinery-that-hasnt-broken-ground-as-rising-oil-threatens-bitcoin/,0.9023435711860656,positive
"Stock Market Highlights: Sensex plunges 1.08% to 76,034, Nifty50 drops 0.95% to 23,639: Autos, FMCG lead losses",2026-03-12,BusinessLine,https://www.thehindubusinessline.com/markets/share-market-nifty-sensex-highlights-12th-march-2026/article70730790.ece,-0.956856608390808,negative
"Bitcoin Crosses $70K And FOMO Is Back, But Fear Still Grips The Market",2026-03-12,Bitcoinist,https://bitcoinist.com/bitcoin-crosses-70k-and-fomo-is-back-but-fear-still-grips-the-market/,-0.8328673243522644,negative
Dollar Options Most Bullish Since 2022 as War Keeps Oil Elevated,2026-03-12,Financial Post,https://financialpost.com/pmn/business-pmn/dollar-options-most-bullish-since-2022-as-war-keeps-oil-elevated,-0.599169909954071,negative
Trump’s War with Iran Is Even More of a Disaster than People Realize,2026-03-12,Activistpost.com,https://www.activistpost.com/trumps-war-with-iran-is-even-more-of-a-disaster-than-people-realize/,-0.644913911819458,negative
Stocks Sink as Oil Jumps to $100 Per Barrel,2026-03-12,Newser,https://www.newser.com/story/385328/stocks-sink-as-oil-jumps-to-100-per-barrel.html,-0.9400540590286256,negative
Mortgage rates rise to highest level in over a month,2026-03-12,Fox Business,https://www.foxbusiness.com/economy/mortgage-rates-march-12-2026,0.9108043313026428,positive
"Average mortgage rate rises to 6.11%, back to where it was 5 weeks ago",2026-03-12,Boston Herald,https://www.bostonherald.com/2026/03/12/mortgage-rates-march-12/,0.933704137802124,positive
"When stock markets get shaken, it can pay for investors to be patient",2026-03-12,Yahoo Entertainment,https://finance.yahoo.com/news/stock-markets-shaken-pay-investors-151039603.html,0.0,neutral
Fed chair pick Kevin Warsh meets with more senators as Thom Tillis blockade continues,2026-03-12,CNBC,https://www.cnbc.com/2026/03/12/fed-kevin-warsh-trump-thom-tillis-senate.html,0.0,neutral
Stock market today: Live updates,2026-03-12,CNBC,https://www.cnbc.com/2026/03/12/stock-market-today-live-updates.html,0.0,neutral
Markets hopes for Fed interest rate cuts are rapidly fading away,2026-03-12,CNBC,https://www.cnbc.com/2026/03/12/markets-hopes-for-fed-interest-rate-cuts-are-rapidly-fading-away.html,-0.914861261844635,negative
"Average US long-term mortgage rate rises to 6.11%, back to where it was 5 weeks ago",2026-03-12,Abcnews.com,https://abcnews.com/Business/wireStory/average-us-long-term-mortgage-rate-rises-611-131005717,0.932100474834442,positive
"Bowman, Capital Rules for the Real Economy",2026-03-12,Federalreserve.gov,https://www.federalreserve.gov/newsevents/speech/bowman20260312a.htm,0.0,neutral
Oil hits $100 a barrel and stocks sink as Iran War drags on with no end in sight,2026-03-12,Fortune,https://fortune.com/2026/03/12/oil-100-barrel-iran-war-stocks-sink/,-0.8923299312591553,negative
US Senate votes to include CBDC ban in bipartisan housing bill,2026-03-12,Cointelegraph,https://cointelegraph.com/news/us-senate-votes-cbdc-ban-amendment,0.0,neutral
Powell's behind-the-scenes move after Trump's DOJ opened its criminal probe,2026-03-12,Fox News,https://www.foxnews.com/politics/powells-behind-the-scenes-move-after-trumps-doj-opened-its-criminal-probe,0.0,neutral
Bitcoin funding rate flips negative: Are bears getting too confident?,2026-03-12,Cointelegraph,https://cointelegraph.com/markets/bitcoin-funding-rate-flips-negative-are-btc-bears-too-confident,-0.8564935326576233,negative
"As Iran war heightens affordability issues, don't expect the Fed to 'ride in and save the day,' analyst says",2026-03-12,CNBC,https://www.cnbc.com/2026/03/12/iran-war-fed.html,0.7394639849662781,positive
"When stock markets get shaken, it can pay for investors to be patient",2026-03-12,Boston Herald,https://www.bostonherald.com/2026/03/12/stock-markets-drop-what-to-do/,0.0,neutral
"US applications for unemployment benefits inch down to 213,000",2026-03-12,Boston Herald,https://www.bostonherald.com/2026/03/12/us-unemployment-benefits-applications/,-0.9726670980453492,negative
What debt relief program eligibility requirements should borrowers know?,2026-03-12,CBS News,https://www.cbsnews.com/news/what-debt-relief-program-eligibility-requirements-should-borrowers-know/,0.0,neutral
What homebuyers should avoid before the March Fed meeting,2026-03-12,CBS News,https://www.cbsnews.com/news/things-homebuyers-should-avoid-before-the-fed-march-2026-meeting/,0.0,neutral
Art and classic car auctions top $600 million despite Iran war,2026-03-12,CNBC,https://www.cnbc.com/2026/03/12/classic-car-art-auctions-results-wealth-resilience.html,0.0,neutral
"US Stocks: When stock markets get shaken, it can pay for investors to be patient",2026-03-12,The Times of India,https://economictimes.indiatimes.com/markets/us-stocks/news/us-stocks-when-stock-markets-get-shaken-it-can-pay-for-investors-to-be-patient/articleshow/129514510.cms,0.0,neutral
Bitcoin hugs $70K range as March Fed rate cut odds fall below 1%,2026-03-12,Cointelegraph,https://cointelegraph.com/markets/bitcoin-hugs-70k-range-march-fed-rate-cut-odds-fall,-0.7774453163146973,negative
"US stock market deep in red today: Why Dow Jones, S&P 500 and Nasdaq crash again - Dow drops 600 points and Nasdaq sinks over 350",2026-03-12,The Times of India,https://economictimes.indiatimes.com/news/international/us/us-stock-market-deep-in-red-today-why-dow-jones-sp-500-and-nasdaq-crash-again-dow-drops-600-points-and-nasdaq-sinks-over-350/articleshow/129513344.cms,-0.9496991634368896,negative
"Circle’s outperformance highlights USDC’s staying power, says bullish Wall Street analyst",2026-03-12,CoinDesk,https://www.coindesk.com/markets/2026/03/12/circle-s-outperformance-highlights-usdc-s-staying-power-says-bullish-wall-street-analyst,0.9393600225448608,positive
"US Stocks: US Fed to cut rates in June, economists say, despite war inflation risks",2026-03-12,The Times of India,https://economictimes.indiatimes.com/markets/us-stocks/news/us-stocks-us-fed-to-cut-rates-in-june-economists-say-despite-war-inflation-risks/articleshow/129512949.cms,-0.5204259157180786,negative
US Stocks Slide as Oil Jumps Above $100 on Signs Hormuz Crisis May Drag On,2026-03-12,Breitbart News,https://www.breitbart.com/economy/2026/03/12/us-stocks-slide-as-oil-jumps-above-100-on-signs-hormuz-crisis-may-drag-on/,-0.8934617638587952,negative
"Silver price crashes today: Why gold, silver, copper and platinum prices are falling — Silver drops to $83.40 while gold slides $25 to $5,100 per ounce",2026-03-13,The Times of India,https://economictimes.indiatimes.com/news/international/us/silver-price-crashes-today-why-gold-silver-copper-and-platinum-prices-are-falling-silver-drops-to-83-40-while-gold-slides-25-to-5100-per-ounce/articleshow/129551377.cms,-0.962034285068512,negative
Why a mortgage rate lock before the March Fed meeting makes sense,2026-03-13,CBS News,https://www.cbsnews.com/news/why-mortgage-rate-lock-before-march-2026-fed-meeting-makes-sense/,0.0,neutral
"US Stock Market: Oil rally and Hormuz threats stir inflation fears, complicating Fed policy path",2026-03-13,The Times of India,https://economictimes.indiatimes.com/markets/us-stocks/news/us-stock-market-oil-rally-and-hormuz-threats-stir-inflation-fears-complicating-fed-policy-path/articleshow/129537817.cms,-0.9552828669548036,negative
Dollar poised for second weekly gain with no end in sight for Iran war,2026-03-13,CNA,https://www.channelnewsasia.com/business/dollar-poised-second-weekly-gain-no-end-in-sight-iran-war-5990541,0.7185225486755371,positive
Gold heads for weekly drop as Middle East war keeps oil prices high,2026-03-13,Financial Post,https://financialpost.com/commodities/gold-heads-for-weekly-drop,-0.9273340106010436,negative
Oil Really Could Hit $200 a Barrel,2026-03-13,The Atlantic,https://www.theatlantic.com/economy/2026/03/oil-price-200-barrel/686354/,0.0,neutral
"Key inflation gauge worsened in January, before Iran war lifted gas prices (Christopher Rugaber/Associated Press)",2026-03-13,Memeorandum.com,https://www.memeorandum.com/260313/p29,-0.9374971389770508,negative
Fourth-quarter GDP revised down to just 0.7% growth; January core inflation was 3.1%,2026-03-13,CNBC,https://www.cnbc.com/2026/03/13/fourth-quarter-gdp-revised-down-to-just-0point7percent-growth-january-core-inflation-was-3point1percent.html,-0.9715977907180786,negative
Why Technology Makes Us More Productive but Not Richer,2026-03-13,Fullstackpm.tech,https://fullstackpm.tech/blog/productivity-paradox-capital-lockup,0.0,neutral
Dollar poised for second weekly gain with no end in sight for Iran war,2026-03-13,The Times of India,https://economictimes.indiatimes.com/markets/forex/dollar-poised-for-second-weekly-gain-with-no-end-in-sight-for-iran-war/articleshow/129532698.cms,0.7185225486755371,positive
"Key inflation gauge worsened in January, before Iran war lifted gas prices",2026-03-13,Abcnews.com,https://abcnews.com/Business/wireStory/key-inflation-gauge-worsened-january-iran-war-lifted-131035285,-0.9696229696273804,negative
Fuel shock imperils truckingâs fragile recovery as geopolitics hits home,2026-03-13,Naturalnews.com,https://www.naturalnews.com/2026-03-13-fuel-shock-imperils-truckings-fragile-recovery-as-geopolitics-hits-home.html,-0.8748759627342224,negative
"Stocks dip, dollar strong as Iran conflict keeps oil prices high",2026-03-13,CNA,https://www.channelnewsasia.com/business/stocks-dip-dollar-strong-iran-conflict-keeps-oil-prices-high-5990711,-0.9283703565597534,negative
"With Bitcoin’s surge over $72k it now outperforms gold and stocks since Iran strikes, but one brutal sell wall is looming",2026-03-13,CryptoSlate,https://cryptoslate.com/bitcoin-outperforms-gold-and-stocks-since-iran-strikes-with-surge-over-72k-but-one-brutal-sell-wall-is-looming/,0.0,neutral
"Stocks Fall As Iran War Keeps Oil Just Above $100, Upends Rate Outlook",2026-03-13,HuffPost,https://www.huffpost.com/entry/iran-war-financial-markets_n_69b3f0e4e4b0a41ddfc567b8,-0.9476317763328552,negative
"Oil dips under $100, stocks fall tracking Mideast war developments",2026-03-13,Hurriyet Daily News,https://www.hurriyetdailynews.com/oil-dips-under-100-stocks-fall-tracking-mideast-war-developments-219940,-0.9400164484977722,negative
"Why are US stock market futures rising now, and S&P 500 and Dow Jones in green while Nasdaq in red? Wall street futures move, analysts insights and market outlook explained",2026-03-13,The Times of India,https://economictimes.indiatimes.com/news/international/us/why-are-us-stock-market-futures-rising-now-and-sp-500-and-dow-jones-in-green-while-nasdaq-in-red-wall-street-futures-move-analysts-insights-and-market-outlook-explained-what-should-investors-do-now/articleshow/129537095.cms,0.0,neutral
"Stocks mixed, dollar up as Iran conflict keeps oil prices high",2026-03-13,CNA,https://www.channelnewsasia.com/business/stocks-mixed-dollar-up-iran-conflict-keeps-oil-prices-high-5990711,-0.8151333928108215,negative
Iran war is one 'TACO' too far,2026-03-13,The Times of India,https://economictimes.indiatimes.com/news/international/world-news/iran-war-is-one-taco-too-far/articleshow/129548068.cms,0.0,neutral
Observe the Economic Fallout Six Years Later,2026-03-13,Freerepublic.com,https://freerepublic.com/focus/f-chat/4370420/posts,0.0,neutral
"Key inflation gauge worsened in January, before Iran war lifted gas prices",2026-03-13,Boston Herald,https://www.bostonherald.com/2026/03/13/inflation-gauge-january/,-0.9696229696273804,negative
"US Stock Market | Wall Street ends sharply lower as Iran war intensifies, crude price soars",2026-03-13,The Times of India,https://economictimes.indiatimes.com/markets/us-stocks/news/us-stock-market-wall-street-ends-sharply-lower-as-iran-war-intensifies-crude-price-soars/articleshow/129532591.cms,-0.9625705480575562,negative
IUX Publishes Market Insight on Gold and Silver Following Federal Reserve Policy Signals,2026-03-13,GlobeNewswire,https://www.globenewswire.com/news-release/2026/03/13/3255355/0/en/IUX-Publishes-Market-Insight-on-Gold-and-Silver-Following-Federal-Reserve-Policy-Signals.html,0.0,neutral
"$100 oil, PCE data, MLB valuations and more in Morning Squawk",2026-03-13,CNBC,https://www.cnbc.com/2026/03/13/5-things-to-know-before-the-market-opens.html,0.0,neutral
"Stocks slip, dollar strong as Iran conflict pushes oil prices higher",2026-03-13,CNA,https://www.channelnewsasia.com/business/stocks-slip-dollar-strong-iran-conflict-pushes-oil-prices-higher-5990711,-0.9594449996948242,negative
Gold Heads for Weekly Drop as Mideast War Keeps Oil Prices High,2026-03-13,Financial Post,https://financialpost.com/pmn/business-pmn/gold-heads-for-weekly-drop-as-mideast-war-keeps-oil-prices-high,-0.9442908763885498,negative
"Why are US stock market indexes down today and Dow Jones, S&P 500 and Nasdaq in red now? Wall Street fall, analysts insights and market outlook explained. Here's what should investors do now",2026-03-13,The Times of India,https://economictimes.indiatimes.com/news/international/us/why-are-us-stock-market-indexes-down-today-and-dow-jones-sp-500-and-nasdaq-in-red-now-wall-street-fall-analysts-insights-and-market-outlook-explained-heres-what-should-investors-do-now/articleshow/129532290.cms,-0.569550096988678,negative
Closely followed inflation measure worsened to star the year,2026-03-13,Associated Press,https://apnews.com/article/inflation-federal-reserve-gas-35abd24fd14edcfa5da52dcc6c2ee860,-0.9288662672042848,negative
US Consumer Spending Barely Rises After Weaker Economic Growth,2026-03-13,Financial Post,https://financialpost.com/pmn/business-pmn/us-consumer-spending-barely-rises-after-weaker-economic-growth,-0.6957948803901672,negative
UBS AM Set to Buy Shorter Europe Debt as Hike Bets Seen Overdone,2026-03-13,Financial Post,https://financialpost.com/pmn/business-pmn/ubs-am-set-to-buy-shorter-europe-debt-as-hike-bets-seen-overdone,0.5578345060348511,positive
"Three Years Ago, Democrats Saved Silicon Valley. Its Billionaires Would Rather You Forget That.",2026-03-13,Slate Magazine,https://slate.com/technology/2026/03/silicon-valley-bank-bailout-democrats-tech.html,0.0,neutral
Bitcoin rebounds toward $72K as US Treasury comments ease oil inflation concerns,2026-03-13,The Times of India,https://economictimes.indiatimes.com/markets/cryptocurrency/bitcoin-rebounds-toward-72k-as-us-treasury-comments-ease-oil-inflation-concerns/articleshow/129540037.cms,0.5052549839019775,positive
Global Market Today | Asian stocks track US declines as oil remains in focus,2026-03-13,The Times of India,https://economictimes.indiatimes.com/markets/us-stocks/news/global-market-today-asian-stocks-track-us-declines-as-oil-remains-in-focus/articleshow/129531527.cms,-0.8664876222610474,negative
Oil and fertilizer prices are climbing. Your grocery bill may follow,2026-03-13,Fortune,https://fortune.com/2026/03/13/iran-war-grocery-prices-oil-fertilizer-strait-of-hormuz/,-0.6075716018676758,negative
"A surge of small business optimism: Private sector added 63,000 jobs in Februaryâthe fastest pace in seven months",2026-03-13,Naturalnews.com,https://www.naturalnews.com/2026-03-13-private-sector-added-63000-jobs-in-february.html,0.9186267256736756,positive
"Stocks rise on lower oil prices, though Iran conflict clouds outlook",2026-03-13,CNA,https://www.channelnewsasia.com/business/stocks-rise-lower-oil-prices-though-iran-conflict-clouds-outlook-5990711,0.6233313083648682,positive
Why Is the U.S. in Such A Hurry to Destroy Emerging Economies?,2026-03-13,Globalresearch.ca,https://www.globalresearch.ca/analyzing-why-the-us-hurry-destroy-emerging-economies/5918717,-0.6710365414619446,negative
Stocks sink worldwide amid Iran war,2026-03-13,Arkansas Online,https://www.arkansasonline.com/news/2026/mar/13/stocks-sink-worldwide-amid-iran-war/,-0.9561165571212769,negative
Bitcoin 'passing geopolitical stress test' as BTC price spikes above $72K,2026-03-13,Cointelegraph,https://cointelegraph.com/markets/bitcoin-passing-geopolitical-stress-test-btc-price-spikes-above-72k,0.7976410388946533,positive
Euro Sinks to Seven-Month Low Against Dollar on Oil Crisis,2026-03-13,Financial Post,https://financialpost.com/pmn/business-pmn/euro-sinks-to-seven-month-low-against-dollar-on-oil-crisis,-0.9529629349708556,negative
"US National Debt Explodes $543,000,000,000 in Just Four Months As Ron Paul Warns Iran War Could Trigger New Depression",2026-03-13,The Daily Hodl,https://dailyhodl.com/2026/03/13/us-national-debt-explodes-543000000000-in-just-four-months-as-ron-paul-warns-iran-war-could-trigger-new-depression/,-0.9423494338989258,negative
Explained: Why traders aren’t holding onto gold since Middle East war despite safe haven appeal,2026-03-13,The Times of India,https://economictimes.indiatimes.com/markets/commodities/explained-why-traders-arent-holding-onto-gold-since-middle-east-war-despite-safe-haven-appeal/articleshow/129536786.cms,0.0,neutral
Silver sinks 2% to ₹2.62 lakh/kg in futures trade as inflation worries weigh,2026-03-13,BusinessLine,https://www.thehindubusinessline.com/markets/gold/silver-sinks-2-to-262-lakhkg-in-futures-trade-as-inflation-worries-weigh/article70738913.ece,-0.9640274047851562,negative
"What are today's mortgage interest rates: March 13, 2026?",2026-03-13,CBS News,https://www.cbsnews.com/news/todays-mortgage-interest-rates-march-13-2026/,0.0,neutral
"US stocks today: S&P 500, Nasdaq slip as investors assess data, Iran war fallout",2026-03-13,The Times of India,https://economictimes.indiatimes.com/markets/us-stocks/news/us-stocks-today-sp-500-nasdaq-slip-as-investors-assess-data-iran-war-fallout/articleshow/129560549.cms,-0.9605842232704164,negative
Obama-Appointed Judge Throws Up Roadblock For Trump DOJ Fed Chair Investigation,2026-03-13,The Daily Caller,https://dailycaller.com/2026/03/13/obama-appointed-judge-throws-up-roadblock-for-trump-doj-fed-chair-investigation/,-0.5027064681053162,negative
Stock Losses Mount as Oil Resumes Climb,2026-03-13,Newser,https://www.newser.com/story/385395/stock-losses-mount-as-oil-resumes-climb.html,-0.9150750041007996,negative
"Judge squashes Justice Department's subpoenas targeting Fed Chair Jerome Powell, citing 'zero evidence'",2026-03-13,Business Insider,https://www.businessinsider.com/judge-tosses-federal-reserve-chair-jerome-powell-2026-3,-0.9153565764427184,negative
"Judge blocks DOJ's criminal probe of Federal Reserve, blasting it as political",2026-03-13,NPR,https://www.npr.org/2026/03/13/nx-s1-5747122/doj-federal-reserve-jerome-powell-jeanine-pirro,-0.876094400882721,negative
Boasberg blocks subpoenas against Fed Chair Jerome Powell,2026-03-13,Fox News,https://www.foxnews.com/politics/boasberg-blocks-subpoenas-against-fed-chair-jerome-powell,-0.8505637645721436,negative
Judge quashes subpoenas in Justice Department's investigation of Federal Reserve's Powell,2026-03-13,Newsday,https://www.newsday.com/long-island/politics/feeral-reserve-trump-g70961,-0.8665826320648193,negative
Judge Blocks Subpoenas Against Fed Chair Powell; DOJ to Appeal,2026-03-13,Daily Signal,https://www.dailysignal.com/2026/03/13/judge-blocks-subpoenas-against-fed-chair-powell-doj-to-appeal/,-0.8023259043693542,negative
Judge Smacks Down Trump’s Investigation Into Jerome Powell,2026-03-13,The New Republic,https://newrepublic.com/post/207779/judge-donald-trump-investigation-jerome-powell,-0.8104546070098877,negative
CNN’s Paula Reid Says Jeanine Pirro’s Heated Presser Looked Like ‘An Audition’ for Pam Bondi’s Job,2026-03-13,Mediaite,https://www.mediaite.com/media/tv/cnns-paula-reid-says-jeanine-pirros-heated-presser-looked-like-an-audition-for-pam-bondis-job/,0.0,neutral
"Judge blocks subpoenas against Fed Chair Jerome Powell, citing 'essentially zero evidence'",2026-03-13,Freerepublic.com,https://freerepublic.com/focus/f-news/4370525/posts,-0.9474220871925354,negative
US: Judge quashes subpoenas in DoJ's Federal Reserve case,2026-03-13,DW (English),https://www.dw.com/en/us-judge-quashes-subpoenas-in-dojs-federal-reserve-case/a-76356448,-0.9043306112289428,negative
Judge: 'Zero Evidence' of a Crime by Powell,2026-03-13,Newser,https://www.newser.com/story/385394/judge-zero-evidence-of-a-crime-by-powell.html,-0.4837629795074463,negative
Trump Goon Stages Public Meltdown After Judge Humiliates Her,2026-03-13,Daily Beast,https://www.thedailybeast.com/trump-goon-jeanine-pirro-stages-public-meltdown-after-judge-humiliates-her/,-0.904325783252716,negative
"Trump Signs Orders Aimed at Mortgage Access, Housing Costs",2026-03-13,Yahoo Entertainment,https://finance.yahoo.com/news/trump-signs-orders-aimed-easing-193859605.html,0.0,neutral
"Why is silver price down by 3.3% and gold by 0.5%, and will precious metals continue to drop or rise again? Gold and silver decline, analysts insights and market outlook explained. Here's what should investors do now",2026-03-13,The Times of India,https://economictimes.indiatimes.com/news/international/us/why-is-silver-price-down-by-3-3-and-gold-by-0-5-and-will-precious-metals-continue-to-drop-or-rise-again-gold-and-silver-decline-analysts-insights-and-market-outlook-explained-heres-what-should-investors-do-now/articleshow/129564145.cms,-0.5552883744239807,negative
When Will House Prices Go Down?,2026-03-13,Redfin.com,https://www.redfin.com/blog/will-house-prices-go-down/,-0.8263172507286072,negative
Bank of America: Sell Oil Above $100,2026-03-13,OilPrice.com,https://oilprice.com/Latest-Energy-News/World-News/Bank-of-America-Sell-Oil-Above-100.html,0.0,neutral
"Wall Street closes lower, posts weekly loss as war on Iran fuels inflation worries",2026-03-13,CNA,https://www.channelnewsasia.com/world/wall-street-us-stocks-iran-israel-war-oil-energy-prices-5992901,-0.9504589438438416,negative
Fed’s preferred inflation gauge shows prices increased even before Iran war began,2026-03-13,New York Post,https://nypost.com/2026/03/13/business/feds-preferred-inflation-gauge-show-prices-increased-before-iran-war-began/,0.8431317806243896,positive
Did tariff dividend checks just become more likely? Economists weigh in,2026-03-13,CNBC,https://www.cnbc.com/2026/03/13/tariff-dividend-checks-a-new-bill-could-create-a-tax-rebate-program.html,0.0,neutral
"Judge quashes Fed subpoenas, saying DOJ has ‘produced essentially zero evidence’ against Powell, who hints at future as board governor",2026-03-13,Fortune,https://fortune.com/2026/03/13/judge-fed-subpoenas-doj-criminal-probe-jerome-powell-future-board-governor/,-0.6062489748001099,negative
"Why US stock market surging today: Dow Jones, S&P 500, Nasdaq rise as Russell 2000 leads - PCE inflation data boosts Fed rate-cut hopes",2026-03-13,The Times of India,https://economictimes.indiatimes.com/news/international/us/why-us-stock-market-surging-today-dow-jones-sp-500-nasdaq-rise-as-russell-2000-leads-pce-inflation-data-boosts-fed-rate-cut-hopes/articleshow/129557556.cms,0.8926461935043335,positive
US judge nixes two subpoenas against Federal Reserve chair Jerome Powell,2026-03-13,Al Jazeera English,https://www.aljazeera.com/news/2026/3/13/us-judge-nixes-two-subpoenas-against-federal-reserve-chair-jerome-powell,-0.9059889912605286,negative
"Americans are demanding refunds from the $180 billion in tariffs they paid for, and they’re suing companies like Costco to make it happen",2026-03-13,Yahoo Entertainment,https://finance.yahoo.com/news/americans-demanding-refunds-180-billion-174939469.html,-0.8813074827194214,negative
NEW: Judge Blocks Trump DOJ Subpoenas Against Jerome Powell Over Lack of Evidence,2026-03-13,Mediaite,https://www.mediaite.com/media/news/new-judge-blocks-trump-doj-subpoenas-against-jerome-powell-over-lack-of-evidence/,-0.9112195372581482,negative
US Stock Market Today: Major Indexes Stabilize with Modest Gains as Oil Prices Ease,2026-03-13,Ibtimes.com.au,https://www.ibtimes.com.au/us-stock-market-today-major-indexes-stabilize-modest-gains-oil-prices-ease-1863235,0.8378152251243591,positive
"Dow Jones Industrial Average Rebounds on March 13, 2026, Climbing Over 260 Points Amid Volatile Trading",2026-03-13,Ibtimes.com.au,https://www.ibtimes.com.au/dow-jones-industrial-average-rebounds-march-13-2026-climbing-over-260-points-amid-volatile-1863227,0.938658893108368,positive
"Key inflation gauge worsened in January, before Iran war lifted gas prices",2026-03-13,PBS,https://www.pbs.org/newshour/economy/key-inflation-gauge-worsened-in-january-before-iran-war-lifted-gas-prices,-0.9696229696273804,negative
Gold loses sheen as dollar gains strength,2026-03-13,BusinessLine,https://www.thehindubusinessline.com/news/gold-loses-sheen-as-dollar-gains-strength/article70740025.ece,-0.8127183318138123,negative
"Why are US stock market indexes down today, and will S&P 500, Dow Jones and Nasdaq stay in red or turn green again? Wall Street crash, biggest losers, gainers, analysts insights, market outlook",2026-03-13,The Times of India,https://economictimes.indiatimes.com/news/international/us/why-are-us-stock-market-indexes-down-today-and-will-sp-500-dow-jones-and-nasdaq-stay-in-red-or-turn-green-again-wall-street-crash-biggest-losers-gainers-analysts-insights-market-outlook-oil-prices-global-energy-supply/articleshow/129564587.cms,-0.8304980397224426,negative
Why is the dollar profiting from Middle East war?,2026-03-13,The Times of India,https://economictimes.indiatimes.com/markets/us-stocks/news/why-is-the-dollar-profiting-from-middle-east-war/articleshow/129558941.cms,0.0,neutral
Jeanine Pirro melts down at judge for 'antipathy toward Trump': 'Untethered to the law!',2026-03-13,Raw Story,https://www.rawstory.com/pirro-boasberg-fed-subpoena/,-0.924656867980957,negative
Trump DOJ probe into Fed blows up as Pirro subpoenas thrown out in stunning rebuke,2026-03-13,Raw Story,https://www.rawstory.com/federal-reserve-2676100764/,-0.6912785768508911,negative
US Stocks: US Fed's preferred inflation gauge edges down,2026-03-13,The Times of India,https://economictimes.indiatimes.com/markets/us-stocks/news/us-stocks-us-feds-preferred-inflation-gauge-edges-down/articleshow/129556577.cms,-0.656035304069519,negative
Gold loses sheen as dollar gains strength,2026-03-13,BusinessLine,https://www.thehindubusinessline.com/markets/gold/gold-loses-sheen-as-dollar-gains-strength/article70740025.ece,-0.8127183318138123,negative
U.S. Stocks Stabilize After Turbulence Brought On By The War With Iran,2026-03-13,HuffPost,https://www.huffpost.com/entry/financial-markets-iran-turbulence-eased_n_69b42481e4b0676e64bf2ab2,-0.9307929873466492,negative
"Nasdaq Composite Snaps Losing Streak on March 13, 2026, Rising 0.62% as Markets Stabilize",2026-03-13,Ibtimes.com.au,https://www.ibtimes.com.au/nasdaq-composite-snaps-losing-streak-march-13-2026-rising-062-markets-stabilize-1863232,0.7703546285629272,positive
Judge blocks subpoenas against Fed Chair Jermone Powell,2026-03-13,NBC News,https://www.nbcnews.com/business/economy/powell-subpoenas-blocked-trump-probe-rcna263401,-0.8505723476409912,negative
Federal judge quashes Justice Department subpoenas of Fed Chair Jerome Powell | CNN Politics,2026-03-13,CNN,https://www.cnn.com/2026/03/13/politics/fed-chair-jerome-powell-subpoena,-0.6476717591285706,negative
Judge quashes subpoenas sent to Fed in DOJ criminal probe,2026-03-13,CBS News,https://www.cbsnews.com/news/federal-reserve-jerome-powell-subpoenas-justice-department-judge/,-0.8128809332847595,negative
Some six-figure earners are still 'on thin ice' in the K-shaped economy: 'A lot of factors' could 'leave you exposed',2026-03-13,CNBC,https://www.cnbc.com/2026/03/13/six-figure-earners-thin-ice-in-k-shaped-economy.html,-0.9603092074394226,negative
"Judge Throws Out Justice Department Subpoenas to Federal Reserve, Pirro Attacks Decision",2026-03-13,Breitbart News,https://www.breitbart.com/economy/2026/03/13/fed-subpoena-tossed/,-0.7491629719734192,negative
"Americans are demanding refunds from the $180 billion in tariffs they paid for, and they’re suing companies like Costco to make it happen",2026-03-13,Fortune,https://fortune.com/2026/03/13/americans-demanding-tariff-refunds-suing-costco-fedex/,-0.8813074827194214,negative
"Trump Signs Orders Aimed at Mortgage Access, Housing Costs",2026-03-14,Financial Post,https://financialpost.com/pmn/business-pmn/trump-signs-orders-aimed-at-mortgage-access-housing-costs,0.0,neutral
Gold slips and heads for second consecutive weekly fall,2026-03-14,The Times of India,https://economictimes.indiatimes.com/markets/commodities/news/gold-slips-and-heads-for-second-consecutive-weekly-fall/articleshow/129569413.cms,-0.942823588848114,negative
Oil Volatility And The Market Impact,2026-03-14,Realinvestmentadvice.com,https://realinvestmentadvice.com/resources/blog/crude-oil-volatility-and-the-market-impact/,0.0,neutral
How major US stock indexes fared Friday 3/13/2026,2026-03-14,Abcnews.com,https://abcnews.com/Business/wireStory/major-us-stock-indexes-fared-friday-3132026-131052623,0.0,neutral
"Judge blocks subpoenas against Fed Chair Powell, DOJ to appeal",2026-03-14,The Times of India,https://economictimes.indiatimes.com/news/international/global-trends/judge-blocks-subpoenas-against-fed-chair-powell-doj-to-appeal/articleshow/129567310.cms,-0.7600805163383484,negative
Friday Night Open Thread,2026-03-14,Balloon-juice.com,https://balloon-juice.com/2026/03/13/friday-night-open-thread-187/,0.0,neutral
"US Stocks | US stocks end lower, posts weekly loss as war on Iran fuels inflation worries",2026-03-14,The Times of India,https://economictimes.indiatimes.com/markets/us-stocks/news/us-stocks-us-stocks-end-lower-posts-weekly-loss-as-war-on-iran-fuels-inflation-worries/articleshow/129568360.cms,-0.9646822810173036,negative
Wall Street Week Ahead: Investors await Fed rate outlook as Iran war keeps markets on edge,2026-03-14,The Times of India,https://economictimes.indiatimes.com/markets/us-stocks/news/wall-street-week-ahead-investors-await-fed-rate-outlook-as-iran-war-keeps-markets-on-edge/articleshow/129568374.cms,-0.7016026377677917,negative
Dollar rises broadly as investors weigh Middle East risks,2026-03-14,The Times of India,https://economictimes.indiatimes.com/markets/forex/forex-news/dollar-rises-broadly-as-investors-weigh-middle-east-risks/articleshow/129569310.cms,0.7489055395126343,positive
Bitcoin price faces a crucial weekend test as US growth collapses to 0.7% while inflation stays stubborn,2026-03-14,CryptoSlate,https://cryptoslate.com/bitcoin-price-faces-a-crucial-weekend-test-as-us-growth-collapses-to-0-7-while-inflation-stays-stubborn/,-0.6662439107894897,negative
$100K Bitcoin? Prediction Market Odds Climb To 40%,2026-03-14,Bitcoinist,https://bitcoinist.com/100k-bitcoin-prediction-market-odds-climb-to-40/,0.8353844285011292,positive
Judge Concludes Grand Jury Subpoena to Fed Had Improper Purpose,2026-03-14,Reason,https://reason.com/volokh/2026/03/14/judge-concludes-grand-jury-subpoena-to-fed-had-improper-purpose/,-0.8316770792007446,negative
MS NOW stunned by Trump blunder that handed judge smoking gun to blow up his revenge probe,2026-03-14,Raw Story,https://www.rawstory.com/trump-fed-2676101882/,-0.7293272018432617,negative
"What is US stock market indexes prediction for Monday, and will Dow Jones, S&P 500 and Nasdaq continue to fall or rise again? Wall Street forecast, analysts insights and market outlook. Here's what should investors do now",2026-03-14,The Times of India,https://economictimes.indiatimes.com/news/international/us/what-is-us-stock-market-indexes-prediction-for-monday-and-will-dow-jones-sp-500-and-nasdaq-continue-to-fall-or-rise-again-wall-street-forecast-analysts-insights-and-market-outlook-heres-what-should-investors-do-now/articleshow/129571594.cms,0.0,neutral
Judge blocks subpoenas in US Justice Department probe of Fed chief,2026-03-14,RT,https://www.rt.com/news/634961-us-federal-judge-quash-powell-subpoenas/,-0.7889054417610168,negative
A Federal Judge Just Called Out the DOJ for Politically Motivated Prosecutions,2026-03-14,Mother Jones,https://www.motherjones.com/politics/2026/03/trump-doj-jerome-powell-fed-interest-rates-judge-boasberg-supreme-court-jeanine-pirro/,-0.7564724087715149,negative
Will Oil and Nvidia decide how the US stock market moves next week? S&P 500 falls to 2026 low as Dow Jones and Nasdaq slide last week — here’s the Wall Street outlook,2026-03-14,The Times of India,https://economictimes.indiatimes.com/news/international/us/will-oil-and-nvidia-decide-how-the-us-stock-market-moves-next-week-sp-500-falls-to-2026-low-as-dow-jones-and-nasdaq-slide-last-week-heres-the-wall-street-outlook/articleshow/129575124.cms,-0.8553642630577087,negative
Bigger IRS refunds sound good — here’s why they may signal a problem,2026-03-14,The Times of India,https://economictimes.indiatimes.com/news/international/us/bigger-irs-refunds-sound-good-heres-why-they-may-signal-a-problem/articleshow/129575450.cms,0.0,neutral
"Gold price forecast: Will gold price hold above $5,200 or fall below $5,000 — here’s how Fed interest rate expectations and the Iran war could move gold prices",2026-03-14,The Times of India,https://economictimes.indiatimes.com/news/international/us/gold-price-forecast-for-next-week-march-1622-2026-will-gold-price-hold-above-5200-or-fall-below-5000-heres-how-fed-interest-rate-expectations-and-the-iran-war-could-move-gold-prices-next-week/articleshow/129577086.cms,0.0,neutral
"For Trump, a promised economic boom collides with the costs of war",2026-03-15,The Times of India,https://economictimes.indiatimes.com/news/international/global-trends/for-trump-a-promised-economic-boom-collides-with-the-costs-of-war/articleshow/129583790.cms,0.0,neutral
US Fed expected to hold rates steady as Iran war roils outlook,2026-03-15,The Times of India,https://economictimes.indiatimes.com/markets/us-stocks/news/us-fed-expected-to-hold-rates-steady-as-iran-war-roils-outlook/articleshow/129584682.cms,-0.7231096029281616,negative
US Fed expected to hold rates steady as Iran war roils outlook,2026-03-15,Hurriyet Daily News,https://www.hurriyetdailynews.com/us-fed-expected-to-hold-rates-steady-as-iran-war-roils-outlook-219962,-0.7231096029281616,negative
Crypto markets not spared from US-Iran conflict,2026-03-15,The Star Online,https://www.thestar.com.my/news/nation/2026/03/15/crypto-markets-not-spared-from-us-iran-conflict,0.0,neutral
An American central bank that lacks operational autonomy could tip the US into a fiscal crisis,2026-03-15,Livemint,https://www.livemint.com/opinion/online-views/an-american-central-bank-that-lacks-operational-autonomy-could-tip-the-us-into-a-fiscal-crisis-11773298652796.html,-0.9558478593826294,negative
US Fed expected to hold rates steady as Iran war roils outlook,2026-03-15,The Times of India,https://economictimes.indiatimes.com/news/international/world-news/us-fed-expected-to-hold-rates-steady-as-iran-war-roils-outlook/articleshow/129583882.cms,-0.7231096029281616,negative
Stock trader’s guide to navigating supply disruption by Iran war,2026-03-15,The Times of India,https://economictimes.indiatimes.com/markets/us-stocks/news/stock-traders-guide-to-navigating-supply-disruption-by-iran-war/articleshow/129584911.cms,0.0,neutral
US Fed expected to hold rates steady as Iran war roils outlook,2026-03-15,The Times of India,https://economictimes.indiatimes.com/news/international/world-news/us-fed-expected-to-hold-rates-steady-as-iran-war-roils-outlook/articleshow/129598098.cms,-0.7231096029281616,negative
"Who Is Kevin Hassett? Trump's National Economic Council Director, Defends Iran War Costs",2026-03-15,Ibtimes.com.au,https://www.ibtimes.com.au/who-kevin-hassett-trumps-national-economic-council-director-defends-iran-war-costs-1863425,0.0,neutral
Dow Jones Today: Index Closes Lower Amid Geopolitical Tensions and Oil Volatility,2026-03-15,Ibtimes.com.au,https://www.ibtimes.com.au/dow-jones-today-index-closes-lower-amid-geopolitical-tensions-oil-volatility-1863328,-0.9713913202285768,negative
Oil price surge and Middle East conflict: What investors should do - Opinion,2026-03-15,New Zealand Herald,https://www.nzherald.co.nz/rotorua-daily-post/business/oil-price-surge-and-middle-east-conflict-what-investors-should-do-opinion/premium/MTIXUW5YTJEXVBGK54IUW6AAY4/,0.0,neutral
Global week ahead: Price pressure in the pipeline,2026-03-15,CNBC,https://www.cnbc.com/2026/03/15/global-week-ahead-price-pressure-in-the-pipeline.html,-0.9249219298362732,negative
Bond Market in Oil’s Grip Ponders Shifting Focus to Growth Worry,2026-03-15,Financial Post,https://financialpost.com/pmn/business-pmn/bond-market-in-oils-grip-ponders-shifting-focus-to-growth-worry,0.0,neutral
Stock market today: Live updates,2026-03-15,CNBC,https://www.cnbc.com/2026/03/15/stock-market-today-live-updates.html,0.0,neutral
"Gold Falls Below $5,000 as Mideast War Keeps Oil Prices Elevated",2026-03-15,Financial Post,https://financialpost.com/pmn/business-pmn/gold-falls-below-5000-as-mideast-war-keeps-oil-prices-elevated,-0.9010000824928284,negative
"Banning institutional investors from buying homes will backfire for many Americans, experts say",2026-03-15,Fortune,https://fortune.com/2026/03/15/institutional-investors-ban-single-family-home-sales-affordability-trump-senate-low-income-rent/,-0.6138015985488892,negative
The Sacrifice Ratio Puzzle,2026-03-16,Econlib.org,https://www.econlib.org/econlog/the-sacrifice-ratio-puzzle/,0.0,neutral
Trump Claims ‘Absolute Right’ to Impose Tariffs as He Rages Against Courts in 950-Word Late Night Truth Social Tirade,2026-03-16,Mediaite,https://www.mediaite.com/media/news/trump-claims-absolute-right-to-impose-tariffs-as-he-rages-against-courts-in-950-word-late-night-truth-social-tirade/,0.0,neutral
Trump Tariffs Have Made This the Worst Time for American Wine in Literally Decades,2026-03-16,Jezebel,https://www.jezebel.com/american-wine-industry-struggles-challenges-sales-tariffs-exports-decline-canada-closures-trump,-0.9478229880332948,negative
This week is Jerome Powell’s penultimate meeting as chairman of the Fed—don’t expect him to drop Wall Street many hints,2026-03-16,Fortune,https://fortune.com/2026/03/16/jerome-powell-fomc-meeting-cut-odds-iran-inflation/,0.0,neutral
Dollar steady as markets brace for busy c.bank week amid Mideast war,2026-03-16,The Times of India,https://economictimes.indiatimes.com/markets/forex/dollar-steady-as-markets-brace-for-busy-c-bank-week-amid-mideast-war/articleshow/129598728.cms,-0.5438109040260315,negative
"Commodity Radar: Gold plunges Rs 3,000/10 gram as investors turn cautious ahead of Fed policy. Should you sell on rise?",2026-03-16,The Times of India,https://economictimes.indiatimes.com/markets/commodities/news/commodity-radar-gold-plunges-rs-3000/10-gram-as-investors-turn-cautious-ahead-of-fed-policy-should-you-sell-on-rise/articleshow/129605611.cms,-0.845621645450592,negative
The Iran war is making it harder for Fed officials to cut interest rates,2026-03-16,CBS News,https://www.cbsnews.com/news/federal-reserve-interest-rate-decision-iran-war/,-0.8956212401390076,negative
Why did oil top $100 a barrel? #world,2026-03-16,Alltoc.com,https://alltoc.com/world/why-did-oil-top-100-a-barrel,0.0,neutral
US Treasuries Erase 2026 Gains as Inflationary Angst Rises,2026-03-16,Financial Post,https://financialpost.com/pmn/business-pmn/us-treasuries-erase-2026-gains-as-inflationary-angst-rises,-0.8673418164253235,negative
"Gold falls below $5,000/ounce as inflation fears pressure Fed rate-cut outlook",2026-03-16,The Times of India,https://economictimes.indiatimes.com/markets/commodities/news/gold-falls-below-5000/ounce-as-inflation-fears-pressure-fed-rate-cut-outlook/articleshow/129606873.cms,-0.941868245601654,negative
"Fed headlines central bank rate decisions, Gemini earnings: Crypto Week Ahead",2026-03-16,CoinDesk,https://www.coindesk.com/markets/2026/03/16/fed-headlines-central-bank-rate-decisions-gemini-earnings-crypto-week-ahead,0.0,neutral
Fed to Hold Interest Rates Steady as Iran War Scrambles the Economic Outlook,2026-03-16,Financial Post,https://financialpost.com/pmn/business-pmn/fed-to-hold-interest-rates-steady-as-iran-war-scrambles-the-economic-outlook,-0.8292874097824097,negative
Weekly Climate and Energy News Roundup #683,2026-03-16,Wattsupwiththat.com,https://wattsupwiththat.com/2026/03/16/weekly-climate-and-energy-news-roundup-683/,0.0,neutral
Bitcoin price confirms recovery hitting highest price since start of Iran war and Trump tariff chaos,2026-03-16,CryptoSlate,https://cryptoslate.com/bitcoin-price-confirms-recovery-hitting-highest-price-since-start-of-iran-war-and-trump-tariff-chaos/,0.903569757938385,positive
Foam cup heir Kenneth Dart’s Flutter stake breaches 20%,2026-03-16,The Irish Times,https://www.irishtimes.com/business/2026/03/16/foam-cup-heir-kenneth-darts-flutter-stake-breaches-20/,-0.9297839999198914,negative
"Oil continues to rise, the Federal Reserve, Nvidia's big week and more in Morning Squawk",2026-03-16,CNBC,https://www.cnbc.com/2026/03/16/5-things-to-know-before-the-market-opens.html,0.0,neutral
"Global Market Today | Asia shares wary, oil volatile as war drags on",2026-03-16,The Times of India,https://economictimes.indiatimes.com/markets/us-stocks/news/global-market-today-asia-shares-wary-oil-volatile-as-war-drags-on/articleshow/129598416.cms,-0.9489979147911072,negative
Global Market: Energy market turmoil forces policymakers to reassess inflation outlook,2026-03-16,The Times of India,https://economictimes.indiatimes.com/markets/stocks/news/global-market-energy-market-turmoil-forces-policymakers-to-reassess-inflation-outlook/articleshow/129600660.cms,-0.9548812508583068,negative
"Asia shares cautious, oil gains on Hormuz doubts",2026-03-16,CNA,https://www.channelnewsasia.com/business/asia-shares-cautious-oil-gains-hormuz-doubts-5995321,0.7839228510856628,positive
"Silver drops over Rs 4,000/kg, gold falls to Rs 1.56 lakh as rising oil prices dent rate cut bets. Check key levels to track today",2026-03-16,The Times of India,https://economictimes.indiatimes.com/markets/commodities/news/silver-drops-over-rs-4000/kg-gold-falls-to-rs-1-56-lakh-as-rising-oil-prices-dent-rate-cut-bets-check-key-levels-to-track-today/articleshow/129599926.cms,-0.8732008337974548,negative
"Gold futures decline ₹2,225 to ₹1.56 lakh/10g",2026-03-16,BusinessLine,https://www.thehindubusinessline.com/markets/gold/gold-futures-decline-2225-to-156-lakh10g/article70748900.ece,-0.9561762809753418,negative
$58K BTC price still in play? Five things to know in Bitcoin this week,2026-03-16,Cointelegraph,https://cointelegraph.com/markets/58k-btc-price-still-in-play-five-things-bitcoin-this-week,0.0,neutral
The Great Taking Has Begun: Why Your Financial Assets Are Now Trapped in a War Zone,2026-03-16,Naturalnews.com,https://www.naturalnews.com/2026-03-16-the-great-taking-has-begun-assets-trapped.html,0.0,neutral
Gold edges lower as higher energy prices dim rate‑cut hopes,2026-03-16,BusinessLine,https://www.thehindubusinessline.com/markets/gold/gold-edges-lower-as-higher-energy-prices-dim-rate%E2%80%90cut-hopes/article70748585.ece,-0.7816436290740967,negative
Gold steady as weaker dollar offsets fading rate‑cut hopes,2026-03-16,The Times of India,https://economictimes.indiatimes.com/markets/commodities/news/gold-steady-as-weaker-dollar-offsets-fading-ratecut-hopes/articleshow/129598700.cms,-0.541709303855896,negative
European markets set to start the week higher but oil prices remain in focus,2026-03-16,CNBC,https://www.cnbc.com/2026/03/16/european-markets-stoxx-600-ftse-dax-cac-iran-latest-oil-prices.html,0.4915187656879425,positive
US Stock Market: Investors brace for Fed signals as Middle East conflict clouds rate-cut outlook,2026-03-16,The Times of India,https://economictimes.indiatimes.com/markets/us-stocks/news/us-stock-market-investors-brace-for-fed-signals-as-middle-east-conflict-clouds-rate-cut-outlook/articleshow/129599881.cms,-0.7556648254394531,negative
5 Things to Know Before the Stock Market Opens,2026-03-16,Investopedia,https://www.investopedia.com/5-things-to-know-before-the-stock-market-opens-march-16-2026-11926765,0.0,neutral
"Why are US stock market indexes up now, and will Nasdaq, S&P 500 and Dow Jones continue to move upwards or sink again? Wall Street rise, biggest gainers, losers, analysts insights and market outlook",2026-03-16,The Times of India,https://economictimes.indiatimes.com/news/international/us/why-are-us-stock-market-indexes-up-now-and-will-nasdaq-sp-500-and-dow-jones-continue-to-move-upwards-or-sink-again-wall-street-rise-biggest-gainers-losers-analysts-insights-and-market-outlook-explained-heres-what-should-investors-do-now/articleshow/129613710.cms,0.0,neutral
Will the US Fed hike or lower key rates on Wednesday? Here's what to expect from Jerome Powell,2026-03-16,The Times of India,https://economictimes.indiatimes.com/news/international/us/will-the-us-fed-hike-or-lower-key-rates-on-wednesday-heres-what-to-expect-from-jerome-powell/articleshow/129610211.cms,0.0,neutral
Could the Federal Reserve raise interest rates again despite earlier Fed rate cut signals? Why markets fear a hawkish Jerome Powell on March 18 as Iran war fuels inflation?,2026-03-16,The Times of India,https://economictimes.indiatimes.com/news/international/us/could-the-federal-reserve-raise-interest-rates-again-despite-earlier-fed-rate-cut-signals-why-markets-fear-a-hawkish-jerome-powell-on-march-18-as-iran-war-fuels-inflation/articleshow/129614424.cms,-0.531728208065033,negative
"Credit Applications Hit 3-Year Peak as Banks Slash Rejection Rates, NY Fed Says",2026-03-16,pymnts.com,https://www.pymnts.com/economy/2026/credit-applications-hit-3-year-peak-as-banks-slash-rejection-rates-ny-fed-says/,0.8677859306335449,positive
What homebuyers should do as mortgage rates rise again,2026-03-16,CBS News,https://www.cbsnews.com/news/what-homebuyers-should-do-mortgage-rates-rise-march-2026/,0.0,neutral
"$5,000 high-yield savings account vs. $5,000 money market account: Which will be more profitable in 2026?",2026-03-16,CBS News,https://www.cbsnews.com/news/5000-high-yield-savings-account-vs-5000-money-market-account-which-more-profitable-2026/,0.0,neutral
Microvast Reports 2025 Financial Results,2026-03-16,GlobeNewswire,https://www.globenewswire.com/news-release/2026/03/16/3256778/0/en/Microvast-Reports-2025-Financial-Results.html,0.0,neutral
Justice Department asks Judge Boasberg to reconsider order quashing Powell subpoenas,2026-03-16,Fox News,https://www.foxnews.com/politics/justice-department-asks-judge-boasberg-reconsider-order-quashing-powell-subpoenas,-0.561833381652832,negative
"VALUE LINE, INC. ANNOUNCES THIRD QUARTER EARNINGS",2026-03-16,GlobeNewswire,https://www.globenewswire.com/news-release/2026/03/16/3256801/0/en/VALUE-LINE-INC-ANNOUNCES-THIRD-QUARTER-EARNINGS.html,0.0,neutral
Silicon Valley Bank collapse: Lessons three years later,2026-03-16,Techtarget.com,https://www.techtarget.com/searchcio/feature/Silicon-Valley-Bank-collapse-Lessons-three-years-later,0.0,neutral
"Gold, silver ETFs bear the brunt of West Asia war",2026-03-16,BusinessLine,https://www.thehindubusinessline.com/news/gold-silver-etfs-bear-the-brunt-of-west-asia-war/article70750278.ece,0.0,neutral
US Stocks: US manufacturing output increases; homebuilder sentiment ticks up,2026-03-16,The Times of India,https://economictimes.indiatimes.com/markets/us-stocks/news/us-stocks-us-manufacturing-output-increases-homebuilder-sentiment-ticks-up/articleshow/129613698.cms,0.929165542125702,positive
Dollar Heads for Worst Day in Over a Month as Oil Prices Decline,2026-03-16,Financial Post,https://financialpost.com/pmn/business-pmn/dollar-heads-for-worst-day-in-over-a-month-as-oil-prices-decline,-0.9521364569664,negative
Iran war: Why gold prices are not soaring?,2026-03-16,DW (English),https://www.dw.com/en/iran-war-why-gold-prices-are-not-soaring/a-76381602,0.0,neutral
Circle is up 100% in a month: Why this boring stablecoin stock is suddenly the hottest trade in crypto,2026-03-16,CoinDesk,https://www.coindesk.com/markets/2026/03/16/circle-is-up-100-in-a-month-why-this-boring-stablecoin-is-suddenly-the-hottest-trade-in-crypto,0.0,neutral
Treasuries Join Global Bond Rally as Oil Drops From Recent Peaks,2026-03-16,Financial Post,https://financialpost.com/pmn/business-pmn/treasuries-join-global-bond-rally-as-oil-drops-from-recent-peaks,-0.8677855730056763,negative
Stock market today: Live updates,2026-03-16,CNBC,https://www.cnbc.com/2026/03/16/stock-market-today-live-updates.html,0.0,neutral
Fed Options Trade Earns $10 Million as Oil Upends Rate-Cut Views,2026-03-16,Financial Post,https://financialpost.com/pmn/business-pmn/fed-options-trade-earns-10-million-as-oil-upends-rate-cut-views,-0.7106505632400513,negative
‘TOTAL CORRUPTION’: Anti-Trump Judge Boasberg issues order protecting Fed chief Jerome Powell from subpoena,2026-03-16,Wnd.com,https://www.wnd.com/2026/03/total-corruption-anti-trump-judge-boasberg-issues-order/,-0.6636494398117065,negative
"Why is Dow Jones up by 0.32%, S&P 500 by 0.64% and Nasdaq by 1.06%, and will US stock market indexes stay up or go down again? Wall Street rise, biggest gainers, losers, analysts insights and market outlook explained. Here's what should investors do now",2026-03-16,The Times of India,https://economictimes.indiatimes.com/news/international/us/why-is-dow-jones-up-by-0-32-sp-500-by-0-64-and-nasdaq-by-1-06-and-will-us-stock-market-indexes-stay-up-or-go-down-again-wall-street-rise-biggest-gainers-losers-analysts-insights-and-market-outlook-explained-heres-what-should-investors-do-now/articleshow/129611625.cms,0.0,neutral
Iran war is making it harder for the Federal Reserve to cut interest rates - CBS News,2026-03-16,Slashdot.org,https://slashdot.org/firehose.pl?op=view&amp;id=181004962,-0.5134221315383911,negative
"Why are oil prices plunging? US oil prices crash below $95 per barrel, WTI crude plunges 8% in 12 hours as geopolitics shake energy markets",2026-03-16,The Times of India,https://economictimes.indiatimes.com/news/international/us/why-are-oil-prices-plunging-us-oil-prices-crash-below-95-per-barrel-wti-crude-plunges-8-in-12-hours-as-geopolitics-shake-energy-markets/articleshow/129611801.cms,-0.9587169885635376,negative
"Why are US stock market index futures up now, and will Dow Jones, S&P 500 and Nasdaq stay in green or turn red again? Wall Street futures rise, analysts insights and market outlook explained. Here's what should investors do now",2026-03-16,The Times of India,https://economictimes.indiatimes.com/news/international/us/why-are-us-stock-market-index-futures-up-now-and-will-dow-jones-sp-500-and-nasdaq-stay-in-green-or-turn-red-again-wall-street-futures-rise-analysts-insights-and-market-outlook-explained-heres-what-should-investors-do-now/articleshow/129611133.cms,0.0,neutral
The record-breaking average age of first-time homebuyers revealed,2026-03-16,Realtor.com News,https://www.realtor.com/news/trends/first-time-homebuyer-age-studies/?cid=eml__1946:66e221571a4446d4e6969d41:rm202603161030_Marketing_Consumer_Daily_EditorialRSSDynamic,0.0,neutral
Worse than inflation: BofA lays out a disruptive scenario that markets haven't priced in yet,2026-03-16,Business Insider,https://www.businessinsider.com/stock-market-inflation-recession-iran-oil-prices-war-economy-bofa-2026-3,0.0,neutral
NASDAQ Stages Strong Rebound as Tech Stocks Lead Gains Amid Easing Oil Prices and Geopolitical Optimism,2026-03-16,Ibtimes.com.au,https://www.ibtimes.com.au/nasdaq-stages-strong-rebound-tech-stocks-lead-gains-amid-easing-oil-prices-geopolitical-optimism-1863542,0.9242039322853088,positive
"The energy crisis isn’t recessionary yet, but there’s a scenario where oil prices could bring the US economy to a ‘standstill,’ Oxford Economics says",2026-03-16,Fortune,https://fortune.com/2026/03/16/us-economy-at-a-standstill-if-oil-prices-stay-high-iran-conflict-oxford-economics/,-0.9250298142433168,negative
"What are today's mortgage interest rates: March 16, 2026?",2026-03-16,CBS News,https://www.cbsnews.com/news/todays-mortgage-interest-rates-march-16-2026/,0.0,neutral
US Stock Market | Fed likely to wait and watch before rate moves: Steve Englander,2026-03-17,The Times of India,https://economictimes.indiatimes.com/markets/us-stocks/news/us-stock-market-fed-likely-to-wait-and-watch-before-rate-moves-steve-englander/articleshow/129624115.cms,0.0,neutral
"Asian Stocks Rise Led by Technology, Oil Rebounds: Markets Wrap",2026-03-17,Financial Post,https://financialpost.com/pmn/business-pmn/asian-stocks-rise-led-by-technology-oil-rebounds-markets-wrap,0.6838312745094299,positive
The Fed is likely to hold rates steady with volatile oil prices and poor US jobs performance,2026-03-17,Business Insider,https://www.businessinsider.com/march-fed-decision-fomc-powell-hold-rates-us-iran-war-2026-3,-0.9671529531478882,negative
"Rupee: Outflows, strong dollar weigh on the rupee",2026-03-17,BusinessLine,https://www.thehindubusinessline.com/portfolio/technical-analysis/rupeeoutflows-strong-dollar-weigh-on-the-rupee/article70753594.ece,-0.8550336956977844,negative
CDFI Assets Fell For The First Time In Years. Here’s What That Really Means.,2026-03-17,Nextcity.org,https://nextcity.org/urbanist-news/cdfi-assets-fell-for-the-first-time-credit-union-cdfi-certification,-0.6780942678451538,negative
"Gold Steadies as Traders Weigh Inflation Risks, Oil-Supply Shock",2026-03-17,Financial Post,https://financialpost.com/pmn/business-pmn/gold-steadies-as-traders-weigh-inflation-risks-oil-supply-shock,-0.4266006648540497,negative
"Australia interest rate hike: Rise is a risk, but we can fight inflation in other ways",2026-03-17,The Sydney Morning Herald,https://www.smh.com.au/business/the-economy/hiking-rates-is-such-a-blunt-instrument-there-are-other-better-ways-to-target-inflation-20260317-p5ob3u.html,0.6494720578193665,positive
"Why are US stock market index futures down today, and Dow Jones, S&P 500 and Nasdaq in red now? Wall Street futures drop, analysts insights and market outlook explained. Here's what should investors do now",2026-03-17,The Times of India,https://economictimes.indiatimes.com/news/international/us/why-are-us-stock-market-index-futures-down-today-and-dow-jones-sp-500-and-nasdaq-in-red-now-wall-street-futures-drop-analysts-insights-and-market-outlook-explained-heres-what-should-investors-do-now/articleshow/129630882.cms,-0.6728495359420776,negative
US Stock Market: Fed faces tough choices as Iran war fuels inflation fears,2026-03-17,The Times of India,https://economictimes.indiatimes.com/markets/us-stocks/news/us-stock-market-fed-faces-tough-choices-as-iran-war-fuels-inflation-fears/articleshow/129623186.cms,-0.8880233764648438,negative
Trump ups pressure for Fed chair Powell to cut rates ‘right now’,2026-03-17,Cointelegraph,https://cointelegraph.com/news/fed-should-hold-special-meeting-cut-rates-now-trump,-0.6821327209472656,negative
US Stock Market: Bond investors turn defensive as Middle East conflict clouds Fed outlook,2026-03-17,The Times of India,https://economictimes.indiatimes.com/markets/us-stocks/news/us-stock-market-bond-investors-turn-defensive-as-middle-east-conflict-clouds-fed-outlook/articleshow/129623875.cms,-0.9311968088150024,negative
"The Average Credit Card Debt in America Hits a Record High of $6,580 Per Individual in 2026, A Latest Report Launched by ElitePersonalFinance",2026-03-17,GlobeNewswire,https://www.globenewswire.com/news-release/2026/03/17/3256926/0/en/The-Average-Credit-Card-Debt-in-America-Hits-a-Record-High-of-6-580-Per-Individual-in-2026-A-Latest-Report-Launched-by-ElitePersonalFinance.html,0.742285966873169,positive
US Stock Market | Wall Street ends higher as traders return to AI stocks,2026-03-17,The Times of India,https://economictimes.indiatimes.com/markets/us-stocks/news/us-stock-market-wall-street-ends-higher-as-traders-return-to-ai-stocks/articleshow/129621957.cms,0.7625294923782349,positive
Gold price prediction for April: What could be likely Gold rate in April?,2026-03-17,The Times of India,https://economictimes.indiatimes.com/news/international/us/gold-price-prediction-for-april-what-could-be-likely-gold-rate-in-april/articleshow/129621947.cms,0.0,neutral
US dollar firms on war uncertainty; Aussie wobbles after RBA,2026-03-17,CNA,https://www.channelnewsasia.com/business/us-dollar-firms-war-uncertainty-aussie-wobbles-after-rba-5997726,-0.929391622543335,negative
Traders Snap Up Protection Against Extreme FX Swings on War Risk,2026-03-17,Financial Post,https://financialpost.com/pmn/business-pmn/traders-snap-up-protection-against-extreme-fx-swings-on-war-risk,-0.5749910473823547,negative
NZX unbothered by Aussie cash rate lift – Market close,2026-03-17,New Zealand Herald,https://www.nzherald.co.nz/business/markets/shares/nzx-unbothered-by-aussie-cash-rate-lift-market-close/premium/R7V5IK5KUNFWFN3S5W6N6JMATY/,-0.4971859455108642,negative
Gold firms as investors assess West Asia fallout ahead of policy decisions,2026-03-17,BusinessLine,https://www.thehindubusinessline.com/markets/gold/gold-firms-as-investors-assess-west-asia-fallout-ahead-of-policy-decisions/article70752462.ece,0.4772444069385528,positive
"Why are gold and silver prices surging now, and will precious metals continue to rise or fall again? Analysts insights, market outlook and what should investors do now",2026-03-17,The Times of India,https://economictimes.indiatimes.com/news/international/us/why-are-gold-and-silver-prices-surging-now-and-will-precious-metals-continue-to-rise-or-fall-again-analysts-insights-market-outlook-and-what-should-investors-do-now/articleshow/129631424.cms,0.0,neutral
"The polls and ND’s higher numbers, leader Nikos A. fills a Wembley, OPEKEPE 2 involves MPs (not ministers?), National Bank and Allianz",2026-03-17,Protothema.gr,https://en.protothema.gr/2026/03/17/the-polls-and-nds-higher-numbers-leader-nikos-a-fills-a-wembley-opekepe-2-involves-mps-not-ministers-national-bank-and-allianz/,0.0,neutral
"Spare us the theatrics: An oil shock should prompt macro responses, not gimmicks",2026-03-17,Livemint,https://www.livemint.com/opinion/online-views/oil-shock-macro-responses-gimmicks-central-banks-federal-reserve-monetary-fiscal-policy-11773666427870.html,0.0,neutral
"Gold steady as investors await central bank decisions, weigh Mideast risks",2026-03-17,The Times of India,https://economictimes.indiatimes.com/markets/commodities/news/gold-steady-as-investors-await-central-bank-decisions-weigh-mideast-risks/articleshow/129621969.cms,-0.344836950302124,negative
Central banks meet as Mideast war fuels inflation fears,2026-03-17,Hurriyet Daily News,https://www.hurriyetdailynews.com/central-banks-meet-as-mideast-war-fuels-inflation-fears-220043,-0.8093016743659973,negative
BIS urges central banks not to rush reactions to energy price spike,2026-03-17,BusinessLine,https://www.thehindubusinessline.com/money-and-banking/bis-urges-central-banks-not-to-rush-reactions-to-energy-price-spike/article70752492.ece,0.0,neutral
RBA Delivers Back-to-Back Rate Hikes in Split Decision,2026-03-17,Financial Post,https://financialpost.com/pmn/business-pmn/rba-delivers-back-to-back-rate-hikes-in-split-decision,0.0,neutral
Iran Hits UAE Gas Field; Trump Delays China Summit,2026-03-17,Omny.fm,https://omny.fm/shows/bloomberg-daybreak/iran-continues-attacks-trump-delays-xi-summit,-0.835819661617279,negative
European markets struggle for direction as oil prices fluctuate,2026-03-17,CNBC,https://www.cnbc.com/2026/03/17/european-markets-stoxx-600-ftse-dax-cac-iran-news-and-oil-prices.html,-0.957733988761902,negative
How the Fed and other central banks can bark without biting,2026-03-17,The Times of India,https://economictimes.indiatimes.com/news/international/business/how-the-fed-and-other-central-banks-can-bark-without-biting/articleshow/129626105.cms,0.0,neutral
"Chief Justice: Personal attacks on judges are ""dangerous and it's got to stop""",2026-03-17,CBS News,https://www.cbsnews.com/news/chief-justice-roberts-says-personal-attacks-judges-dangerous/,-0.7756665349006653,negative
The Fed issues its latest interest rate decision Wednesday. Here's what to expect,2026-03-17,CNBC,https://www.cnbc.com/2026/03/17/the-fed-issues-its-latest-interest-rate-decision-wednesday-heres-what-to-expect.html,0.0,neutral
US Stocks Gain as Investors Buy the Dip While Iran War Escalates,2026-03-17,Financial Post,https://financialpost.com/pmn/business-pmn/us-stocks-gain-as-investors-buy-the-dip-while-iran-war-escalates,-0.4821199774742126,negative
"Why are US stock market indexes up today, and Dow Jones, S&P 500 and Nasdaq are in green now? Wall Street rise, biggest gainers and losers, analysts insights and market outlook. Here's what should investors do now",2026-03-17,The Times of India,https://economictimes.indiatimes.com/news/international/us/why-are-us-stock-market-indexes-up-today-and-dow-jones-sp-500-and-nasdaq-are-in-green-now-wall-street-rise-biggest-gainers-and-losers-analysts-insights-and-market-outlook-heres-what-should-investors-do-now/articleshow/129634037.cms,0.0,neutral
Oil prices climb as fresh strikes target infrastructure,2026-03-17,Digital Journal,https://www.digitaljournal.com/world/oil-prices-climb-as-fresh-strikes-target-infrastructure/article,-0.7215677499771118,negative
Iran War Has Exacerbated Fed's 'Worst Nightmare',2026-03-17,Newser,https://www.newser.com/story/385551/iran-war-puts-new-pressure-on-feds-rate-decisions.html,-0.9174227118492126,negative
New economic projections signal a tricky Federal Reserve path - Axios,2026-03-17,Slashdot.org,https://slashdot.org/firehose.pl?op=view&amp;id=181025822,0.6781041026115417,positive
Wall Street ends up as traders turn to US Fed,2026-03-17,The Straits Times,https://www.straitstimes.com/business/companies-markets/wall-street-ends-up-as-traders-turn-to-fed,0.0,neutral
Bitcoin Buyers Return After February Selloff – Is the Downtrend Losing Momentum?,2026-03-17,Bitcoinist,https://bitcoinist.com/bitcoin-buyers-return-february-selloff-downtrend/,-0.9593268036842346,negative
US Economy’s Strength Hinges on How Much the Rich Spend,2026-03-17,Financial Post,https://financialpost.com/pmn/business-pmn/us-economys-strength-hinges-on-how-much-the-rich-spend,0.0,neutral
"Why aren’t gold prices rising, despite Iran war uncertainty?",2026-03-17,Al Jazeera English,https://www.aljazeera.com/economy/2026/3/17/why-arent-gold-prices-rising-despite-iran-war-uncertainty,0.0,neutral
Qfin Holdings Announces Fourth Quarter and Full Year 2025 Unaudited Financial Results and Raises Semi-Annual Dividend,2026-03-17,GlobeNewswire,https://www.globenewswire.com/news-release/2026/03/17/3257777/0/en/Qfin-Holdings-Announces-Fourth-Quarter-and-Full-Year-2025-Unaudited-Financial-Results-and-Raises-Semi-Annual-Dividend.html,0.0,neutral
The Fed Keeps Getting Hit With New Shocks in Its Yearslong Inflation Fight - WSJ,2026-03-17,Slashdot.org,https://slashdot.org/firehose.pl?op=view&amp;id=181025640,-0.5212525129318237,negative
Moody’s recession odds hit ‘point of no return’ preparing Bitcoin to show its true market value in 2026,2026-03-17,CryptoSlate,https://cryptoslate.com/moodys-recession-odds-hit-point-of-no-return-preparing-bitcoin-to-show-its-true-market-value-in-2026/,0.7807784080505371,positive
How many rate cuts? Iran war upends Federal Reserve’s next steps - AP News,2026-03-17,Slashdot.org,https://slashdot.org/firehose.pl?op=view&amp;id=181026168,0.0,neutral
US economy’s strength hinges on how much the rich spend,2026-03-17,OCRegister,https://www.ocregister.com/2026/03/17/us-economys-strength-hinges-on-how-much-the-rich-spend/,0.0,neutral
How many rate cuts? Iran war upends Federal Reserve's next steps,2026-03-17,Boston Herald,https://www.bostonherald.com/2026/03/17/federal-reserve-iran/,0.0,neutral
How many rate cuts? Iran war upends Federal Reserve's next steps,2026-03-17,Abcnews.com,https://abcnews.com/Business/wireStory/rate-cuts-iran-war-upends-federal-reserves-steps-131155919,0.0,neutral
PTSB shines on Austrian bid hopes as European shares advance,2026-03-17,The Irish Times,https://www.irishtimes.com/business/2026/03/17/ptsb-shines-on-austrian-bid-hopes-as-european-shares-advance/,0.9030661582946776,positive
Trump promised lower costs; the Iran conflict now threatens that pledge,2026-03-17,Fox News,https://www.foxnews.com/politics/trump-promised-lower-costs-iran-conflict-now-threatens-pledge,0.5962029099464417,positive
The US consumer is hitting a rough patch,2026-03-17,Retail Dive,https://www.retaildive.com/news/iran-war-us-consumer-sentiment-spending-rough-patch/814797/,-0.9573777318000792,negative
Oil prices climb as fresh strikes target infrastructure,2026-03-17,The Punch,https://punchng.com/oil-prices-climb-as-fresh-strikes-target-infrastructure/,-0.7215677499771118,negative
Morgan Stanley Sticks With June Rate Cut Call as Oil Surges,2026-03-17,Financial Post,https://financialpost.com/pmn/business-pmn/morgan-stanley-sticks-with-june-rate-cut-call-as-oil-surges,-0.352043867111206,negative
Stocks rise as oil prices ease off earlier highs,2026-03-17,CNA,https://www.channelnewsasia.com/business/stocks-rise-oil-prices-ease-earlier-highs-5997706,0.4819702804088592,positive
"How much interest can a $20,000 money market account earn in 2026?",2026-03-17,CBS News,https://www.cbsnews.com/news/how-much-interest-20000-money-market-account-earn-2026/,0.0,neutral
Stocks climb as oil prices back off earlier gains,2026-03-17,CNA,https://www.channelnewsasia.com/business/stocks-climb-oil-prices-back-earlier-gains-5997706,-0.5725919604301453,negative
Bitcoin's rally faces key hurdle with Wednesday's Fed meeting,2026-03-17,CoinDesk,https://www.coindesk.com/markets/2026/03/17/bitcoin-s-rally-faces-key-hurdle-with-wednesday-s-fed-meeting,0.5137786865234375,positive
"What are today's mortgage interest rates: March 17, 2026?",2026-03-17,CBS News,https://www.cbsnews.com/news/todays-mortgage-interest-rates-march-17-2026/,0.0,neutral
"Federal Reserve holds interest rates steady, citing economic uncertainty",2026-03-18,CBS News,https://www.cbsnews.com/news/federal-reserve-fomc-march-18-interest-rate-decision/,-0.7244926691055298,negative
Brent crude oil prices surge towards $110 after Israel strikes Iran’s largest gas plant: Why US gas prices jump to highest since 2023 - will it rise further as Iran calls Gulf energy sites “legitimate targets”?,2026-03-18,The Times of India,https://economictimes.indiatimes.com/news/international/us/brent-crude-oil-prices-surge-towards-110/barrel-after-israel-strikes-irans-largest-gas-plant-why-us-gas-prices-jump-to-highest-since-2023-will-it-rise-further-as-iran-calls-gulf-energy-sites-legitimate-targets/articleshow/129661183.cms,0.4821215271949768,positive
Federal Reserve Leaves Interest Rates Unchanged (Colby Smith/New York Times),2026-03-18,Memeorandum.com,https://www.memeorandum.com/260318/p73,0.0,neutral
New deputy mayor elected: Arun Chauhan wins Dhanbad deputy mayor election; Pledges commitment to development and transparency,2026-03-18,The Times of India,https://timesofindia.indiatimes.com/city/ranchi/new-deputy-mayor-elected-arun-chauhan-wins-dhanbad-deputy-mayor-election-pledges-commitment-to-development-and-transparency/articleshow/129663994.cms,0.9023687243461608,positive
"Empowering through STEM: Class IX student develops 5 km audio transmitter; Boosting STEM education for over 36,000 girls in Jharkhand",2026-03-18,The Times of India,https://timesofindia.indiatimes.com/city/ranchi/empowering-through-stem-class-ix-student-develops-5-km-audio-transmitter-boosting-stem-education-for-over-36000-girls-in-jharkhand/articleshow/129664003.cms,0.8381615877151489,positive
Federal Reserve holds policy steady as Iran war adds to growth and inflation concerns,2026-03-18,CoinDesk,https://www.coindesk.com/markets/2026/03/18/federal-reserve-holds-policy-steady-as-it-balances-growth-and-inflation-concerns,-0.8562741875648499,negative
Nandankanan to try leopard breeding with big cats from Gujarat,2026-03-18,The Times of India,https://timesofindia.indiatimes.com/city/bhubaneswar/nandankanan-to-try-leopard-breeding-with-big-cats-from-gujarat/articleshow/129663995.cms,0.0,neutral
Mumbai: Gulf war may spike price of plastic products,2026-03-18,The Times of India,https://timesofindia.indiatimes.com/city/mumbai/mumbai-gulf-war-may-spike-price-of-plastic-products/articleshow/129662570.cms,-0.9594570994377136,negative
Land-filling: Flying squad inspects fields at Salvador do Mundo,2026-03-18,The Times of India,https://timesofindia.indiatimes.com/city/goa/land-filling-flying-squad-inspects-fields-at-salvador-do-mundo/articleshow/129663898.cms,0.0,neutral
"US stock crashes big today: Why S&P 500, Nasdaq have suddenly fallen - Dow down 400 points while S&P and Nasdaq slip 0.5%",2026-03-18,The Times of India,https://economictimes.indiatimes.com/news/international/us/us-stock-crashes-big-today-why-sp-500-nasdaq-have-suddenly-fallen-dow-down-400-points-while-sp-and-nasdaq-slip-0-5/articleshow/129661158.cms,-0.9703630208969116,negative
Navy to deploy warship for joint mission with personnel from 16 friendly nations,2026-03-18,The Times of India,https://timesofindia.indiatimes.com/city/goa/navy-to-deploy-warship-for-joint-mission-with-personnel-from-16-friendly-nations/articleshow/129663916.cms,0.5481680631637573,positive
Investors are wondering if stocks have seen the worst of the Iran war,2026-03-18,Financial Post,https://financialpost.com/investing/investors-wondering-stocks-seen-worst-of-iran-war,-0.81062251329422,negative
"Polar Loop Gen 2 review: Works like a smart ring, feels like a smartwatch",2026-03-18,The Times of India,https://timesofindia.indiatimes.com/technology/reviews/polar-loop-gen-2-review-works-like-a-smart-ring-feels-like-a-smartwatch/articleshow/129662814.cms,0.0,neutral
"Lava Blaze Duo 3 review: Go for design, stay for ‘clean experience’",2026-03-18,The Times of India,https://timesofindia.indiatimes.com/technology/reviews/lava-blaze-duo-3-review-go-for-design-stay-for-clean-experience/articleshow/129663286.cms,0.0,neutral
Who Is Baiano? Streamer Under Fire After Awkward Interview Gesture Toward Gen.G Star Chovy Sparks Debate,2026-03-18,The Times of India,https://timesofindia.indiatimes.com/world/us-streamers/who-is-baiano-streamer-under-fire-after-awkward-interview-gesture-toward-gen-g-star-chovy-sparks-debate/articleshow/129663977.cms,0.0,neutral
"Maharashtra: Fire at residential building in Manpada, no one injured",2026-03-18,The Times of India,https://timesofindia.indiatimes.com/city/mumbai/maharashtra-fire-at-residential-building-in-manpada-no-one-injured/articleshow/129662361.cms,-0.8772072792053223,negative
Ranchi Municipal Corporation mandates structural checks on hoardings; Urgent repairs needed to avert safety hazards,2026-03-18,The Times of India,https://timesofindia.indiatimes.com/city/ranchi/ranchi-municipal-corporation-mandates-structural-checks-on-hoardings-urgent-repairs-needed-to-avert-safety-hazards/articleshow/129663824.cms,0.0,neutral
US Federal Reserve keeps rates unchanged; revises inflation outlook upward to 2.7%,2026-03-18,The Times of India,https://economictimes.indiatimes.com/markets/us-stocks/news/us-federal-reserve-keeps-rates-unchanged-as-policymakers-balance-iran-war-and-macro-data/articleshow/129662486.cms,0.8257221579551697,positive
Fed still expects to cut rates once this year despite spiking oil prices,2026-03-18,CNBC,https://www.cnbc.com/2026/03/18/dot-plot-fed-still-expects-to-cut-rates-once-this-year-despite-spiking-oil-prices-.html,-0.6917786598205566,negative
Gulmarg hotels withdraw HC pleas after J&K govt dispels eviction fears on lease expiry,2026-03-18,The Times of India,https://timesofindia.indiatimes.com/india/gulmarg-hotels-withdraw-hc-pleas-after-jk-govt-dispels-eviction-fears-on-lease-expiry/articleshow/129663961.cms,-0.944213092327118,negative
Bus Body Code issue: Rahul flags cost burden; Gadkari stresses safety,2026-03-18,The Times of India,https://timesofindia.indiatimes.com/india/bus-body-code-issue-rahul-flags-cost-burden-gadkari-stresses-safety/articleshow/129663804.cms,0.0,neutral
"Names of 72,000 doctors cut from Maharashtra Medical Council (MMC) voter list, members express concern",2026-03-18,The Times of India,https://timesofindia.indiatimes.com/city/mumbai/names-of-72000-doctors-cut-from-maharashtra-medical-council-mmc-voter-list-members-express-concern/articleshow/129662442.cms,-0.9275209307670592,negative
Wholesale inflation hits highest level in a year — and Iran war is fueling more rising prices fears,2026-03-18,New York Post,https://nypost.com/2026/03/18/business/wholesale-inflation-hits-highest-level-in-a-year-and-iran-war-is-fueling-more-fears-about-rising-prices/,-0.5445071458816528,negative
Fed holds rates amid higher inflation outlook: Bitcoin bounces to $72K,2026-03-18,Cointelegraph,https://cointelegraph.com/markets/fed-holds-rates-amid-higher-inflation-outlook-bitcoin-bounces-to-dollar72k,0.6534522175788879,positive
Goldman Tells Dealmakers Not to Wait for Perfection in M&A Chase,2026-03-18,Financial Post,https://financialpost.com/pmn/business-pmn/goldman-tells-dealmakers-not-to-wait-for-perfection-in-ma-chase,0.0,neutral
Federal Reserve Holds Key Rate Steady,2026-03-18,Newser,https://www.newser.com/story/385662/federal-reserve-holds-key-rate-steady.html,0.0,neutral
Fed Maintains Interest Rates as CRE Confronts New Uncertainty From Iran War,2026-03-18,Commercial Observer,http://commercialobserver.com/2026/03/fed-interest-rate-pause-iran-war-jerome-powell/,-0.615799605846405,negative
Federal Reserve leaves interest rates unchanged,2026-03-18,The Irish Times,https://www.irishtimes.com/business/economy/2026/03/18/federal-reserve-leaves-interest-rates-unchanged/,0.0,neutral
‘Aage yehi sab kaam dekhenge’: CM’s remark hints succession buzz,2026-03-18,The Times of India,https://timesofindia.indiatimes.com/city/patna/aage-yehi-sab-kaam-dekhenge-cms-remark-hints-succession-buzz/articleshow/129663911.cms,0.0,neutral
Fed meeting updates: FOMC set to hold rates steady as oil prices soar - Business Insider,2026-03-18,Slashdot.org,https://slashdot.org/firehose.pl?op=view&amp;id=181036244,0.0,neutral
WATCH: DNI Tulsi Gabbard provides intelligence assessment on Iran during Senate hearing,2026-03-18,Abcnews.com,https://abcnews.com/video/131190717/,0.0,neutral
Stocks sink as market digests $110-per-barrel oil,2026-03-18,Fortune,https://fortune.com/2026/03/18/stocks-sink-as-market-digests-110-per-barrel-oil/,-0.9522151350975036,negative
Fed holds rates steady as sticky inflation and geopolitics pressure markets,2026-03-18,Crypto Briefing,https://cryptobriefing.com/fed-holds-rates-steady-inflation-geopolitical-pressure/,-0.6725171208381653,negative
The Fed holds rates steady and punts on the Middle East: ‘uncertain’,2026-03-18,Fortune,https://fortune.com/2026/03/18/federal-reserve-decision-iran-war-inflation-jobs-rates-steady/,0.0,neutral
Australian Dollar Steady Near 0.71 Amid RBA Rate Hike Aftermath and Hawkish Outlook,2026-03-18,Ibtimes.com.au,https://www.ibtimes.com.au/australian-dollar-steady-near-071-amid-rba-rate-hike-aftermath-hawkish-outlook-1863743,-0.7899969816207886,negative
Expectations for the next Fed rate cut get pushed back after hot inflation report - CNBC,2026-03-18,Slashdot.org,https://slashdot.org/firehose.pl?op=view&amp;id=181036344,0.0,neutral
"Watch: Humanoid robot plays tennis with precision, sparks debate on future of sports",2026-03-18,The Times of India,https://timesofindia.indiatimes.com/etimes/trending/watch-humanoid-robot-plays-tennis-with-precision-sparks-debate-on-future-of-sports/articleshow/129663594.cms,0.0,neutral
"Federal Reserve holds interest rates steady amid Iran war, mixed economic signals",2026-03-18,New York Post,https://nypost.com/2026/03/18/business/federal-reserve-holds-interest-rates-steady-amid-iran-war-mixed-economic-signals/,-0.9016587138175964,negative
Fed holds interest rates steady — here’s what that means for consumers,2026-03-18,CNBC,https://www.cnbc.com/2026/03/18/fed-march-rate-decision.html,0.0,neutral
Fed Holds Rates Steady,2026-03-18,Breitbart News,https://www.breitbart.com/economy/2026/03/18/fed-decision-march-2026/,0.0,neutral
Federal Reserve announces it will hold interest rates steady,2026-03-18,CBS News,https://www.cbsnews.com/video/fed-announces-it-will-hold-interest-rates-steady/,0.0,neutral
"Fed votes to hold rates steady, notes 'uncertain' impacts from Iran war",2026-03-18,CNBC,https://www.cnbc.com/2026/03/18/fed-interest-rate-decision-march-2026.html,-0.5635519027709961,negative
"Bitcoin, Ethereum Waver as Fed Holds Interest Rates Steady",2026-03-18,Decrypt,https://decrypt.co/361603/bitcoin-ethereum-waver-fed-holds-interest-rates-steady,-0.7721421122550964,negative
4 civic hosps in Mumbai set to get MRI facilities within 6 mths,2026-03-18,The Times of India,https://timesofindia.indiatimes.com/city/mumbai/4-civic-hosps-in-mumbai-set-to-get-mri-facilities-within-6-mths/articleshow/129662437.cms,0.8484726548194885,positive
Fed Meeting Live Updates: Powell Faces a Tenuous Moment for Interest Rates and U.S. Economy - The New York Times,2026-03-18,Slashdot.org,https://slashdot.org/firehose.pl?op=view&amp;id=181037002,-0.5398969054222107,negative
"Live updates: Interest rates steady, Federal Reserve forecasts 1 rate cut in 2026",2026-03-18,Yahoo Entertainment,https://consent.yahoo.com/v2/collectConsent?sessionId=1_cc-session_1da32f3c-f273-469a-ab68-937df5d734ba,0.0,neutral
Federal Reserve issues FOMC statement,2026-03-18,Federalreserve.gov,https://www.federalreserve.gov/newsevents/pressreleases/monetary20260318a.htm,0.0,neutral
Cooking shift sparks crisis: Ranchi residents ditch LPG for electric cooktops; Power demand surges nearly 5% amid rising electricity usage,2026-03-18,The Times of India,https://timesofindia.indiatimes.com/city/ranchi/cooking-shift-sparks-crisis-ranchi-residents-ditch-lpg-for-electric-cooktops-power-demand-surges-nearly-5-amid-rising-electricity-usage/articleshow/129664025.cms,-0.6051539182662964,negative
"Why are US stock market indexes down today, and will S&P 500, Nasdaq and Dow Jones stay in red or turn green again? Wall Street fall, biggest gainers, losers, analysts insights, market outlook explained. Here's what investors should do now",2026-03-18,The Times of India,https://economictimes.indiatimes.com/news/international/us/why-are-us-stock-market-indexes-down-today-and-will-sp-500-nasdaq-and-dow-jones-stay-in-red-or-turn-green-again-wall-street-fall-biggest-gainers-losers-analysts-insights-and-market-outlook-explained-heres-what-investors-should-do-now/articleshow/129665474.cms,0.0,neutral
"Fed holds rates steady, flags inflation risks amid US–Iran conflict uncertainty",2026-03-18,BusinessLine,https://www.thehindubusinessline.com/money-and-banking/fed-holds-rates-steady-flags-inflation-risks-amid-usiran-conflict-uncertainty/article70759723.ece,-0.4996650218963623,negative
2nd LD Writethru: U.S. Fed keeps interest rate unchanged at 3.5-3.75 pct,2026-03-18,The Star Online,https://www.thestar.com.my/news/world/2026/03/19/2nd-ld-writethru-us-fed-keeps-interest-rate-unchanged-at-35-375-pct,-0.56093829870224,negative
Jim Cramer says you can still find stocks to buy on tough days in the market,2026-03-18,CNBC,https://www.cnbc.com/2026/03/18/jim-cramer-you-can-still-find-stocks-to-buy-on-tough-days-in-the-market.html,0.0,neutral
"Stocks Slump on Worries About Inflation, Interest Rates",2026-03-18,Newser,https://www.newser.com/story/385676/stocks-slump-on-worries-about-inflation-interest-rates.html,-0.95443993806839,negative
WATCH: TSA agent on working without pay: No ‘fuel to continue coming to work',2026-03-18,Abcnews.com,https://abcnews.com/video/131196756/,0.0,neutral
Powell has 'no intention of leaving' the Fed until Trump's DOJ probe is closed,2026-03-18,NBC News,https://www.nbcnews.com/business/economy/powell-fed-trump-doj-probe-rcna264173,0.0,neutral
Economic uncertainty fuels Fed decision to leave interest rates unchanged,2026-03-18,CBS News,https://www.cbsnews.com/video/economic-uncertainty-fed-decision-interest-rates-unchanged/,-0.7722681760787964,negative
Here are the five key takeaways from this week's Fed meeting,2026-03-18,CNBC,https://www.cnbc.com/2026/03/18/here-are-the-five-key-takeaways-from-this-weeks-fed-meeting.html,0.0,neutral
Fed Reserve Chair Says Trump’s Policies Mostly to Blame for Inflation,2026-03-18,The New Republic,https://newrepublic.com/post/207951/federal-reserve-chair-powell-trump-policies-inflation,-0.5163536667823792,negative
"Companies See Inflation Inching Up to 2.1%, Atlanta Fed Says",2026-03-18,pymnts.com,https://www.pymnts.com/economy/2026/companies-see-inflation-inching-up-to-2-1-atlanta-fed-says/,0.9227784872055054,positive
"Fed leaves rates unchanged, says geopolitical uncertainty clouds outlook",2026-03-18,Cointelegraph,https://cointelegraph.com/news/fed-leaves-rates-unchanged-geopolitical-uncertainty,-0.7095322608947754,negative
WATCH: 'Spider-Man: Brand New Day' trailer debuts,2026-03-18,Abcnews.com,https://abcnews.com/video/131187161/,0.0,neutral
Bitcoin Stalls Near $75K As Traders Move Coins To Exchanges,2026-03-18,newsBTC,http://www.newsbtc.com/news/bitcoin/bitcoin-stalls-near-75k-as-traders-move-coins-to-exchanges/,-0.8830035328865051,negative
"Powell says ‘stagflation’ belongs to the 1970s, not today’s US economy",2026-03-18,BusinessLine,https://www.thehindubusinessline.com/money-and-banking/powell-says-stagflation-belongs-to-the-1970s-not-todays-us-economy/article70759717.ece,0.0,neutral
"Bitcoin sinks below $71,000, stocks close at session lows, as 2026 Fed rate cut hopes fade further",2026-03-18,CoinDesk,https://www.coindesk.com/markets/2026/03/18/bitcoin-sinks-below-usd71-000-stocks-close-at-session-lows-as-2026-rate-cut-hopes-fade-further,-0.9367924332618712,negative
Stock market today: Live updates,2026-03-18,CNBC,https://www.cnbc.com/2026/03/18/stock-market-today-live-updates.html,0.0,neutral
BOJ set to hold rates steady as Middle East conflict muddles outlook,2026-03-18,CNA,https://www.channelnewsasia.com/business/boj-set-hold-rates-steady-middle-east-conflict-muddles-outlook-6002681,-0.8129196166992188,negative
Fox Host Unsettled by Latest Economic Data: ‘This Does Not Look Good’,2026-03-18,Mediaite,https://www.mediaite.com/media/tv/fox-host-unsettled-by-latest-economic-data-this-does-not-look-good/,-0.9492915272712708,negative
"Fed meeting live updates: Federal Reserve holds interest rates steady, forecasts 1 rate cut in 2026 - Yahoo Finance",2026-03-18,Slashdot.org,https://slashdot.org/firehose.pl?op=view&amp;id=181038068,0.0,neutral
Federal Reserve opts for no interest rate change despite labor slowdown ‘some argue’ should trigger reduction,2026-03-18,Wnd.com,https://www.wnd.com/2026/03/federal-reserve-opts-no-interest-rate-change-despite/,0.0,neutral
Powell says he has 'no intention of leaving' Fed during DOJ investigation,2026-03-18,Fox News,https://www.foxnews.com/politics/powell-says-he-has-no-intention-leaving-fed-during-doj-investigation,0.0,neutral
"US Fed keeps interest rates steady amid economic, geopolitical uncertainty",2026-03-18,Al Jazeera English,https://www.aljazeera.com/economy/2026/3/18/us-fed-keeps-interest-rates-steady-amid-economic-geopolitical-uncertainty,0.0,neutral
3 big takeaways from the Fed's March meeting,2026-03-18,Business Insider,https://www.businessinsider.com/inflation-jobs-powell-march-fed-meeting-takeaways-interest-rates-fomc-2026-3,0.0,neutral
Fed: interest rates unchanged amid war and energy crisis,2026-03-18,Protothema.gr,https://en.protothema.gr/2026/03/18/fed-interest-rates-unchanged-amid-war-and-energy-crisis/,-0.5128626227378845,negative
Jerome Powell Vows To Stay On At Fed Until DOJ Investigation Concludes,2026-03-18,HuffPost,https://www.huffpost.com/entry/jerome-powell-stay-fed-chair_n_69baf935e4b05b29d3ca5e3d,0.0,neutral
5 things to watch on the ASX 200 on Thursday,2026-03-18,Motley Fool Australia,https://www.fool.com.au/2026/03/19/5-things-to-watch-on-the-asx-200-on-thursday-19-march-2026/,0.0,neutral
How war in Middle East impacted Fed's interest rate decision,2026-03-18,CBS News,https://www.cbsnews.com/video/how-war-middle-east-impacted-feds-interest-rate-decision/,0.0,neutral
WATCH: Florida deputy uses grappling gun to end pursuit,2026-03-18,Abcnews.com,https://abcnews.com/video/131194877/,0.0,neutral
Southern California’s 59% jump in house payments chills homebuying,2026-03-18,OCRegister,https://www.ocregister.com/2026/03/18/southern-californias-59-jump-in-house-payments-chills-homebuying/,-0.9617959260940552,negative
WATCH: Florida cops ride paddleboards to catch suspect who jumped into river,2026-03-18,Abcnews.com,https://abcnews.com/video/131195057/,0.0,neutral
"Gold price slides below $5,000, drops to over one-month low",2026-03-18,The Times of India,https://economictimes.indiatimes.com/markets/commodities/news/gold-price-drops-below-5000-drops-to-over-one-month-low/articleshow/129665055.cms,-0.960702896118164,negative
"Fed holds rates steady, still projects one rate cut in 2026",2026-03-18,Financial Post,https://financialpost.com/news/fed-holds-rates-steady-2,0.0,neutral
Powell Vows to Stay at Fed Until Investigation Is Over,2026-03-18,Newser,https://www.newser.com/story/385674/powell-vows-to-stay-at-fed-until-investigation-is-over.html,0.0,neutral
"U.S. stocks sink on worries about inflation as gold falls below $5,000 per ounce",2026-03-18,PBS,https://www.pbs.org/newshour/economy/u-s-stocks-sink-on-worries-about-inflation-as-gold-falls-below-5000-per-ounce,-0.94775652885437,negative
Jerome Powell: Oil price rally will lead to a rise in inflation in the short term,2026-03-18,Protothema.gr,https://en.protothema.gr/2026/03/18/jerome-powell-oil-price-rally-will-lead-to-a-rise-in-inflation-in-the-short-term/,-0.522766649723053,negative
US Fed raises inflation outlook over 'uncertain' Iran war impact,2026-03-18,CNA,https://www.channelnewsasia.com/world/us-fed-rate-raises-inflation-outlook-rates-unchanged-uncertain-impact-iran-war-6002516,-0.75507652759552,negative
Bitcoin falls under $71K but data shows BTC’s bullish momentum holding,2026-03-18,Cointelegraph,https://cointelegraph.com/markets/bitcoin-falls-under-71k-but-data-shows-btc-s-bullish-momentum-holding,0.8871854543685913,positive
1st LD: U.S. Fed keeps interest rate unchanged at 3.5-3.75 pct,2026-03-18,The Star Online,https://www.thestar.com.my/news/world/2026/03/19/1st-ld-us-fed-keeps-interest-rate-unchanged-at-35-375-pct,0.0,neutral
Analysis: The Fed's Powell just delivered a new blow to Warsh's plans for swift rate cuts,2026-03-18,CNBC,https://www.cnbc.com/2026/03/18/fedjerome-powell-interest-rates-kevin-warsh-iran-war-oil.html,-0.7935321927070618,negative
Could Timing of Fed Rates Moves Indicate Where Shoe Prices Are Headed?,2026-03-18,WWD,http://wwd.com/footwear-news/shoe-industry-news/federal-reserve-interest-rates-inflation-shoes-prices-1238682264/,0.0,neutral
U.S. wholesale prices rise by a surprisingly hot 3.4% in February,2026-03-18,Japan Today,https://japantoday.com/category/business/us-producer-prices-rose-by-a-surprisingly-hot-3.4-last-month-the-most-in-a-year,0.9254148602485656,positive
Tough Love For New Disney CEO Josh D’Amaro As Wall Street Frets Over Sluggish Stock,2026-03-18,Deadline,http://deadline.com/2026/03/disney-stock-price-ceo-josh-damaro-wall-street-1236759103/,-0.8051312565803528,negative
Federal Reserve holds a key interest rate steady amid growing economic pressures,2026-03-18,NPR,https://www.npr.org/2026/03/18/nx-s1-5751863/federal-reserve-holds-a-key-interest-rate-steady-amid-growing-economic-pressures,0.5449519157409668,positive
Jerome Powell says he will remain US Fed chief until successor confirmed,2026-03-18,The Times of India,https://economictimes.indiatimes.com/markets/us-stocks/news/jerome-powell-says-he-will-remain-us-fed-chief-until-successor-confirmed/articleshow/129665471.cms,0.0,neutral
Asia markets set to track Wall Street losses as Iran war fuels energy worries; BOJ rate decision on deck,2026-03-18,CNBC,https://www.cnbc.com/2026/03/19/asia-markets-live-boj-nikkei-kospi-hang-seng.html,-0.5464689135551453,negative
Federal Reserve issues FOMC statement - Federal Reserve Board (.gov),2026-03-18,Slashdot.org,https://slashdot.org/firehose.pl?op=view&amp;id=181037602,0.0,neutral
Instant Reaction: Jay Powell on the Fed Decision,2026-03-18,Omny.fm,https://omny.fm/shows/bloomberg-surveillance/instant-reaction-jay-powell-on-the-fed-decision-9,0.0,neutral
SNB Restates Increased Resolve on Franc as Rate Held at Zero,2026-03-19,Financial Post,https://financialpost.com/pmn/business-pmn/snb-restates-increased-resolve-on-franc-as-rate-held-at-zero,0.9113914966583252,positive
Swap your super to cash or ride out the market ructions? The experts weigh in,2026-03-19,ABC News (AU),https://www.abc.net.au/news/2026-03-20/middle-east-war-australian-superannuation-funds/106468230,0.0,neutral
It’s Official: Trump’s Tariffs Have Failed,2026-03-19,Foreign Policy,http://foreignpolicy.com/2026/03/19/trump-tariffs-trade-failure-deficit-reindustrialization-china-economy-costs/,0.0,neutral
Oil prices surge after Iran and Israel trade attacks on gasfields,2026-03-19,TheJournal.ie,https://www.thejournal.ie/oil-prices-gasfield-attacks-6989139-Mar2026/,-0.8571252226829529,negative
Bitcoin Dips Under $70K as Stocks Tumble on Hawkish Fed Hold—What’s Next?,2026-03-19,Decrypt,https://decrypt.co/361683/bitcoin-dips-under-70k-as-stocks-tumble-on-hawkish-fed-hold-whats-next,-0.7384507060050964,negative
Crypto News: Pepeto Announces Binance Executive While Bitcoin Price Prediction Targets $200K Despite Fed Hold,2026-03-19,GlobeNewswire,https://www.globenewswire.com/news-release/2026/03/19/3259483/0/en/Crypto-News-Pepeto-Announces-Binance-Executive-While-Bitcoin-Price-Prediction-Targets-200K-Despite-Fed-Hold.html,0.0,neutral
"Sensex Crashes 2,100 Points As Oil Tops $110, Fed Holds Rates",2026-03-19,Illustrateddailynews.com,https://www.illustrateddailynews.com/business/sensex-crashes-2100-points-as-oil-tops-110-fed-holds-rates-860386,0.0,neutral
Bitcoin tests old 2021 top as gold falls to six-week lows under $4.7K,2026-03-19,Cointelegraph,https://cointelegraph.com/markets/bitcoin-tests-old-2021-top-gold-falls-six-week-lows-under-4-7k,-0.8823241591453552,negative
"What’s happening with gold and silver prices? Why gold and silver prices are crashing despite US–Iran war and stock market turbulence - gold now below $4,700 and silver falling under $70",2026-03-19,The Times of India,https://economictimes.indiatimes.com/news/international/us/whats-happening-with-gold-and-silver-prices-why-gold-and-silver-prices-are-crashing-despite-usiran-war-and-stock-market-turbulence-gold-now-below-4700-and-silver-falling-under-70/articleshow/129678294.cms,-0.9434271454811096,negative
Federal judge temporarily changes grand jury rules after Trump effort to charge members of Congress,2026-03-19,Fox News,https://www.foxnews.com/us/federal-judge-temporarily-changes-grand-jury-rules-after-trump-effort-charge-members-congress,-0.9275820851325988,negative
UK Yields Jump as Traders Bet on Three BOE Rate Hikes in 2026,2026-03-19,Financial Post,https://financialpost.com/pmn/business-pmn/uk-yields-jump-as-traders-bet-on-three-boe-rate-hikes-in-2026,-0.7126048803329468,negative
"Stock Market Highlights: Sensex plunges 2,496.89 points to settle at 74,207.24; Nifty tanks 775.65 points to 23,002.15",2026-03-19,BusinessLine,https://www.thehindubusinessline.com/markets/stock-market-highlights-march-19-2026/article70757921.ece,-0.9567636251449584,negative
Wall Street bigs are desperately pleading with the White House to end Trump’s Powell feud,2026-03-19,New York Post,https://nypost.com/2026/03/19/business/wall-street-bigs-are-desperately-pleading-with-the-white-house-to-end-trumps-powell-feud/,-0.6191264390945435,negative
"Before Disney named a new CEO, it made sure the CFO was staying",2026-03-19,Fortune,https://fortune.com/2026/03/19/before-disney-named-new-ceo-made-sure-cfo-staying/,0.0,neutral
"US Stock Market Today | Dow Jones | Nasdaq Live: US stock futures dip as soaring oil prices, Fed outlook spook investors",2026-03-19,Economictimes.com,https://m.economictimes.com/markets/us-stocks/news/us-stock-market-live-dow-jones-sp-500-nasdaq-trump-iran-israel-war-crude-brent-oil-tech-ai-stock-price-news-fed-rate-impact/liveblog/129679941.cms,-0.9607784152030944,negative
BOE ‘Ready to Act’ on Inflation After 9-0 Vote to Hold Rates,2026-03-19,Financial Post,https://financialpost.com/pmn/business-pmn/boe-ready-to-act-on-inflation-after-9-0-vote-to-hold-rates,0.0,neutral
One Judge Just Showed Why Jerome Powell Is Free to Stand Up To Trump’s Bullying,2026-03-19,Slate Magazine,https://slate.com/news-and-politics/2026/03/jerome-powell-trump-bullying-fed-rates-supreme-court.html,0.0,neutral
WATCH: People are lining up to pay for the cowboy experience,2026-03-19,Abcnews.com,https://abcnews.com/video/131210859/,0.0,neutral
Wall Street dreads economic catastrophe as Trump guardrails erode: 'What is he doing?',2026-03-19,Raw Story,https://www.rawstory.com/trump-iran-economy-2676344032/,-0.8270400166511536,negative
Oil And Natural Gas Prices Soar As Iran Attacks Gulf Energy Facilities,2026-03-19,HuffPost,https://www.huffpost.com/entry/financial-markets-iran-war_n_69bbb6d3e4b05b29d3cab5a8,-0.7891891002655029,negative
Asian shares skid as oil tops $111 a barrel and Wall Street slumps,2026-03-19,Japan Today,https://japantoday.com/category/business/asian-shares-skid-as-oil-tops-111-a-barrel-and-wall-street-slumps,-0.9646500945091248,negative
Traders now see little chance of an interest rate cut this year following Fed decision,2026-03-19,CNBC,https://www.cnbc.com/2026/03/19/traders-rate-cut.html,-0.8070496320724487,negative
Oil up after Iran strikes Middle East energy facilities,2026-03-19,RTE,https://www.rte.ie/news/business/2026/0319/1564110-world-oil-prices/,-0.4584077596664428,negative
"Applications for jobless benefits fall to 205,000 as layoffs remain historically low",2026-03-19,Abcnews.com,https://abcnews.com/Business/wireStory/us-applications-jobless-benefits-fall-205000-week-layoffs-131215380,-0.9731757044792176,negative
"Gold falls to over one-month low on stronger dollar, hawkish Fed tone",2026-03-19,The Times of India,https://economictimes.indiatimes.com/markets/commodities/gold-falls-to-over-one-month-low-on-stronger-dollar-hawkish-fed-tone/articleshow/129678948.cms,-0.9067428112030028,negative
"Bears attack! Sensex, Nifty see biggest single-day fall since June 2024 crash",2026-03-19,The Times of India,https://economictimes.indiatimes.com/markets/stocks/news/bears-attack-sensex-nifty-see-biggest-single-day-fall-since-june-2024-crash/articleshow/129678232.cms,-0.9158490896224976,negative
"Silver futures tumble ₹9,031 to ₹2.39 lakh/kg amid crude oil surge, Fed stance",2026-03-19,BusinessLine,https://www.thehindubusinessline.com/markets/gold/silver-futures-tumble-9031-to-239-lakhkg-amid-crude-oil-surge-fed-stance/article70760897.ece,-0.914681315422058,negative
Bitcoin plunges to $71K with sell signals flashing and mixed indicators,2026-03-19,The Times of India,https://economictimes.indiatimes.com/markets/cryptocurrency/bitcoin-plunges-4-3-to-71k-with-sell-signals-flashing-and-mixed-indicators/articleshow/129672733.cms,-0.9350443482398988,negative
War in the Middle East: latest developments,2026-03-19,Digital Journal,https://www.digitaljournal.com/world/war-in-the-middle-east-latest-developments-14/article,0.0,neutral
Iran war expected to prevent Bank of England from cutting interest rates,2026-03-19,Abcnews.com,https://abcnews.com/International/wireStory/iran-war-expected-prevent-bank-england-cutting-interest-131209469,-0.7293375730514526,negative
Asian shares skid as oil tops $111 a barrel and Wall Street slumps,2026-03-19,Abcnews.com,https://abcnews.com/Business/wireStory/asian-shares-skid-oil-tops-111-barrel-wall-131206159,-0.9646500945091248,negative
"Gold falls to over one-month low on firm dollar, hawkish Fed",2026-03-19,BusinessLine,https://www.thehindubusinessline.com/markets/gold/gold-falls-to-over-one-month-low-on-firm-dollar-hawkish-fed/article70760948.ece,-0.9400598406791688,negative
ECB to talk tough as Iran war raises inflation fears,2026-03-19,RTE,https://www.rte.ie/news/business/2026/0319/1564100-ecb-to-talk-tough-as-iran-war-raises-inflation-fears/,-0.7137774229049683,negative
Federal Reserve holds benchmark interest rate steady amid wartime uncertainty,2026-03-19,NPR,https://www.npr.org/2026/03/19/nx-s1-5751865/federal-reserve-holds-benchmark-interest-rate-steady-amid-wartime-uncertainty,-0.4509532153606415,negative
Bitcoin OGs dump over $100 million in BTC after hawkish Fed dents rate cut hopes,2026-03-19,CoinDesk,https://www.coindesk.com/markets/2026/03/19/bitcoin-ogs-dump-over-usd100-million-in-btc-after-hawkish-fed-dents-rate-cut-hopes,-0.8229264616966248,negative
"Stock market crashes over 2% on HDFC Bank fall, fuel surge, US Fed hawkish outlook",2026-03-19,The Indian Express,https://indianexpress.com/article/explained/explained-economics/stock-market-crash-sensex-nifty-hdfc-bank-oil-price-surge-10590178/,-0.955048680305481,negative
Stocks slump on worsening war in Middle East,2026-03-19,The Irish Times,https://www.irishtimes.com/business/markets/2026/03/19/stocks-slump-on-worsening-war-in-middle-east/,-0.9413551688194276,negative
"The Trump Administration’s proposed capital gains tax cut could add nearly $1 trillion to the national debt within the decade, think tank warns",2026-03-19,Fortune,https://fortune.com/2026/03/19/the-trump-administration-proposed-capital-gains-tax-cut-add-1-trillion-national-debt-committee-for-responsible-federal-budget/,0.0,neutral
Trump Calls for Iran De-escalation; Oil and LNG Jump,2026-03-19,Omny.fm,https://omny.fm/shows/bloomberg-daybreak/trump-calls-for-iran-de-escalation-oil-and-lng-jump,0.0,neutral
"Taiwan central bank leaves key rate unchanged, raises growth outlook",2026-03-19,CNA,https://www.channelnewsasia.com/business/taiwan-central-bank-leaves-key-rate-unchanged-raises-growth-outlook-6003931,0.8159344792366028,positive
"Bitcoin Bear Market ‘Lines Up’ With 2022, Analyst Warns Of Next Stop At $45,000 And $35,000",2026-03-19,Bitcoinist,https://bitcoinist.com/bitcoin-bear-market-lines-with-2022-analyst-warns/,0.3667623102664947,positive
Brent crude spikes above $115/bbl after attacks on Mideast energy assets multiply,2026-03-19,The Times of India,https://economictimes.indiatimes.com/markets/commodities/news/brent-crude-spikes-above-115/bbl-after-attacks-on-mideast-energy-assets-multiply/articleshow/129674798.cms,0.6241723299026489,positive
"Taiwan central bank raises growth outlook, sees war impact on inflation",2026-03-19,CNA,https://www.channelnewsasia.com/business/taiwan-central-bank-raises-growth-outlook-sees-war-impact-inflation-6003931,0.5443969368934631,positive
Sweden Holds Interest Rates Steady as Iran War Clouds Outlook,2026-03-19,Financial Post,https://financialpost.com/pmn/business-pmn/sweden-holds-interest-rates-steady-as-iran-war-clouds-outlook,-0.7077850699424744,negative
"US Stock Futures Dip as Iran War, High Inflation Clouds Outlooks",2026-03-19,Financial Post,https://financialpost.com/pmn/business-pmn/us-stock-futures-dip-as-iran-war-high-inflation-clouds-outlooks,-0.9477216005325316,negative
WATCH: Epstein investigation in UK asks for United States cooperation,2026-03-19,Abcnews.com,https://abcnews.com/video/131207175/,0.0,neutral
The Two Forces Reshaping Your Portfolio – February Dividend Income Report,2026-03-19,Thedividendguyblog.com,https://thedividendguyblog.com/the-two-forces-reshaping-your-portfolio-february/,0.0,neutral
"Euro and yen gain, pushing dollar index lower following central bank decisions",2026-03-19,CNA,https://www.channelnewsasia.com/business/euro-and-yen-gain-pushing-dollar-index-lower-following-central-bank-decisions-6003086,-0.8741589188575745,negative
Powell Says Too Soon to Judge War’s Impact as Inflation Keeps Fed on Hold,2026-03-19,Financial Post,https://financialpost.com/pmn/business-pmn/powell-says-too-soon-to-judge-wars-impact-as-inflation-keeps-fed-on-hold,-0.6247552633285522,negative
Economists say risk of recession rises if oil cost hits a key benchmark as Iran war continues,2026-03-19,New York Post,https://nypost.com/2026/03/19/business/economists-say-risk-of-recession-rises-if-oil-cost-hits-a-key-benchmark-as-iran-war-continues/,-0.5892459750175476,negative
Bitcoin falls below $70K as markets tumble after oil price spike,2026-03-19,TheStreet,https://www.thestreet.com/crypto/trading/bitcoin-falls-below-70k-as-markets-tumble-after-oil-price-spike,-0.9252148270606996,negative
Mortgage rates jump to highest level in over 3 months,2026-03-19,Fox Business,https://www.foxbusiness.com/economy/mortgage-rates-march-19-2026,0.8829360008239746,positive
Bitcoin ETF inflow streak snaps with $164M outflows amid BTC dip,2026-03-19,Cointelegraph,https://cointelegraph.com/news/spot-bitcoin-etf-end-inflow-streak-164-million-outflows,-0.9661832451820374,negative
Powell says he will stay on as head of the Fed until Warsh is confirmed,2026-03-19,Freerepublic.com,https://freerepublic.com/focus/f-chat/4371318/posts,0.0,neutral
Pete Hegseth explodes at 'Trump Derangement Syndrome' as he claims Iran war is an overwhelming success,2026-03-19,Freerepublic.com,https://freerepublic.com/focus/f-news/4371283/posts,-0.8745749592781067,negative
WATCH: Jury sides with rapper Afroman in police music video case,2026-03-19,Abcnews.com,https://abcnews.com/video/131222474/,0.0,neutral
Ahead of Market: 10 things that will decide stock market action on Friday,2026-03-19,The Times of India,https://economictimes.indiatimes.com/markets/stocks/news/ahead-of-market-10-things-that-will-decide-stock-market-action-on-friday/articleshow/129683153.cms,0.0,neutral
"View: Don't panic, don't capitulate; investors try to see beyond Iran war, says Mike Dolan",2026-03-19,The Times of India,https://economictimes.indiatimes.com/markets/us-stocks/news/view-dont-panic-dont-capitulate-investors-try-to-see-beyond-iran-war-says-mike-dolan/articleshow/129683574.cms,0.0,neutral
Impact of rising fuel costs on Fed's interest rate decision,2026-03-19,CBS News,https://www.cbsnews.com/video/impact-of-rising-fuel-costs-on-feds-interest-rate-decision/,-0.5085410475730896,negative
Hawkish Fed and sticky inflation send risk assets sliding,2026-03-19,Crypto Briefing,https://cryptobriefing.com/hawkish-fed-sticky-inflation-risk-assets-slide/,-0.9047163724899292,negative
"New Crypto: Ethereum-Based Remittix Passes 40,000 Holders As Bitcoin Price Prediction Weakens As Fed Holds Rates",2026-03-19,GlobeNewswire,https://www.globenewswire.com/news-release/2026/03/19/3259302/0/en/New-Crypto-Ethereum-Based-Remittix-Passes-40-000-Holders-As-Bitcoin-Price-Prediction-Weakens-As-Fed-Holds-Rates.html,-0.8189771771430969,negative
"Swiss National Bank keeps rates at zero, eyes Iran war",2026-03-19,RTE,https://www.rte.ie/news/business/2026/0319/1564118-swiss-national-bank-keeps-rates-at-zero/,0.0,neutral
"Trump signals DOJ should continue Powell probe, complicating Warsh Fed nom",2026-03-19,CNBC,https://www.cnbc.com/2026/03/19/trump-powell-warsh-fed-doj-pirro.html,-0.902163565158844,negative
XRP Wins Major Regulatory Clarity As Commodity Status Emerges,2026-03-19,newsBTC,http://www.newsbtc.com/xrp-news/xrp-wins-major-regulatory-clarity/,0.9264439344406128,positive
"Fed Chair Jerome Powell says U.S. economy is ‘amazing’—but admits ‘we just don’t know’ as inflation, jobs, and oil shocks cloud the outlook",2026-03-19,Fortune,https://fortune.com/2026/03/19/jerome-powell-economy-is-amazing-iran-war-inflation-jobs-data-oil-shocks/,-0.4399542808532715,negative
"What are today's mortgage interest rates: March 19, 2026?",2026-03-19,CBS News,https://www.cbsnews.com/news/todays-mortgage-interest-rates-march-19-2026/,0.0,neutral
WATCH: Oil and gas prices surge as Iran escalates strikes on Gulf refineries,2026-03-19,Abcnews.com,https://abcnews.com/video/131222684/,-0.8397035002708435,negative
"Gold falls 5%, silver dips 12% in a week amid strong dollar, inflation concerns",2026-03-19,The Times of India,https://economictimes.indiatimes.com/industry/cons-products/fashion-/-cosmetics-/-jewellery/gold-falls-5-silver-dips-12-in-a-week-amid-strong-dollar-inflation-concerns/articleshow/129686178.cms,-0.9579268097877502,negative
GOP Lawmakers Push for New Fed-Treasury Accord,2026-03-19,pymnts.com,https://www.pymnts.com/news/regulation/2026/gop-lawmakers-push-for-new-fed-treasury-accord/,0.0,neutral
"‘A month ago, no one would have believed this’: June Fed rate hike odds just surpassed rate cut odds as stagflation fears grow",2026-03-19,Fortune,https://fortune.com/2026/03/19/federal-reserve-rate-hike-odds-increase-jerome-powell-donald-trump-iran-war/,0.5373262166976929,positive
Gold-mining stocks set to erase 2026 gains as rate-cut bets fade,2026-03-19,Financial Post,https://financialpost.com/commodities/mining/gold-mining-stocks-set-to-erase-2026-gains,-0.8628716468811035,negative
Is the home buying market improving?,2026-03-19,Ncspin.com,https://www.ncspin.com/is-the-home-buying-market-improving,0.8833662271499634,positive
"Why copper price falling amid gold silver crash? Copper down 2.48% at $5.46, while gold plunged 6.59%, and silver crashed 10.71%",2026-03-19,The Times of India,https://economictimes.indiatimes.com/news/international/us/why-copper-price-falling-amid-gold-silver-crash-copper-down-2-48-at-5-46-while-gold-plunged-6-59-to-4573-50-and-silver-crashed-10-71-to-69-28/articleshow/129683211.cms,-0.96729838848114,negative
European Central Bank holds rates unchanged as energy shock from Iran war causes massive uncertainty,2026-03-19,Abcnews.com,https://abcnews.com/Business/wireStory/european-central-bank-holds-rates-unchanged-energy-shock-131218789,-0.6826804876327515,negative
"How much interest can a $30,000 money market account earn in 2026?",2026-03-19,CBS News,https://www.cbsnews.com/news/how-much-interest-30000-money-market-account-2026/,0.0,neutral
"Federal funds rate explained: How it impacts your loans, savings and daily costs",2026-03-19,The Times of India,https://economictimes.indiatimes.com/news/international/us/federal-funds-rate-explained-how-it-impacts-your-loans-savings-and-daily-costs/articleshow/129682157.cms,0.0,neutral
"Silver price crash today: Why is silver price down 15% and falling below $65, will silver fall further or rebound? Gold, silver, platinum, and copper plunge into deep red",2026-03-19,The Times of India,https://economictimes.indiatimes.com/news/international/us/silver-price-crash-today-why-is-silver-price-down-15-and-falling-below-65-will-silver-fall-further-or-rebound-gold-silver-platinum-and-copper-plunge-into-deep-red/articleshow/129680651.cms,-0.9397145509719848,negative
Fed Keeps Interest Rates Unchanged as Gas Prices Spike,2026-03-19,TODAY,https://www.today.com/video/federal-reserve-holds-interest-rates-steady-as-gas-prices-spike-259580485587,0.0,neutral
"US stocks today: Dow drops 200 points, Nasdaq slips 1% as oil prices surge amid Iran war",2026-03-19,The Times of India,https://economictimes.indiatimes.com/markets/us-stocks/news/us-stocks-today-dow-down-200-points-nasdaq-slips-1-as-oil-prices-surge-amid-iran-war/articleshow/129680946.cms,-0.966284990310669,negative
ECB keeps rates on hold at 2pc,2026-03-19,Independent.ie,https://www.independent.ie/business/irish/ecb-keeps-rates-on-hold-at-2pc/a1146587585.html,0.0,neutral
ECB warns of inflation as Iran war wages on,2026-03-19,POLITICO.eu,https://www.politico.eu/article/eu-ecb-doom-warning-iran-war-wages-on/,-0.9178034663200378,negative
Nobody Cared: A Letter to the Enablers of American Collapse,2026-03-19,Fair Observer,https://www.fairobserver.com/world-news/nobody-cared-a-letter-to-the-enablers-of-american-collapse/,0.0,neutral
US job market steady as unemployment claims fall,2026-03-19,The Times of India,https://economictimes.indiatimes.com/news/international/global-trends/us-job-market-unemployment-claims-drop-unexpectedly-signaling-stability-amid-economic-turmoil/articleshow/129680661.cms,-0.9311710596084596,negative
"Nobel economist Paul Krugman says stagflation risk is rising, even after the Fed dismisses it",2026-03-19,Business Insider,https://www.businessinsider.com/stagflation-paul-krugman-inflation-economy-policy-jerome-powell-trump-iran-2026-3,0.910319209098816,positive
"Sensex, Nifty crash 3.26% in biggest fall since June 2024",2026-03-19,BusinessLine,https://www.thehindubusinessline.com/markets/sensex-nifty-crash-326-in-biggest-fall-since-june-2024/article70761914.ece,-0.9520718455314636,negative
"HELOC interest rates just fell again. Here's how much a $40,000 HELOC will cost per month now.",2026-03-19,CBS News,https://www.cbsnews.com/news/heloc-interest-rates-fell-how-much-40000-cost-per-month/,0.0,neutral
"Why US stock market Dow Jones crashes big today: Dow Jones, S&P 500, Nasdaq fall today as gold and silver prices crash while oil surges; Fed uncertainty and Iran war fears hit Wall Street",2026-03-19,The Times of India,https://economictimes.indiatimes.com/news/international/us/why-us-stock-market-dow-jones-crashes-big-today-dow-jones-sp-500-nasdaq-fall-today-as-gold-and-silver-prices-crash-while-oil-surges-fed-uncertainty-and-iran-war-fears-hit-wall-street/articleshow/129682257.cms,-0.9625349044799804,negative
Oil approaches $115 per barrel as market realizes higher for longer is very possible,2026-03-19,Fortune,https://fortune.com/2026/03/19/how-high-oil-barrel-price-brent-crude/,0.65245121717453,positive
Iran war escalation wakes markets up to risks of deeper economic pain,2026-03-19,The Times of India,https://economictimes.indiatimes.com/markets/us-stocks/news/iran-war-escalation-wakes-markets-up-to-risks-of-deeper-economic-pain/articleshow/129682513.cms,-0.7071942090988159,negative
European Central Bank warns of major hit from Mideast war,2026-03-19,The Times of India,https://economictimes.indiatimes.com/markets/us-stocks/news/european-central-bank-warns-of-major-hit-from-mideast-war/articleshow/129681275.cms,-0.8837878108024597,negative
The New York Fed DSGE Model Forecast—March 2026,2026-03-19,Newyorkfed.org,https://libertystreeteconomics.newyorkfed.org/2026/03/the-new-york-fed-dsge-model-forecast-march-2026/,0.0,neutral
"WATCH: Dancing robot gets too funky, has to be restrained",2026-03-19,Abcnews.com,https://abcnews.com/video/131217687/,0.0,neutral
"Sensex, Nifty crash 3.26% in biggest fall since June 2024",2026-03-19,BusinessLine,https://www.thehindubusinessline.com/markets/stock-markets/sensex-nifty-crash-326-in-biggest-fall-since-june-2024/article70761914.ece,-0.9520718455314636,negative
Ancient Bitcoin Whales Sell Over $117 Million In BTC As Chances Of Another Fed Rate Cut Shrink,2026-03-19,ZyCrypto,https://zycrypto.com/ancient-bitcoin-whales-sell-over-117-million-in-btc-as-chances-of-another-fed-rate-cut-shrink/,0.5533029437065125,positive
"Euro and yen strengthens, dollar eases as central banks hold rates",2026-03-19,CNA,https://www.channelnewsasia.com/business/euro-and-yen-strengthens-dollar-eases-central-banks-hold-rates-6003086,0.5935338139533997,positive
"Dow Jones Today: Industrial Average Closes Lower at 46,021 Amid Inflation Concerns and Oil Price Surge",2026-03-20,Ibtimes.com.au,https://www.ibtimes.com.au/dow-jones-today-industrial-average-closes-lower-46021-amid-inflation-concerns-oil-price-surge-1863852,-0.9695390462875366,negative
Gold Set for Worst Week in Six Years as War Curbs Rate-Cut Bets,2026-03-20,Financial Post,https://financialpost.com/pmn/business-pmn/gold-set-for-worst-week-in-six-years-as-war-curbs-rate-cut-bets,-0.9077329635620116,negative
10 Friday AM Reads,2026-03-20,Ritholtz.com,https://ritholtz.com/2026/03/10-friday-am-reads-491/,0.0,neutral
Australian Shares Close Lower as ASX 200 Hits Four-Month Low Amid Geopolitical Tensions and Rate Uncertainty,2026-03-20,Ibtimes.com.au,https://www.ibtimes.com.au/australian-shares-close-lower-asx-200-hits-four-month-low-amid-geopolitical-tensions-rate-1863877,-0.960280179977417,negative
"Bitcoin Beyond the Halving: Why CoinEx Sees a More Selective, Institutional Crypto Cycle Ahead",2026-03-20,GlobeNewswire,https://www.globenewswire.com/news-release/2026/03/20/3259585/0/en/Bitcoin-Beyond-the-Halving-Why-CoinEx-Sees-a-More-Selective-Institutional-Crypto-Cycle-Ahead.html,0.0,neutral
Silver futures rebound to ₹2.4 lakh/kg as value buying halts 7-day slide,2026-03-20,BusinessLine,https://www.thehindubusinessline.com/markets/commodities/silver-futures-rebound-to-24-lakhkg-as-value-buying-halts-7-day-slide/article70764481.ece,-0.5774574279785156,negative
"Share Market Highlights: Sensex, Nifty climb on IT rebound; rupee slips to 93.71/USD",2026-03-20,BusinessLine,https://www.thehindubusinessline.com/markets/stock-market-highlights-march-20-2026/article70762174.ece,-0.824210524559021,negative
US Stock Market | Wall Street ends down as traders see no rate cuts before 2027,2026-03-20,The Times of India,https://economictimes.indiatimes.com/markets/us-stocks/news/us-stock-market-wall-street-ends-down-as-traders-see-no-rate-cuts-before-2027/articleshow/129690449.cms,-0.9399209022521972,negative
"Mortgage Interest Rates Today: 30-Year Fixed Averages 6.22% as of March 19, 2026, Up Slightly",2026-03-20,Ibtimes.com.au,https://www.ibtimes.com.au/mortgage-interest-rates-today-30-year-fixed-averages-622-march-19-2026-slightly-1863853,0.9369651675224304,positive
Posthaste: Is the Bank of Canada at risk of letting inflation get the upper hand again?,2026-03-20,Financial Post,https://financialpost.com/news/bank-of-canada-risk-blowing-inflation,-0.7584165334701538,negative
Treasuries Slide as Elevated Oil Prices Fuel Inflation Fears,2026-03-20,Financial Post,https://financialpost.com/pmn/business-pmn/treasuries-slide-as-elevated-oil-prices-fuel-inflation-fears,-0.9328847527503968,negative
Gold set for worst week in six years as war curbs rate-cut bets,2026-03-20,The Times of India,https://economictimes.indiatimes.com/markets/commodities/news/gold-set-for-worst-week-in-six-years-as-war-curbs-rate-cut-bets/articleshow/129699635.cms,-0.9077329635620116,negative
Dollar toppled as oil shock turns central banks hawkish,2026-03-20,CNA,https://www.channelnewsasia.com/business/dollar-toppled-oil-shock-turns-central-banks-hawkish-6005916,-0.7953856587409973,negative
"Why gold and silver prices are surging more than 1% today after a big crash: Gold rebounds to $4,662 and silver climbs above $72 – will the rebound last or fade again?",2026-03-20,The Times of India,https://economictimes.indiatimes.com/news/international/us/why-gold-and-silver-prices-are-surging-more-than-1-today-after-a-big-crash-gold-rebounds-to-4662-and-silver-climbs-above-72-will-the-rebound-last-or-fade-again/articleshow/129699958.cms,0.0,neutral
"Bitcoin jumps to $70,800 as oil retreats; ether and XRP lag",2026-03-20,CoinDesk,https://www.coindesk.com/markets/2026/03/20/bitcoin-jumps-to-usd70-800-as-oil-retreats-ether-and-xrp-lag,-0.7371028065681458,negative
"Graphs, Data and Perspectives: Amid West Asia war, why central banks are between a rock and hard place",2026-03-20,The Indian Express,https://indianexpress.com/article/explained/explained-economics/graphs-data-perspectives-gdp-central-bank-stance-war-10592130/,0.0,neutral
U.S. Treasury yields edge higher as Iran war drives inflation pressure,2026-03-20,CNBC,https://www.cnbc.com/2026/03/20/us-treasury-yields-edge-higher-as-iran-war-drives-inflation-pressure.html,-0.8200936317443848,negative
Gold's price is falling fast: Here's what comes next,2026-03-20,TheStreet,https://www.thestreet.com/investing/golds-price-is-falling-fast-heres-what-comes-next,0.0,neutral
"Markets claw back after 775-point Nifty rout as de-escalation hopes cool crude from $118 peak; Sensex surges 831.08 points to 75,038",2026-03-20,BusinessLine,https://www.thehindubusinessline.com/markets/stock-markets/markets-claw-back-after-775-point-nifty-rout-as-de-escalation-hopes-cool-crude-from-118-peak/article70764204.ece,0.7093551754951477,positive
Big central banks keep options open amid war fears,2026-03-20,RTE,https://www.rte.ie/news/business/2026/0320/1564320-big-central-banks-keep-options-open-amid-war-fears/,-0.7886459231376648,negative
China leaves March benchmark lending rates unchanged,2026-03-20,CNBC,https://www.cnbc.com/2026/03/20/china-leaves-march-benchmark-lending-rates-unchanged.html,0.0,neutral
Kevin Warsh's first move as Fed chair could be a rate hike,2026-03-20,The Times of India,https://economictimes.indiatimes.com/news/international/global-trends/kevin-warshs-first-move-as-fed-chair-could-be-a-rate-hike/articleshow/129690088.cms,0.0,neutral
Rupee crashes 82 paise to settle at 93.71 against US dollar,2026-03-20,BusinessLine,https://www.thehindubusinessline.com/markets/forex/rupee-crashes-82-paise-to-settle-at-9371-against-us-dollar/article70765258.ece,0.608254611492157,positive
US Stock Market | Wall Street pushes Fed rate cut expectations to September amid oil shock,2026-03-20,The Times of India,https://economictimes.indiatimes.com/markets/stocks/news/us-stock-market-wall-street-pushes-fed-rate-cut-expectations-to-september-amid-oil-shock/articleshow/129691594.cms,-0.6966735124588013,negative
European stocks rebound as oil eases and investors bet on rate hikes,2026-03-20,CNBC,https://www.cnbc.com/2026/03/20/europe-stock-market-ftse-100-stoxx-600-unilever-share-price-iran-interest-rates.html,0.7964486479759216,positive
US Stock Market | Record options expiry adds fuel to already volatile Wall Street,2026-03-20,The Times of India,https://economictimes.indiatimes.com/markets/us-stocks/news/us-stock-market-record-options-expiry-adds-fuel-to-already-volatile-wall-street/articleshow/129692251.cms,-0.8016331791877747,negative
"Silver soars Rs 8,500, gold up Rs 3,300 as oil fears ease slightly. Relief rally or structural reversal?",2026-03-20,The Times of India,https://economictimes.indiatimes.com/markets/commodities/news/gold-silver-prices-today-in-delhi-chennai-mumbai-and-hyderabad-on-20-march-2026-silver-soars-rs-8500-gold-up-rs-3300-as-oil-fears-ease-slightly-relief-rally-or-structural-reversal/articleshow/129691862.cms,0.5335507988929749,positive
"Gold set for third weekly fall on hawkish US Fed, elevated dollar",2026-03-20,BusinessLine,https://www.thehindubusinessline.com/markets/gold-set-for-third-weekly-fall-on-hawkish-us-fed-elevated-dollar/article70764284.ece,-0.9459190964698792,negative
Global Market Today | Asian stocks edge higher at open as oil retreats,2026-03-20,The Times of India,https://economictimes.indiatimes.com/markets/us-stocks/news/asian-stocks-edge-higher-at-open-as-oil-retreats/articleshow/129690138.cms,0.9123471975326538,positive
North Carolina's economic dean gives an update,2026-03-20,Ncspin.com,https://www.ncspin.com/north-carolinas-economic-dean-gives-an-update,0.0,neutral
"As inflation weighs, gold, silver extend losing streak",2026-03-20,The Times of India,https://timesofindia.indiatimes.com/business/india-business/as-inflation-weighs-gold-silver-extend-losing-streak/articleshow/129690651.cms,-0.6131080389022827,negative
Dollar set for weekly fall as central banks turn hawkish,2026-03-20,CNA,https://www.channelnewsasia.com/business/dollar-set-weekly-fall-central-banks-turn-hawkish-6005916,-0.9174781441688538,negative
"Why is gold price up by 0.6% and silver down by 1.7%, and will precious metals continue to fall or finally rise again? Gold and silver latest price update, analysts insights, market outlook",2026-03-20,The Times of India,https://economictimes.indiatimes.com/news/international/us/why-is-gold-price-up-by-0-6-and-silver-down-by-1-7-and-will-precious-metals-continue-to-fall-or-finally-rise-again-gold-and-silver-latest-price-update-analysts-insights-and-market-outlook-heres-what-should-investors-do-now/articleshow/129697001.cms,-0.5720672011375427,negative
Bitcoin Trails Money Supply Growth as Energy Costs and Rates Bite,2026-03-20,Decrypt,https://decrypt.co/361864/bitcoin-trails-money-supply-growth-as-energy-costs-and-rates-bite,0.0,neutral
Dollar toppled as oil shock turns central banks hawkish,2026-03-20,The Times of India,https://economictimes.indiatimes.com/markets/forex/dollar-toppled-as-oil-shock-turns-central-banks-hawkish/articleshow/129691499.cms,-0.7953856587409973,negative
Gold just lost its shine. Here's what is driving the sudden drop,2026-03-20,Motley Fool Australia,https://www.fool.com.au/2026/03/20/gold-just-lost-its-shine-heres-what-is-driving-the-sudden-drop/,0.0,neutral
83% BSE 500 stocks suffer losses amid Iran-Israel war; 101 slump in double digits up to 35%. Do you own any?,2026-03-20,The Times of India,https://economictimes.indiatimes.com/markets/stocks/news/83-bse-500-stocks-suffer-losses-amid-iran-israel-war-101-slump-in-double-digits-up-to-35-do-you-own-any/articleshow/129692609.cms,-0.4718451201915741,negative
"Gold set for third weekly fall on firm dollar, hawkish Fed",2026-03-20,The Times of India,https://economictimes.indiatimes.com/markets/commodities/news/gold-set-for-third-weekly-fall-on-firm-dollar-hawkish-fed/articleshow/129690490.cms,-0.9549863934516908,negative
"What are today's mortgage interest rates: March 20, 2026?",2026-03-20,CBS News,https://www.cbsnews.com/news/todays-mortgage-interest-rates-march-20-2026/,0.0,neutral
High Oil Prices Knock Down Stocks And Erase Wall Street's Hopes For A Cut To Interest Rates,2026-03-20,HuffPost,https://www.huffpost.com/entry/financial-markets-oil-stocks_n_69bdd013e4b048411914ebfc,-0.937774121761322,negative
What Happens to Bitcoin if Bank of America's 'Three Conditions' for Fed Rate Hikes Hit?,2026-03-20,Decrypt,https://decrypt.co/361919/what-happens-bitcoin-bank-america-conditions-fed-rate-hikes-hit,0.0,neutral
"Stocks tumble, bond yields jump as Iran war fuels central bank reassessment",2026-03-20,CNA,https://www.channelnewsasia.com/business/stocks-tumble-bond-yields-jump-iran-war-fuels-central-bank-reassessment-6005891,-0.9072673916816713,negative
How Trump Lost the Courts,2026-03-20,The American Prospect,http://prospect.org/2026/03/20/how-trump-lost-the-courts/,0.0,neutral
Gold price drop after oil shock: Why gold fell 9% this week despite rising inflation and Fed hawkish signals — Is this gold price drop driven by fundamentals or market mechanics?,2026-03-20,The Times of India,https://economictimes.indiatimes.com/news/international/us/gold-price-drop-after-oil-shock-why-gold-fell-9-this-week-despite-rising-inflation-and-fed-hawkish-signals-is-this-gold-price-drop-driven-by-fundamentals-or-market-mechanics/articleshow/129704292.cms,-0.8180380463600159,negative
Traders pricing in TACO trade may be in for 'rude awakening' — Analyst,2026-03-20,Cointelegraph,https://cointelegraph.com/news/traders-taco-trade-rude-awakening,-0.777664303779602,negative
"Christopher Sims, revolutionary macroeconomist, Nobel laureate and generous mentor, dies at 83",2026-03-20,Princeton University,https://www.princeton.edu/news/2026/03/20/christopher-sims-revolutionary-macroeconomist-nobel-laureate-and-generous-mentor,0.0,neutral
US Fed Governor Waller sounds alarm on inflation risk due to Iran war,2026-03-20,The Times of India,https://economictimes.indiatimes.com/markets/us-stocks/news/us-fed-governor-waller-sounds-alarm-on-inflation-risk-due-to-iran-war/articleshow/129703035.cms,-0.7547098398208618,negative
U.S. stocks sink amid escalating Middle East conflict,2026-03-20,The Star Online,https://www.thestar.com.my/news/world/2026/03/21/us-stocks-sink-amid-escalating-middle-east-conflict,-0.9439204931259156,negative
Why rising mortgage rates and gas prices are suddenly impacting Bitcoin holders directly,2026-03-20,CryptoSlate,https://cryptoslate.com/why-rising-mortgage-rates-and-gas-prices-are-suddenly-impacting-bitcoin-holders-directly/,-0.6066267490386963,negative
Why the Iran War May Have Just Killed the AI Boom,2026-03-20,OilPrice.com,https://oilprice.com/Energy/Energy-General/Why-the-Iran-War-May-Have-Just-Killed-the-AI-Boom.html,0.0,neutral
Is a CD account worth opening again? 3 reasons why it may be now,2026-03-20,CBS News,https://www.cbsnews.com/news/is-cd-account-worth-opening-again/,0.0,neutral
"Judges and Justices Should Be Independent, Trump Says, As Long As They Side With Him",2026-03-20,Reason,https://reason.com/2026/03/20/judges-and-justices-should-be-independent-trump-says-as-long-as-they-side-with-him/,0.0,neutral
"Fed’s Waller Cautious On Oil, May Advocate Rate Cuts Later",2026-03-20,Financial Post,https://financialpost.com/pmn/business-pmn/feds-waller-cautious-on-oil-may-advocate-rate-cuts-later,0.41575488448143,positive
Stock markets dip for another straight week as U.S. war on Iran continues,2026-03-20,CBC News,https://www.cbc.ca/news/canada/canadian-stock-market-close-friday-march-20-2026-9.7136842,-0.9453485608100892,negative
No One Is Coming to Save the Economy,2026-03-20,Jezebel,https://www.jezebel.com/no-one-is-coming-to-save-the-economy,0.0,neutral
"Oil Prices Depress Stocks, End Notion of Interest Rate Cuts",2026-03-20,Newser,https://www.newser.com/story/385839/oil-prices-depress-stocks-end-notion-of-interest-rate-cuts.html,-0.7984600067138672,negative
"Silver rebounds Rs 1,800/kg, gold eases Rs 650/10g in Delhi",2026-03-20,Statetimes.in,https://statetimes.in/silver-rebounds-rs-1800-kg-gold-eases-rs-650-10g-in-delhi/,0.7404657602310181,positive
"The spring housing market is on, but mortgage rates just shot higher. Here's what to know.",2026-03-20,CNBC,https://www.cnbc.com/2026/03/20/spring-housing-market-mortgage-rates.html,0.0,neutral
‘Armageddon’ attack on Qatari plant could keep energy prices high around the world: analysts,2026-03-20,New York Post,https://nypost.com/2026/03/20/business/armageddon-attack-on-qatari-plant-could-keep-energy-prices-high-around-the-world-analysts/,-0.6434820294380188,negative
Social Security COLA 2027: Early data hints at what your benefits could look like,2026-03-20,The Times of India,https://economictimes.indiatimes.com/news/international/us/social-security-cola-2027-early-data-hints-at-what-your-benefits-could-look-like/articleshow/129700821.cms,0.0,neutral
"Fed Governor Waller urges caution for now, says rate cuts possible later in the year",2026-03-20,CNBC,https://www.cnbc.com/2026/03/20/fed-gov-waller-urges-caution-for-now-cuts-possible-later-in-the-year.html,0.0,neutral
"US Stock Futures Drop as Traders Eye Longer War, Options Expiry",2026-03-20,Financial Post,https://financialpost.com/pmn/business-pmn/us-stock-futures-drop-as-traders-eye-longer-war-options-expiry,-0.943627953529358,negative
"Stocks dip, oil calmer as Mideast war persists",2026-03-20,Digital Journal,https://www.digitaljournal.com/world/stocks-dip-oil-calmer-as-mideast-war-persists/article,-0.8544560074806213,negative
"Stocks drop, bond yields jump as Iran war fuels central bank rethink",2026-03-20,CNA,https://www.channelnewsasia.com/business/stocks-drop-bond-yields-jump-iran-war-fuels-central-bank-rethink-6005891,-0.8960877656936646,negative
"BofA isn't ruling out a rate hike this year, but says it would take 3 things for that to happen",2026-03-20,Business Insider,https://www.businessinsider.com/fed-rate-hike-powell-bofa-interest-markets-investors-powell-trump-2026-3,0.0,neutral
"Economists agree: You’re not crazy for feeling like the rich get richer, and the poor are doing worse. Welcome to the ‘K-shaped economy’",2026-03-20,Fortune,https://fortune.com/article/what-is-k-shaped-economy-wealth-inequality-explained/,0.0,neutral
"US stocks: Fed officials say Iran war obscuring economic, monetary policy outlook",2026-03-20,The Times of India,https://economictimes.indiatimes.com/markets/us-stocks/news/us-stocks-fed-officials-say-iran-war-obscuring-economic-monetary-policy-outlook/articleshow/129703612.cms,-0.9586429595947266,negative
"Algebris Ramps Up Cash, Warning of Further Disruptions From War",2026-03-20,Financial Post,https://financialpost.com/pmn/business-pmn/algebris-ramps-up-cash-warning-of-further-disruptions-from-war,0.7413981556892395,positive
What happens to Bitcoin if oil price hits $180 per barrel?,2026-03-20,Cointelegraph,https://cointelegraph.com/markets/what-happens-to-bitcoin-if-oil-price-hits-180-per-barrel,0.0,neutral
300 years of wars show they are ‘always disaster times’ for holders of government debt because of inflation and financial repression,2026-03-20,Fortune,https://fortune.com/2026/03/20/national-debt-wars-us-uk-bond-holders-inflation-financial-repression-treasuries/,-0.8512964248657227,negative
Bitcoin's latest fear unlocked as rate hikes bets rise and bond markets crumble,2026-03-20,CoinDesk,https://www.coindesk.com/markets/2026/03/20/bitcoin-s-latest-fear-unlocked-as-rate-hikes-bets-rise-and-bond-markets-crumble,-0.7820011973381042,negative
"$10,000 CD vs. $10,000 high-yield savings vs. $10,000 money market account: Which will earn the most interest in 2026?",2026-03-20,CBS News,https://www.cbsnews.com/news/10000-cd-high-yield-savings-money-market-account-earn-most-interest-2026/,0.0,neutral
"War, Oil And Debt: Which Threats To The US Economy Are Legit?",2026-03-20,Activistpost.com,https://www.activistpost.com/war-oil-and-debt-which-threats-to-the-us-economy-are-legit/,0.0,neutral
Hot inflation and a hot war keep markets on edge,2026-03-20,Crypto Briefing,https://cryptobriefing.com/inflation-war-keep-markets-on-edge/,-0.4734277129173279,negative
Trump’s Losing War Against the Federal Reserve,2026-03-20,New York Magazine,http://nymag.com/intelligencer/article/trumps-losing-war-against-the-federal-reserve.html,-0.416820228099823,negative
"Elizabeth Warren demands answers on costs, economic impact of 'illegal and reckless war'",2026-03-20,CNBC,https://www.cnbc.com/2026/03/20/elizabeth-warren-demands-answers-on-costs-economic-impact-of-illegal-and-reckless-war.html,0.0,neutral
"Metals to shine? Hindustan Copper, Tata Steel, other stocks plunge up to 14% in one month; what lies ahead?",2026-03-21,The Times of India,https://economictimes.indiatimes.com/markets/stocks/news/metals-to-shine-hindustan-copper-tata-steel-other-stocks-plunge-up-to-14-in-one-month-what-lies-ahead/articleshow/129714250.cms,-0.7177444696426392,negative
Costco CEO promises the $1.50 hot dog isn’t going away: ‘The price will not change as long as I’m around’,2026-03-21,Fortune,https://fortune.com/2026/03/21/costco-hot-dog-price-1-50-ceo-confirms/,0.0,neutral
Gold sees biggest weekly fall in 43 years as Iran war rages on,2026-03-21,Cointelegraph,https://cointelegraph.com/news/gold-sees-biggest-weekly-fall-in-43-years,-0.95989328622818,negative
Smallcaps shine! 10 stocks that delivered gains of up to 41% this week. How many do you have?,2026-03-21,Economictimes.com,https://m.economictimes.com/markets/stocks/news/smallcaps-shine-10-stocks-that-delivered-gains-of-up-to-41-this-week-how-many-do-you-have/selective-rally/slideshow/129715183.cms,0.0,neutral
The Strait of Hormuz is the fourth large supply shock this decade. Welcome to the new era of global disorder,2026-03-21,Fortune,https://fortune.com/2026/03/21/strait-hormuz-fourth-big-supply-shock-era-global-disorder-federal-reserve/,0.0,neutral
Gold Price Falls to One-Month Low Amid Shifting Federal Reserve Expectations,2026-03-21,Naturalnews.com,https://www.naturalnews.com/2026-03-21-gold-cost-falls-to-one-month-low.html,-0.9544458985328674,negative
Iran war is making the world a little less sweet as oil soars at the worst possible time for sugar,2026-03-21,Fortune,https://fortune.com/2026/03/21/iran-war-sugar-prices-truckers-strait-of-hormuz/,-0.6097877025604248,negative
"IDBI, SpiceJet among 10 stocks that saw sharpest fall, down up to 21% this week. Do you own any?",2026-03-21,Economictimes.com,https://m.economictimes.com/markets/stocks/news/idbi-spicejet-among-10-stocks-that-saw-sharpest-fall-down-up-to-21-this-week-do-you-own-any/war-jitters/slideshow/129714131.cms,-0.9625450372695924,negative
Explained: Why gold prices remain subdued despite West Asia tensions,2026-03-21,The Times of India,https://economictimes.indiatimes.com/markets/commodities/news/explained-why-gold-prices-remain-subdued-despite-west-asia-tensions/articleshow/129714910.cms,0.0,neutral
"Fed rate cut chance hits zero, threatening stagflation where Bitcoin thrives as a hedge against long term inflation",2026-03-21,CryptoSlate,https://cryptoslate.com/fed-rate-cut-chance-hits-zero-threatening-stagflation-where-bitcoin-thrives-as-a-hedge-against-long-term-inflation/,-0.8776350617408752,negative
Doug Casey on the Cost of the Iran War—and Why It Will Fuel Inflation,2026-03-21,Activistpost.com,https://www.activistpost.com/doug-casey-on-the-cost-of-the-iran-war-and-why-it-will-fuel-inflation/,0.0,neutral
The Iran war has already hit your gas budget. Here's what it's coming for next.,2026-03-21,NBC News,https://www.nbcnews.com/business/consumer/iran-war-mortgage-rates-stocks-gas-rcna264499,0.0,neutral
"State Street, Voya Seek Shelter From Default Risk",2026-03-21,Financial Post,https://financialpost.com/pmn/business-pmn/state-street-voya-seek-shelter-from-default-risk,0.0,neutral
Analysis: Trump's unshackled presidency puts him at the center of the economy,2026-03-21,CNBC,https://www.cnbc.com/2026/03/21/trump-oil-fed-economy-iran-war.html,0.0,neutral
"Powell, Acceptance Remarks",2026-03-21,Federalreserve.gov,https://www.federalreserve.gov/newsevents/speech/powell20260321a.htm,0.0,neutral
Economist Tells MS NOW Americans Will Pay The Price For the Iran War ‘For Literally Years to Come’,2026-03-21,Mediaite,https://www.mediaite.com/media/tv/economist-tells-ms-now-americans-will-pay-the-price-for-the-iran-war-for-literally-years-to-come/,0.0,neutral
Bitcoin options signal fear even as BTC ETF outflows remain relatively low,2026-03-21,Cointelegraph,https://cointelegraph.com/markets/bitcoin-options-signal-fear-even-as-btc-etf-outflows-remain-relatively-low,0.8669677376747131,positive
"State Street, Voya Seek Shelter From Default Risk",2026-03-21,Livemint,https://www.livemint.com/companies/state-street-voya-seek-shelter-from-default-risk-11774120974462.html,0.0,neutral
Economic Watch: Middle East conflict may undermine safe-haven appeal of U.S. dollar assets,2026-03-22,The Star Online,https://www.thestar.com.my/news/world/2026/03/23/economic-watch-middle-east-conflict-may-undermine-safe-haven-appeal-of-us-dollar-assets,-0.9659242630004884,negative
"Asia shares skid, yields rise as Gulf war escalates",2026-03-22,CNA,https://www.channelnewsasia.com/asia/asia-stocks-oil-prices-trump-iran-war-energy-threat-6010356,-0.9409520030021667,negative
Bitcoin risks 50% drop as BTC's positive correlation with US stocks grows,2026-03-22,Cointelegraph,https://cointelegraph.com/markets/bitcoin-risks-50percent-drop-btc-positive-correlation-us-stocks-grows,-0.9672905802726746,negative
Wall Street’s Favorite Emerging-Market Bet Falters as War Rages,2026-03-22,Financial Post,https://financialpost.com/pmn/business-pmn/wall-streets-favorite-emerging-market-bet-falters-as-war-rages,-0.9577983021736144,negative
March madness: Why the market’s panic misleads investors,2026-03-22,Livemint,https://www.livemint.com/money/personal-finance/stock-market-volatility-stock-market-crash-f-o-derivatives-trade-11773925568343.html,0.0,neutral
Property stocks in S’pore fall while banks gain as higher-for-longer rates reshape market outlook,2026-03-22,The Straits Times,https://www.straitstimes.com/business/companies-markets/property-stocks-in-spore-fall-while-banks-gain-as-higher-for-longer-rates-reshape-market-outlook,-0.9541712403297424,negative
Oil futures face new pressure as the US and Iran trade threats to strike key infrastructure,2026-03-22,Business Insider,https://www.businessinsider.com/oil-prices-iran-war-trump-power-plants-hormuz-2026-3,-0.9323237538337708,negative
Traders Brace for Turbulent Open as War Rages On,2026-03-22,Financial Post,https://financialpost.com/pmn/business-pmn/traders-brace-for-turbulent-open-as-war-rages-on,-0.5193599462509155,negative
"Sunday Summary: War, Oil Blockades, Interest Rates — Oh My!",2026-03-22,Commercial Observer,http://commercialobserver.com/2026/03/sunday-summary-war-oil-blockades-interest-rates-oh-my/,-0.8103349208831787,negative
"When it comes to private credit, 'some caution is reasonable,' advisor says. What to know",2026-03-22,CNBC,https://www.cnbc.com/2026/03/22/private-credit.html,0.0,neutral
Bitcoin Holds As Gold Posts Worst Week Since 1983 Amid Iran War,2026-03-22,newsBTC,http://www.newsbtc.com/news/bitcoin/bitcoin-holds-as-gold-posts-worst-week-since-1983-amid-iran-war/,-0.8995994329452515,negative
Dollar poised for rally as escalating Middle East conflict spurs haven demand,2026-03-23,CNA,https://www.channelnewsasia.com/business/dollar-poised-rally-escalating-middle-east-conflict-spurs-haven-demand-6010391,-0.5009241700172424,negative
The Fed Is Keeping Rates High—So Why Is Your Bank Paying You So Little?,2026-03-23,Investopedia,https://www.investopedia.com/the-fed-is-keeping-rates-high-so-why-is-your-bank-paying-you-so-little-11930532,0.0,neutral
"Gold is Down 23%. J. Rotbart & Co. Announces Projections for Year End Prices Over $5,650 Unchanged",2026-03-23,GlobeNewswire,https://www.globenewswire.com/news-release/2026/03/23/3260674/0/en/Gold-is-Down-23-J-Rotbart-Co-Announces-Projections-for-Year-End-Prices-Over-5-650-Unchanged.html,-0.9620324969291688,negative
Down 18% since Iran war! Why gold is not acting as safe haven this time,2026-03-23,The Times of India,https://economictimes.indiatimes.com/markets/commodities/news/down-18-since-iran-war-why-gold-is-not-acting-as-safe-haven-this-time/articleshow/129745512.cms,-0.9427481293678284,negative
Why investors are pulling back from gold and still buying Bitcoin,2026-03-23,CryptoSlate,https://cryptoslate.com/why-investors-are-pulling-back-from-gold-and-still-buying-bitcoin/,0.0,neutral
"AUD/USD Today: Aussie Dollar Slips to 0.6980 Amid US-Iran War Risks, Oil Surge and Global Risk Aversion",2026-03-23,Ibtimes.com.au,https://www.ibtimes.com.au/aud-usd-today-aussie-dollar-slips-06980-amid-us-iran-war-risks-oil-surge-global-risk-aversion-1864080,-0.9713391065597534,negative
"Global Market Today | Asia shares slip, oil choppy as Gulf war escalates",2026-03-23,The Times of India,https://economictimes.indiatimes.com/markets/us-stocks/news/global-market-today-asia-shares-slip-oil-choppy-as-gulf-war-escalates/articleshow/129740978.cms,-0.962443470954895,negative
"Bonds lose US$2.5 trillion in Iran war wipeout, mirroring 2022",2026-03-23,Financial Post,https://financialpost.com/investing/bonds-iran-war-wipeout-2022,-0.9371386170387268,negative
Trump's power at risk of collapse,2026-03-23,Gossiplankanews.com,https://english.gossiplankanews.com/2026/03/trumps-power-at-risk-of-collapse.html,0.0,neutral
"Bitcoin Holds Steady Near $68,500 Amid Market Consolidation in March 2026",2026-03-23,Ibtimes.com.au,https://www.ibtimes.com.au/bitcoin-holds-steady-near-68500-amid-market-consolidation-march-2026-1864120,0.9038863182067872,positive
"MCX gold drops below 9-week EMA, silver extends losing streak",2026-03-23,BusinessLine,https://www.thehindubusinessline.com/markets/commodities/mcx-gold-drops-below-9-week-ema-silver-extends-losing-streak/article70774828.ece,-0.8416528105735779,negative
Trump's Iran Deadline Nears; Sharp Selloff in Markets,2026-03-23,Omny.fm,https://omny.fm/shows/bloomberg-daybreak/trumps-iran-deadline-nears-sharp-selloff-in-markets,-0.9610653519630432,negative
Gold extends fall after worst week in 43 years. More pain or time to buy the dip?,2026-03-23,The Times of India,https://economictimes.indiatimes.com/markets/commodities/news/gold-extends-fall-after-worst-week-in-43-years-more-pain-or-time-to-buy-the-dip/articleshow/129743775.cms,-0.9175969362258912,negative
Global Stock Market | Five triggers that could move markets this week,2026-03-23,The Times of India,https://economictimes.indiatimes.com/markets/us-stocks/news/global-stock-market-five-triggers-that-could-move-markets-this-week/articleshow/129743035.cms,0.0,neutral
Asian shares decline as hopes dim for resolution in Iran after Trump's latest comments,2026-03-23,Abcnews.com,https://abcnews.com/Business/wireStory/asian-shares-decline-hopes-dim-resolution-iran-after-131313756,-0.930673122406006,negative
Dollar gains as investors flee risk on escalating Middle East war,2026-03-23,BusinessLine,https://www.thehindubusinessline.com/markets/forex/dollar-gains-as-investors-flee-risk-on-escalating-middle-east-war/article70775051.ece,-0.527153491973877,negative
"Global Market | Oil shock shatters Fed rate cut bets, sends bond markets into turmoil",2026-03-23,The Times of India,https://economictimes.indiatimes.com/markets/us-stocks/news/global-market-oil-shock-shatters-fed-rate-cut-bets-sends-bond-markets-into-turmoil/articleshow/129743081.cms,-0.9105126857757568,negative
"Gold at its weakest level this year, drops 5% on rate-hik",2026-03-23,RTE,https://www.rte.ie/news/business/2026/0323/1564708-gold-prices-fall/,-0.9721439480781556,negative
Bonds Lose $2.5 Trillion in Iran War Wipeout That Mirrors 2022,2026-03-23,Financial Post,https://financialpost.com/pmn/business-pmn/bonds-lose-2-5-trillion-in-iran-war-wipeout-that-mirrors-2022,-0.9368464350700378,negative
"Gold Silver Rate Today Live Updates: Gold, silver tumble as Middle East tensions, rate fears intensify",2026-03-23,Economictimes.com,https://m.economictimes.com/markets/stocks/live-blog/gold-rate-silver-price-today-live-updates-mcx-gold-18k-22k-24k-rate-iran-isreal-us-war-latest-news/liveblog/129741936.cms,-0.443050354719162,negative
"Gold, Silver Prices Drop Sharply Amid Inflation, Rate Concerns",2026-03-23,Naturalnews.com,https://www.naturalnews.com/2026-03-23-gold-silver-prices-drop-sharply-amid-inflation.html,-0.9571619033813475,negative
Dollar gains as investors flee risk on escalating Middle East war,2026-03-23,CNA,https://www.channelnewsasia.com/business/dollar-gains-investors-flee-risk-escalating-middle-east-war-6010391,-0.527153491973877,negative
"Gold Was Supposed to Win in War and Inflation. Instead, It’s Getting Crushed",2026-03-23,Freerepublic.com,https://freerepublic.com/focus/f-chat/4371795/posts,0.0,neutral
Dollar rises as escalating Middle East war spurs haven demand,2026-03-23,CNA,https://www.channelnewsasia.com/business/dollar-rises-escalating-middle-east-war-spurs-haven-demand-6010391,-0.4426746666431427,negative
Bank of Korea's newly appointed chief pledges 'balanced' policy,2026-03-23,CNBC,https://www.cnbc.com/2026/03/23/bank-of-koreas-newly-appointed-chief-pledges-balanced-policy.html,0.0,neutral
Investors Game Out Iran Risk as Clock Ticks on Trump’s Deadline,2026-03-23,Financial Post,https://financialpost.com/pmn/business-pmn/investors-game-out-iran-risk-as-clock-ticks-on-trumps-deadline,0.0,neutral
"Crypto, stocks fall as oil chops after Iran vows response to Trump threat",2026-03-23,Cointelegraph,https://cointelegraph.com/news/crypto-stocks-slip-oil-chops-iran-vows-retaliation-trump-threat,-0.9522512555122375,negative
The IRS Deception: On the biggest financial lie in U.S. history,2026-03-23,Naturalnews.com,https://www.naturalnews.com/2026-03-23-the-irs-deception-biggest-financial-lie-history.html,0.0,neutral
Gold slides over 2% as West Asia tensions stoke inflation fears,2026-03-23,BusinessLine,https://www.thehindubusinessline.com/markets/gold/gold-slides-over-2-as-west-asia-tensions-stoke-inflation-fears/article70774264.ece,-0.7847873568534851,negative
"Gold, Silver Rate Today Live Updates: International gold prices drop 2% as inflation, oil price fears due to US-Iran war continue to weigh",2026-03-23,The Times of India,https://timesofindia.indiatimes.com/business/india-business/gold-silver-rate-today-live-updates-18-22-24-carat-gold-silver-price-per-kg-mcx-comex-etf-stocks-precious-metal-march-2026-city-wise-cost-latest-news/liveblog/129742162.cms,-0.9727175235748292,negative
George H.W. Bush Won His Middle East War and Still Lost At Home,2026-03-23,Foreign Policy,http://foreignpolicy.com/2026/03/23/george-h-w-bush-operation-desert-storm-1992-election/,0.0,neutral
"How the Fed’s oil shock blind spot affects gold and other investments, and may engineer a recession",2026-03-23,Financial Post,https://financialpost.com/investing/oil-shock-fed-response-gold-bonds-recession,0.0,neutral
Options market eyes 2022 playbook for Iran war risks,2026-03-23,The Times of India,https://economictimes.indiatimes.com/markets/us-stocks/news/options-market-eyes-2022-playbook-for-iran-war-risks/articleshow/129740733.cms,0.0,neutral
Global Bond Yields Are Climbing as Iran War Upends Rate Bets,2026-03-23,Financial Post,https://financialpost.com/pmn/business-pmn/global-bond-yields-are-climbing-as-iran-war-upends-rate-bets,-0.7582474946975708,negative
US Stock Market | Middle East crisis keeps Wall Street on edge as oil surge fuels inflation fears,2026-03-23,The Times of India,https://economictimes.indiatimes.com/markets/us-stocks/news/us-stock-market-middle-east-crisis-keeps-wall-street-on-edge-as-oil-surge-fuels-inflation-fears/articleshow/129743109.cms,-0.8320267796516418,negative
"What are today's mortgage interest rates: March 23, 2026?",2026-03-23,CBS News,https://www.cbsnews.com/news/todays-mortgage-interest-rates-march-23-2026/,0.0,neutral
Energy policy and small-cap moves set the macro backdrop as Bitcoin climbs near $71K,2026-03-23,Crypto Briefing,https://cryptobriefing.com/energy-policy-macro-backdrop-bitcoin/,0.4358840584754944,positive
Gold tumbles to lowest price in 2026 despite Trump’s pause on strikes against Iran,2026-03-23,New York Post,https://nypost.com/2026/03/23/business/gold-tumbles-to-lowest-price-in-2026-despite-trumps-pause-on-iran-strikes/,-0.9249160885810852,negative
Gold bear market and sub-$50K BTC: Five things to know in Bitcoin this week,2026-03-23,Cointelegraph,https://cointelegraph.com/markets/gold-bear-market-sub-50k-btc-five-things-bitcoin-this-week,0.0,neutral
Stocks regain ground after Trump postpones strikes on Iran’s energy plants,2026-03-23,The Irish Times,https://www.irishtimes.com/business/2026/03/23/stocks-regain-ground-after-trump-postpones-strikes-on-irans-energy-plants/,-0.6720424890518188,negative
Dollar poised for rally as escalating Middle East conflict spurs haven demand,2026-03-23,The Times of India,https://economictimes.indiatimes.com/markets/forex/dollar-poised-for-rally-as-escalating-middle-east-conflict-spurs-haven-demand/articleshow/129741279.cms,-0.5009241700172424,negative
Dollar poised for rally (up!!!) as escalating Middle East conflict spurs haven demand,2026-03-23,Freerepublic.com,https://freerepublic.com/focus/f-chat/4371826/posts,0.5131576061248779,positive
"Dow soars as many as 1,000 points, oil prices fall sharply",2026-03-23,Boston Herald,https://www.bostonherald.com/2026/03/23/financial-markets-march-23/,-0.9294617772102356,negative
"Why are US stock market indexes futures down today, and will Dow Jones, S&P 500 and Nasdaq stay in red or turn green again? Wall Street futures, stocks to watch out for, analysts insights, market outlook. Here's what should investors do now",2026-03-23,The Times of India,https://economictimes.indiatimes.com/news/international/us/why-are-us-stock-market-indexes-futures-down-today-and-will-dow-jones-sp-500-and-nasdaq-stay-in-red-or-turn-green-again-wall-street-futures-stocks-to-watch-out-for-analysts-insights-market-outlook-heres-what-should-investors-do-now/articleshow/129749652.cms,0.0,neutral
"Monday Miscellany, 3/23/26",2026-03-23,Patheos,https://www.patheos.com/blogs/geneveith/2026/03/monday-miscellany-3-23-26/,0.0,neutral
Tax refunds are up from a year ago. Will that help the burn of higher gas prices?,2026-03-23,Yahoo Entertainment,https://finance.yahoo.com/personal-finance/taxes/article/tax-refunds-are-up-from-a-year-ago-will-that-help-the-burn-of-higher-gas-prices-152806737.html,0.92488694190979,positive
"Oil Plunges, Stocks Spike As Trump “Postpones” Military Strikes On Iran After “Productive” Talks",2026-03-23,Shtfplan.com,https://www.shtfplan.com/headline-news/oil-plunges-stocks-spike-as-trump-postpones-military-strikes-on-iran-after-productive-talks,-0.7429589629173279,negative
"Here's what a $600,000 mortgage costs monthly at today's rates",2026-03-23,CBS News,https://www.cbsnews.com/news/what-600000-mortgage-costs-monthly-todays-rates/,0.0,neutral
"Blackrock CEO Larry Fink warns of ‘costly’ global push toward self-reliance, downsides to AI boom",2026-03-23,New York Post,https://nypost.com/2026/03/23/business/blackrock-ceo-larry-fink-warns-of-costly-global-push-toward-self-reliance-downsides-to-ai-boom/,-0.9240489602088928,negative
"Has gold price free fall erased $7.3 trillion of market cap since US Iran war, and will precious metals continue to drop or rise again? Analysts insights, market outlook and what should investors do now",2026-03-23,The Times of India,https://economictimes.indiatimes.com/news/international/us/has-gold-price-free-fall-erased-7-3-trillion-of-market-cap-since-us-iran-war-and-will-precious-metals-continue-to-drop-or-rise-again-analysts-insights-market-outlook-and-what-should-investors-do-now/articleshow/129754906.cms,-0.4934533238410949,negative
"Gold Plunges to Four-Month Low Near $4,250 as Middle East Tensions Fuel Inflation Fears",2026-03-23,Ibtimes.com.au,https://www.ibtimes.com.au/gold-plunges-four-month-low-near-4250-middle-east-tensions-fuel-inflation-fears-1864126,-0.9505575895309448,negative
"How much interest will a $10,000 9-month CD earn if opened now?",2026-03-23,CBS News,https://www.cbsnews.com/news/how-much-interest-will-10000-9-month-cd-earn/,0.0,neutral
"Economists weigh consequences of war, tariffs, AI",2026-03-23,Harvard School of Engineering and Applied Sciences,https://news.harvard.edu/gazette/story/2026/03/economists-weigh-consequences-of-war-tariffs-ai/,0.0,neutral
"Stocks, bonds fall as US-Iran rhetoric intensifies",2026-03-23,The Irish Times,https://www.irishtimes.com/business/2026/03/23/stocks-bonds-fall-as-us-iran-rhetoric-intensifies/,-0.947669267654419,negative
"South Plains Financial, Inc. and BOH Holdings, Inc. Announce All Required Regulatory and Shareholder Approvals Received for Proposed Merger",2026-03-23,GlobeNewswire,https://www.globenewswire.com/news-release/2026/03/23/3260843/0/en/South-Plains-Financial-Inc-and-BOH-Holdings-Inc-Announce-All-Required-Regulatory-and-Shareholder-Approvals-Received-for-Proposed-Merger.html,0.0,neutral
High Oil Prices Could Force Fed To Raise Rates,2026-03-23,OilPrice.com,https://oilprice.com/Latest-Energy-News/World-News/High-Oil-Prices-Could-Force-Fed-To-Raise-Rates.html,-0.7568295001983643,negative
Nasdaq Composite Plunges 2% as Geopolitical Tensions and Oil Surge Weigh on Tech-Heavy Index,2026-03-23,Ibtimes.com.au,https://www.ibtimes.com.au/nasdaq-composite-plunges-2-geopolitical-tensions-oil-surge-weigh-tech-heavy-index-1864167,-0.9658884406089784,negative
"Why is gold price down by 8% to reach $4,098 and silver by 6.1% to $63.66, and what led gold to slip to 4-month low level in four months? Here's if precious metals will rise to dream levels in near future",2026-03-23,The Times of India,https://economictimes.indiatimes.com/news/international/us/why-is-gold-price-down-by-8-to-reach-4098-and-silver-by-6-1-to-63-66-and-what-led-gold-to-slip-to-4-month-low-level-in-four-months-heres-if-precious-metals-will-rise-to-dream-levels-in-near-future-analysts-insights-and-market-outlook-what-should-investors-do-now/articleshow/129749088.cms,-0.7901275753974915,negative
Stock Index Futures Rally as Oil Prices Tumble on U.S.-Iran Talks,2026-03-23,Barchart.com,https://www.barchart.com/story/news/893531/stocks-set-to-open-sharply-lower-as-trumps-strait-of-hormuz-deadline-nears,-0.8848009705543518,negative
Bitcoin focus shifts from oil to bonds as US and Japan 10-year yields spike into a critical week,2026-03-23,CryptoSlate,https://cryptoslate.com/bitcoin-focus-shifts-from-oil-to-bonds-as-us-and-japan-10-year-yields-spike-into-a-critical-week/,0.5924928188323975,positive
US Stocks: US Fed's Stephen Miran still believes Fed should cut interest rates: Report,2026-03-23,The Times of India,https://economictimes.indiatimes.com/markets/us-stocks/news/us-stocks-us-feds-stephen-miran-still-believes-fed-should-cut-interest-rates-report/articleshow/129754784.cms,-0.621673047542572,negative
"Dow Jones Today March 23 2026: DJIA Closes at 45,577.47 Amid Sharp 1% Drop",2026-03-23,Ibtimes.com.au,https://www.ibtimes.com.au/dow-jones-today-march-23-2026-djia-closes-4557747-amid-sharp-1-drop-1864141,-0.8153764009475708,negative
Wall Street Banks Push Back Calls for China Rate Cuts During War,2026-03-23,Financial Post,https://financialpost.com/pmn/business-pmn/wall-street-banks-push-back-calls-for-china-rate-cuts-during-war,-0.8144182562828064,negative
"US stocks today: Dow Jones jumps 600 points, S&P, Nasdaq over 1% as Trump hints at Iran war de-escalation",2026-03-23,The Times of India,https://economictimes.indiatimes.com/markets/us-stocks/news/us-stocks-today-dow-jones-jumps-600-points-sp-nasdaq-over-1-as-trump-hints-at-iran-war-de-escalation/articleshow/129762169.cms,0.7492022514343262,positive
Fed’s Goolsbee Says He Could See Circumstances for Rate Hike,2026-03-23,Financial Post,https://financialpost.com/pmn/business-pmn/feds-goolsbee-says-he-could-see-circumstances-for-rate-hike,0.6301060914993286,positive
Silver Price Today: Spot Falls to Around $64 USD per Ounce Amid Geopolitical Tensions and Oil Surge,2026-03-23,Ibtimes.com.au,https://www.ibtimes.com.au/silver-price-today-spot-falls-around-64-usd-per-ounce-amid-geopolitical-tensions-oil-surge-1864142,-0.9727222919464112,negative
Treasuries Stabilize After Trump Says Iran Strikes Postponed,2026-03-23,Financial Post,https://financialpost.com/pmn/business-pmn/treasuries-stabilize-after-trump-says-iran-strikes-postponed,-0.7345407605171204,negative
"Money, Power and Policy in an Unequal Monetary Order",2026-03-23,Fair Observer,https://www.fairobserver.com/region/central_south_asia/money-power-and-policy-in-an-unequal-monetary-order/,0.0,neutral
Bitcoin rises as Trump orders halt to strikes on Iran energy sites,2026-03-23,Crypto Briefing,https://cryptobriefing.com/bitcoin-surge-amid-iran-tensions/,-0.7233108878135681,negative
"A Reddit investor grew a $2.26M portfolio with just 2 dividend ETFs. Here’s what they used, and how you can follow along",2026-03-23,Yahoo Entertainment,https://finance.yahoo.com/markets/stocks/articles/reddit-investor-grew-2-26m-132300948.html,0.0,neutral
Fed's Goolsbee says he's worried about inflation in 'fraught but intense' climate,2026-03-23,CNBC,https://www.cnbc.com/2026/03/23/feds-goolsbee-says-hes-worried-about-inflation-in-fraught-but-intense-climate.html,-0.8538805842399597,negative
"U.S Stock Market: Five factors to watch out on Tuesday as Dow Jones, S&P 500, Nasdaq make biggest single-day percentage gains in nearly two months",2026-03-24,The Times of India,https://economictimes.indiatimes.com/news/international/us/u-s-stock-market-five-factors-to-watch-out-on-tuesday-as-dow-jones-sp-500-nasdaq-make-biggest-single-day-percentage-gains-in-nearly-two-months/articleshow/129765331.cms,0.5653613805770874,positive
"Why are US stock market futures down again, and will Dow, S&P 500 and Nasdaq stay in red or turn green again? Wall Street futures fall, stocks to watch out for, analysts insights, market outlook and what should investors do now",2026-03-24,The Times of India,https://economictimes.indiatimes.com/news/international/us/why-are-us-stock-market-futures-down-again-and-will-dow-sp-500-and-nasdaq-stay-in-red-or-turn-green-again-wall-street-futures-fall-stocks-to-watch-out-for-analysts-insights-market-outlook-and-what-should-investors-do-now/articleshow/129773941.cms,-0.8877035975456238,negative
Policy Whiplash: Global markets swing between hope and uncertainty,2026-03-24,The Times of India,https://economictimes.indiatimes.com/markets/us-stocks/news/policy-whiplash-global-markets-swing-between-hope-and-uncertainty/articleshow/129767973.cms,-0.5885891318321228,negative
US Stocks Today | US stocks futures subdued as Middle East uncertainty tempers relief rally,2026-03-24,The Times of India,https://economictimes.indiatimes.com/markets/us-stocks/news/us-stocks-today-us-stocks-futures-subdued-as-middle-east-uncertainty-tempers-relief-rally/articleshow/129776170.cms,-0.5129579901695251,negative
"$10,000 gold still in play? Market watchers hold firm despite bullion bear market slide",2026-03-24,CNBC,https://www.cnbc.com/2026/03/24/gold-price-forecast-10000-expectations-in-spite-of-bear-market.html,0.0,neutral
Gold on Pace for Record Losing Run as War Hurts Longtime Haven,2026-03-24,Financial Post,https://financialpost.com/pmn/business-pmn/gold-on-pace-for-record-losing-run-as-war-hurts-longtime-haven,-0.5000863075256348,negative
The First Federal Reserve Inflation Forecast for March Is In -- and It's Not Pretty,2026-03-24,Yahoo Entertainment,https://consent.yahoo.com/v2/collectConsent?sessionId=1_cc-session_0abdad40-fae9-4c24-816f-bf971adb319c,0.0,neutral
'Big Short' investor Michael Burry says falling stocks are Trump's 'kryptonite' in the Iran war,2026-03-24,Business Insider,https://www.businessinsider.com/big-short-michael-burry-trump-stock-market-taco-iran-oil-2026-3,-0.9647347331047058,negative
"Stocks Futures Drop, Oil Gains on Escalation Talks: Markets Wrap",2026-03-24,Financial Post,https://financialpost.com/pmn/business-pmn/stocks-futures-drop-oil-gains-on-escalation-talks-markets-wrap,-0.908805787563324,negative
Russell 2000 Futures Edge Lower in Early Trading Tuesday as Small-Cap Rally Pauses After Strong Monday Gains,2026-03-24,Ibtimes.com.au,https://www.ibtimes.com.au/russell-2000-futures-edge-lower-early-trading-tuesday-small-cap-rally-pauses-after-strong-monday-1864228,-0.9645000696182252,negative
Trump’s Iran Pause Triggers Oil Selloff and a Safe-Haven Reset,2026-03-24,OilPrice.com,https://oilprice.com/Metals/Gold/Trumps-Iran-Pause-Triggers-Oil-Selloff-and-a-Safe-Haven-Reset.html,-0.3852052092552185,negative
10-year yield sees steepest one-day jump since Oct 2023,2026-03-24,The Times of India,https://economictimes.indiatimes.com/markets/bonds/10-year-yield-sees-steepest-one-day-jump-since-oct-2023/articleshow/129764849.cms,0.5993380546569824,positive
"Gold Edges Up, Snapping Losing Run as War Hurts Longtime Haven",2026-03-24,Yahoo Entertainment,https://finance.yahoo.com/news/gold-extends-decline-10th-day-013749858.html,-0.5765056610107422,negative
How does the current global oil crisis compare with the 1973 oil embargo?,2026-03-24,Al Jazeera English,https://www.aljazeera.com/news/2026/3/24/how-does-the-current-global-oil-crisis-compare-with-the-1973-oil-embargo,0.0,neutral
"Global Market Today: Asian shares rally, oil retreats as Trump extends Iran ultimatum",2026-03-24,The Times of India,https://economictimes.indiatimes.com/markets/us-stocks/news/global-market-today-asian-shares-rally-oil-retreats-as-trump-extends-iran-ultimatum/articleshow/129765175.cms,-0.9494784474372864,negative
promptlab-cli added to PyPI,2026-03-24,Pypi.org,https://pypi.org/project/promptlab-cli/,0.0,neutral
US Stock Market | Rate Cuts or Hikes? Fed keeps options open amid Iran crisis,2026-03-24,The Times of India,https://economictimes.indiatimes.com/markets/us-stocks/news/us-stock-market-rate-cuts-or-hikes-fed-keeps-options-open-amid-iran-crisis/articleshow/129766477.cms,0.0,neutral
"Gold and silver prices crashing big but why Goldman says buy the dip – Gold falls to 4,415.70 while silver drops to 70.30: Is a precious metals rebound around the corner?",2026-03-24,The Times of India,https://economictimes.indiatimes.com/news/international/us/gold-and-silver-prices-crashing-big-but-why-goldman-says-buy-the-dip-gold-falls-to-4415-70-while-silver-drops-to-70-30-is-a-precious-metals-rebound-around-the-corner/articleshow/129775271.cms,0.0,neutral
"Gold Silver Rate Today (24 March) Live Updates: Gold, silver slide as dollar strength and rate outlook weigh",2026-03-24,Economictimes.com,https://m.economictimes.com/markets/stocks/live-blog/gold-rate-silver-price-today-live-updates-mcx-gold-18k-22k-24k-rate-iran-isreal-us-war-latest-news/liveblog/129766312.cms,0.0,neutral
Dollar stands tall as markets turn cautious on Middle East war,2026-03-24,CNA,https://www.channelnewsasia.com/business/dollar-stands-tall-markets-turn-cautious-middle-east-war-6012676,0.5932494401931763,positive
"From India to Italy, Trump’s Iran war is rippling through the world economy",2026-03-24,The Times of India,https://economictimes.indiatimes.com/news/economy/foreign-trade/from-india-to-italy-trumps-iran-war-is-rippling-through-the-world-economy/articleshow/129764996.cms,0.0,neutral
Dow Jones Futures Today: Point to Modest Decline as Iran Talks Uncertainty Weighs on Wall Street,2026-03-24,Ibtimes.com.au,https://www.ibtimes.com.au/dow-jones-futures-today-point-modest-decline-iran-talks-uncertainty-weighs-wall-street-1864260,-0.9625913500785828,negative
US Stock Market | Wall Street indexes rally after Trump postpones strikes on Iran's power plants,2026-03-24,The Times of India,https://economictimes.indiatimes.com/markets/us-stocks/news/us-stock-market-wall-street-indexes-rally-after-trump-postpones-strikes-on-irans-power-plants/articleshow/129765501.cms,-0.8859465718269348,negative
Trump Claims Progress With Iran. Tehran Says No Talks Happened,2026-03-24,Freerepublic.com,https://freerepublic.com/focus/f-news/4371944/posts,0.0,neutral
Changes to Bank of Canada Governing Council - Bank of Canada,2026-03-24,Bank of Canada,https://www.bankofcanada.ca/2026/03/changes-bank-of-canada-governing-council/,0.0,neutral
Gold edges higher as US pullback on Iran strikes brings respite,2026-03-24,The Times of India,https://economictimes.indiatimes.com/markets/commodities/news/gold-edges-higher-as-us-pullback-on-iran-strikes-brings-respite/articleshow/129765267.cms,0.6825134754180908,positive
Saudi Arabia warns of oil prices hitting $180 per barrel as Iran conflict threatens global energy shock,2026-03-24,Naturalnews.com,https://www.naturalnews.com/2026-03-24-saudi-arabia-warns-oil-crisis-iran-conflict.html,-0.8982408046722412,negative
"America's wealth gap is growing, and Trump's policies are making it bigger",2026-03-24,NBC News,https://www.nbcnews.com/business/economy/trump-economy-wealth-gap-americans-affordability-inflation-prices-rcna264112,0.0,neutral
Gold sinks deeper into bear market territory as sell-off extends,2026-03-24,CNBC,https://www.cnbc.com/2026/03/24/gold-sinks-deeper-into-bear-market-territory-as-sell-off-extends.html,-0.9012467265129088,negative
US stocks give back some of the rally sparked by Trump's talk of negotiations with Iran,2026-03-24,Yahoo Entertainment,https://finance.yahoo.com/markets/world-indices/articles/asian-shares-mostly-rebound-trump-012346032.html,-0.5494433045387268,negative
What happens to Bitcoin if US bond yields soar above 5%?,2026-03-24,Cointelegraph,https://cointelegraph.com/markets/what-happens-bitcoin-bond-yields-above-5percent,-0.5261035561561584,negative
Personal Loans for Bad Credit: RadCred Launches AI-Powered Loan Matching for U.S. Borrowers with Low Credit Scores in 2026,2026-03-24,GlobeNewswire,https://www.globenewswire.com/news-release/2026/03/24/3261542/0/en/Personal-Loans-for-Bad-Credit-RadCred-Launches-AI-Powered-Loan-Matching-for-U-S-Borrowers-with-Low-Credit-Scores-in-2026.html,0.0,neutral
Mortgage rates climb to 6.22% highest in 3 months — will Iran war-driven inflation push rates higher and hit US housing market now?,2026-03-24,The Times of India,https://economictimes.indiatimes.com/news/international/us/mortgage-rates-climb-to-6-22-highest-in-3-months-will-iran-war-driven-inflation-push-rates-even-higher-now-heres-how-rising-mortgage-rates-affecting-the-us-housing-market-right-now/articleshow/129779715.cms,-0.8241122961044312,negative
Why did mortgage rates go up again?,2026-03-24,CBS News,https://www.cbsnews.com/news/why-did-mortgage-rates-go-up-again/,0.0,neutral
Gen Z finally had room to breathe. Now Trump’s 26% gas price hike has them suffocating,2026-03-24,Fortune,https://fortune.com/2026/03/24/gen-z-spending-gas-prices-bofa-trump-economy/,-0.6698575615882874,negative
"US Stocks: US business activity slips to 11-month low in March amid Iran war, S&P Global survey shows",2026-03-24,The Times of India,https://economictimes.indiatimes.com/markets/us-stocks/news/us-stocks-us-business-activity-slips-to-11-month-low-in-march-amid-iran-war-sp-global-survey-shows/articleshow/129779294.cms,-0.97209495306015,negative
Chances of a Federal Reserve rate cut fade as inflation worsens,2026-03-24,Yahoo Entertainment,https://consent.yahoo.com/v2/collectConsent?sessionId=1_cc-session_4cc7002b-da20-4aa0-b069-5da06b8292f4,-0.8610544204711914,negative
Chances of a Federal Reserve rate cut fade as inflation worsens,2026-03-24,Abcnews.com,https://abcnews.com/Business/wireStory/chances-federal-reserve-rate-cut-fade-inflation-worsens-131369379,-0.8610544204711914,negative
5 reasons why gold & silver may lose their glitter this year,2026-03-24,BusinessLine,https://www.thehindubusinessline.com/markets/gold/5-reasons-why-gold-silver-may-lose-their-glitter-this-year/article70779495.ece,0.0,neutral
"US stocks today: Dow Jones falls 84 points, S&P, Nasdaq over 0.3% on worries about Middle East war, interest rates",2026-03-24,The Times of India,https://economictimes.indiatimes.com/markets/us-stocks/news/us-stocks-today-dow-jones-falls-84-points-sp-nasdaq-over-0-3-on-worries-about-middle-east-war-interest-rates/articleshow/129786408.cms,-0.9561275243759156,negative
"Iran Rejects Peace Talk Claims, Leaving Bitcoin Stuck At $70K",2026-03-24,newsBTC,http://www.newsbtc.com/news/iran-rejects-peace-talk-claims-leaving-bitcoin-stuck-at-70k/,-0.9275431036949158,negative
"S&P/ASX 200 Index Rebounds Modestly to 8,379 in Sydney Trading on March 24, 2026",2026-03-24,Ibtimes.com.au,https://www.ibtimes.com.au/sp-asx-200-index-rebounds-modestly-8379-sydney-trading-march-24-2026-1864308,-0.942628026008606,negative
Chicago Fed president breaks down economic risks of Iran war,2026-03-24,PBS,https://www.pbs.org/newshour/show/chicago-fed-president-breaks-down-economic-risks-of-iran-war,0.0,neutral
Five- and 10-Year CMBS Loans: Which Vintage Might Crash the Office Market?,2026-03-24,Commercial Observer,http://commercialobserver.com/2026/03/cmbs-loans-office-distress-2026/,-0.7316603660583496,negative
"How much does an $80,000 HELOC cost monthly now?",2026-03-24,CBS News,https://www.cbsnews.com/news/heloc-rates-near-7-how-much-80000-heloc-costs-now/,0.0,neutral
Investors Are Betting on an Interest Rate Hike That’s Really Not That Likely,2026-03-24,Yahoo Entertainment,https://finance.yahoo.com/economy/policy/articles/investors-betting-interest-rate-hike-143229070.html,0.0,neutral
Prosecutor admits govt lacks evidence of misconduct by Fed chair...,2026-03-24,Dnyuz.com,https://dnyuz.com/2026/03/24/prosecutor-admits-government-lacks-evidence-of-misconduct-by-fed-chair/,-0.8921338319778442,negative
"How much interest can a $2,500 CD earn in 2026?",2026-03-24,CBS News,https://www.cbsnews.com/news/how-much-interest-2500-cd-earn-2026/,0.0,neutral
Chances of Fed cutting interest rates fade as inflation worsens,2026-03-24,PBS,https://www.pbs.org/newshour/economy/chances-of-fed-cutting-interest-rates-fade-as-inflation-worsens,-0.8868895769119263,negative
How Bitcoin evolved from ‘safe haven’ to become the market’s real-time geopolitical risk indicator,2026-03-24,CryptoSlate,https://cryptoslate.com/?p=525842,0.0,neutral
"$1,200 windfall? New bill could send checks to millions — see if you are eligible",2026-03-24,The Times of India,https://economictimes.indiatimes.com/news/international/us/1200-windfall-new-bill-could-send-checks-to-millions-see-if-you-are-eligible/articleshow/129780984.cms,0.0,neutral
Oil trades surged before Trump's Iran post. Some experts are suspicious.,2026-03-24,CBS News,https://www.cbsnews.com/news/insider-trading-oil-futures-trump-iran-post/,0.0,neutral
Chances of a Federal Reserve rate cut fade as inflation worsens,2026-03-24,TwinCities.com-Pioneer Press,https://www.twincities.com/2026/03/24/federal-reserve-higher-rates/,-0.8610544204711914,negative
Nasdaq Today: Futures Waver After Monday Rally as Iran Talks Optimism Fades Amid Ongoing Conflict,2026-03-24,Ibtimes.com.au,https://www.ibtimes.com.au/nasdaq-today-futures-waver-after-monday-rally-iran-talks-optimism-fades-amid-ongoing-conflict-1864267,-0.91960346698761,negative
How Stablecoins Could Get More Stability With the GENIUS Act,2026-03-24,Upenn.edu,https://knowledge.wharton.upenn.edu/article/how-stablecoins-could-get-more-stability-with-the-genius-act/,0.0,neutral
Oil prices rise and stocks fall as war with Iran still advances,2026-03-24,Boston Herald,https://www.bostonherald.com/2026/03/24/us-markets-oil-prices/,-0.9670949578285216,negative
Jeanine Pirro Deputy Admits DOJ Has Nothing on Jerome Powell — Undercutting Trump Claim of ‘Criminality’: Report,2026-03-24,Mediaite,https://www.mediaite.com/media/news/jeanine-pirro-deputy-admits-doj-has-nothing-on-jerome-powell-undercutting-trump-claim-of-criminality-report/,0.0,neutral
Bad Credit Loans Guaranteed Approval: RadCred Launches Same-Day Loan Matching for U.S. Borrowers in 2026,2026-03-24,GlobeNewswire,https://www.globenewswire.com/news-release/2026/03/24/3261467/0/en/Bad-Credit-Loans-Guaranteed-Approval-RadCred-Launches-Same-Day-Loan-Matching-for-U-S-Borrowers-in-2026.html,0.0,neutral
Twin Cities Win JFK Library Award for Resisting ICE Crackdown,2026-03-24,Truthout,https://truthout.org/articles/twin-cities-win-jfk-library-award-for-resisting-ice-crackdown/,0.6610016822814941,positive
Bitcoin faces a new threat after US PMI reignites stagflation fears,2026-03-24,CryptoSlate,https://cryptoslate.com/bitcoin-faces-a-new-threat-after-us-pmi-reignites-stagflation-fears/,-0.9119004011154176,negative
"Barr, Developing Communities through Public-private Partnerships",2026-03-24,Federalreserve.gov,https://www.federalreserve.gov/newsevents/speech/barr20260324a.htm,0.0,neutral
"Bitcoin eyes bullish move to $75,000 where the real fight for recovery is decided beyond Iran pause",2026-03-24,CryptoSlate,https://cryptoslate.com/bitcoin-eyes-bullish-move-to-75000-where-the-real-fight-for-recovery-is-decided-beyond-iran-pause/,0.7267343997955322,positive
Recession odds climb on Wall Street as economy shows cracks beneath the surface,2026-03-25,CNBC,https://www.cnbc.com/2026/03/25/recession-odds-climb-on-wall-street-as-economy-shows-cracks-beneath-the-surface.html,-0.8047724366188049,negative
US Stock Market | Barclays signals confidence in US markets Even as oil and inflation risks rise,2026-03-25,The Times of India,https://economictimes.indiatimes.com/markets/us-stocks/news/us-stock-market-barclays-signals-confidence-in-us-markets-even-as-oil-and-inflation-risks-rise/articleshow/129790852.cms,0.9449661374092102,positive
US stocks today: US stocks advance as investors bet on Iran war de-escalation,2026-03-25,The Times of India,https://economictimes.indiatimes.com/markets/us-stocks/news/us-stocks-today-us-stocks-advance-as-investors-bet-on-iran-war-de-escalation/articleshow/129811212.cms,0.8923940062522888,positive
"Shift4 Payments Stock Soars 19% on March 24, 2026, as FOUR Shares Surge From 52-Week Lows Amid Short Squeeze",2026-03-25,Ibtimes.com.au,https://www.ibtimes.com.au/shift4-payments-stock-soars-19-march-24-2026-four-shares-surge-52-week-lows-amid-short-squeeze-1864406,0.6982365250587463,positive
FTSE 100 Rises Over 1% Early on Optimism Amid Middle East Tensions,2026-03-25,Ibtimes.com.au,https://www.ibtimes.com.au/ftse-100-rises-over-1-early-optimism-amid-middle-east-tensions-1864428,0.8238348960876465,positive
Bitcoin Trading On Binance Cools Off: Spot Volume Falls Sharply To Multi-Year Lows,2026-03-25,Bitcoinist,https://bitcoinist.com/bitcoin-binance-trading-cools/,-0.9710552096366882,negative
Gold Extends Gains as Reports of Iran War Talks Offer Respite,2026-03-25,Financial Post,https://financialpost.com/pmn/business-pmn/gold-extends-gains-as-reports-of-iran-war-talks-offer-respite,0.8351716995239258,positive
"Oil falls more than 5%, Asian shares gain over Trump's talk of negotiations with Iran",2026-03-25,Japan Today,https://japantoday.com/category/business/oil-falls-more-than-5-and-asian-shares-gain-over-trump%27s-talk-of-negotiations-with-iran,-0.4546860158443451,negative
Surprising drop in Sri Lanka's gold price,2026-03-25,Gossiplankanews.com,https://english.gossiplankanews.com/2026/03/surprising-drop-in-sri-lankas-gold-price.html,-0.9477971196174622,negative
"Best high-yield savings interest rates today, March 25, 2026 (Earn up to 4% APY)",2026-03-25,Yahoo Entertainment,https://finance.yahoo.com/personal-finance/banking/article/copy-best-high-yield-savings-interest-rates-today-wednesday-march-25-2026-100000800.html,0.0,neutral
"Gold climbs more than 2% on softer dollar, easing expectations of higher rates",2026-03-25,BusinessLine,https://www.thehindubusinessline.com/markets/gold/gold-climbs-more-than-2-on-softer-dollar-easing-expectations-of-higher-rates/article70782713.ece,0.93609881401062,positive
Oil falls and Asian shares gain over possible Iran war de-escalation,2026-03-25,Associated Press,https://apnews.com/article/stock-markets-trump-iran-oil-826e691e2fd93a63ac8ec8ed98924a17,-0.9049026966094972,negative
Jill On Money: Fed Chair Powell won’t call it 'stagflation',2026-03-25,Tribunecontentagency.com,https://rss.tribunecontentagency.com/websvc-bin/rss_story_read.cgi?resid=202603250500TMS_____RETIRESM_39326_ctnrs_20260325,0.0,neutral
"Will gold and silver prices continue to witness huge swings or finally head for dream levels? Gold and silver rise explained, analysts insights and market outlook, what should investors do now",2026-03-25,The Times of India,https://economictimes.indiatimes.com/news/international/us/will-gold-and-silver-prices-continue-to-witness-huge-swings-or-finally-head-for-dream-levels-gold-and-silver-rise-explained-analysts-insights-and-market-outlook-what-should-investors-do-now/articleshow/129800441.cms,0.0,neutral
US Stock Market | Fed likely to hold rates steady longer amid inflation and geopolitical risks,2026-03-25,The Times of India,https://economictimes.indiatimes.com/markets/us-stocks/news/us-stock-market-fed-likely-to-hold-rates-steady-longer-amid-inflation-and-geopolitical-risks/articleshow/129791210.cms,-0.8734768629074097,negative
Oil falls more than 4% and Asian shares gain over Trump's talk of negotiations with Iran,2026-03-25,Abcnews.com,https://abcnews.com/Business/wireStory/oil-falls-4-asian-shares-gain-trumps-talk-131384870,-0.6871057748794556,negative
"Gold climbs over 2% on softer dollar, easing fears of higher interest rates",2026-03-25,The Times of India,https://economictimes.indiatimes.com/markets/commodities/news/gold-climbs-over-2-on-softer-dollar-easing-fears-of-higher-interest-rates/articleshow/129789686.cms,0.8984717726707458,positive
"US Stock Market | Wall Street indexes fall on worries about Middle East war, interest rates",2026-03-25,The Times of India,https://economictimes.indiatimes.com/markets/us-stocks/news/us-stock-market-wall-street-indexes-fall-on-worries-about-middle-east-war-interest-rates/articleshow/129789630.cms,-0.9494695663452148,negative
Chances of a Federal Reserve rate cut fade as inflation worsens,2026-03-25,Abcnews.com,https://abcnews.com/US/wireStory/chances-federal-reserve-rate-cut-fade-inflation-worsens-131369373,-0.8610544204711914,negative
New Portland Trail Blazers Owner Played Key Role at Company Oregon Accused of Predatory Lending,2026-03-25,ProPublica,http://www.propublica.org/article/tom-dundon-moda-center-portland-oregon,0.0,neutral
"Goldman raises recession odds to 30% on higher inflation, lower GDP outlook as oil prices surge",2026-03-25,Fortune,https://fortune.com/2026/03/25/will-there-be-recession-goldman-forecast-oil-price-inflation-economy/,0.817733645439148,positive
Treasury yields tumble as Trump talks up Iran ceasefire plan,2026-03-25,CNBC,https://www.cnbc.com/2026/03/25/treasury-yields-tumble-as-trump-talks-up-iran-ceasefire-plan.html,-0.8672404885292053,negative
Private Credit Turned Out to Be an Illusion. What’s Next?,2026-03-25,Fair Observer,https://www.fairobserver.com/economics/private-credit-turned-out-to-be-an-illusion-whats-next/,0.0,neutral
"Prosecutor conceded lack of criminal evidence in Federal Reserve investigation, transcript shows",2026-03-25,Abcnews.com,https://abcnews.com/Business/wireStory/prosecutor-conceded-lack-criminal-evidence-federal-reserve-investigation-131377991,0.0,neutral
Why gold and silver prices are rising today: Gold price surges 3.5% while silver jumps over 5% — but is gold price surge a short-term bounce or a long-term bullish trend?,2026-03-25,The Times of India,https://economictimes.indiatimes.com/news/international/us/why-gold-and-silver-prices-are-rising-today-gold-price-surges-3-5-while-silver-jumps-over-5-but-is-gold-price-surge-a-short-term-bounce-or-a-long-term-bullish-trend/articleshow/129799732.cms,0.0,neutral
Philly’s Economy Is Growing — But People’s Lives Aren’t Getting Better,2026-03-25,phillymag.com,https://www.phillymag.com/news/2026/03/25/economic-mobility-philadelphia/,0.0,neutral
"Bitcoin, XRP Rallies Won’t Hold Until Oil Falls Toward $80, Expert Warns",2026-03-25,newsBTC,http://www.newsbtc.com/xrp-news/bitcoin-xrp-rallies-wont-hold-until-oil-falls-toward-80-expert-warns/,0.0,neutral
"Why are US stock market futures witnessing wild swings, and will Dow, S&P 500 and Nasdaq head for a huge crash or big surprise soon? Wall Street futures rise, stocks to watch out for, analysts insights, market outlook and what should investors do now",2026-03-25,The Times of India,https://economictimes.indiatimes.com/news/international/us/why-are-us-stock-market-futures-witnessing-wild-swings-and-will-dow-sp-500-and-nasdaq-head-for-a-huge-crash-or-big-surprise-soon-wall-street-futures-rise-stocks-to-watch-out-for-analysts-insights-market-outlook-and-what-should-investors-do-now/articleshow/129799413.cms,0.0,neutral
"War-driven stock losses could shave $1.5 trillion from US household wealth this quarter, research firm says",2026-03-25,Business Insider,https://www.businessinsider.com/stock-market-outlook-losses-wealth-effect-iran-consumer-spending-q1-2026-3,-0.9594429135322572,negative
‘Don’t leave’: the remote work guru who nailed the labor market during the Great Resignation offers job advice for 2026,2026-03-25,Fortune,https://fortune.com/2026/03/25/remote-work-guru-nicholas-bloom-great-resignation-layoffs-frozen-labor-market-economy/,0.0,neutral
This is how the 1970s oil shock played out. There are lessons for the economy today,2026-03-25,The Conversation Africa,https://theconversation.com/this-is-how-the-1970s-oil-shock-played-out-there-are-lessons-for-the-economy-today-278876,0.0,neutral
"Eric Wallerstein: Geopolitical shifts prioritize natural resources, the US holds significant geoeconomic leverage, and tariffs require a broader context | Forward Guidance",2026-03-25,Crypto Briefing,https://cryptobriefing.com/eric-wallerstein-geopolitical-shifts-prioritize-natural-resources-the-us-holds-significant-geoeconomic-leverage-and-tariffs-require-a-broader-context-forward-guidance/,0.0,neutral
Ascentage Pharma Reports Full Year 2025 Unaudited Financial Results and Provides Business Updates,2026-03-25,GlobeNewswire,https://www.globenewswire.com/news-release/2026/03/25/3262673/0/en/Ascentage-Pharma-Reports-Full-Year-2025-Unaudited-Financial-Results-and-Provides-Business-Updates.html,0.0,neutral
US recession risks rising as war dims economic outlook,2026-03-25,OCRegister,https://www.ocregister.com/2026/03/25/us-recession-risks-begin-to-rise-as-war-dims-economic-outlook/,-0.8899837136268616,negative
Norway Set to Move Away From Interest-Rate Cuts,2026-03-25,Financial Post,https://financialpost.com/pmn/business-pmn/norway-set-to-move-away-from-interest-rate-cuts,0.0,neutral
Bitcoin price eyes breakout as EIA signals sub $80 oil path after 20% global supply shock starts easing,2026-03-25,CryptoSlate,https://cryptoslate.com/bitcoin-price-eyes-breakout-as-eia-signals-sub-80-oil-path-after-20-global-supply-shock-starts-easing/,-0.7585351467132568,negative
US Stocks Today | US stock futures gain on Mideast ceasefire hopes,2026-03-25,The Times of India,https://economictimes.indiatimes.com/markets/us-stocks/news/us-stocks-today-us-stock-futures-gain-on-mideast-ceasefire-hopes/articleshow/129800325.cms,0.6813008785247803,positive
Bitcoin traders dump coins within 48 hours of Fed meetings as new data reveals systematic FOMC weakness,2026-03-25,CryptoSlate,https://cryptoslate.com/bitcoin-traders-dump-coins-within-48-hours-of-fed-meetings-as-new-data-reveals-systematic-fomc-weakness/,-0.7237625122070312,negative
Soaring stocks boosted Canada’s crown-jewel pensions amid PE rut,2026-03-25,Financial Post,https://financialpost.com/fp-finance/stocks-canada-crown-jewel-pensions-pe-rut,0.9372667074203492,positive
How High Could Gas Prices Get?,2026-03-25,The New Yorker,https://www.newyorker.com/newsletter/the-daily/how-high-could-gas-prices-get,0.0,neutral
Why is the Dow Jones rising sharply today despite global tensions? US stock market: Dow jumps 414 points as S&P 500 and Nasdaq gain big amid falling oil prices,2026-03-25,The Times of India,https://economictimes.indiatimes.com/news/international/us/why-is-the-dow-jones-rising-sharply-today-despite-global-tensions-us-stock-market-dow-jumps-414-points-as-sp-500-and-nasdaq-gain-big-amid-falling-oil-prices/articleshow/129805214.cms,0.8308374881744385,positive
Chances of a Federal Reserve rate cut fade as inflation worsens,2026-03-25,Roanoke Times,https://roanoke.com/news/nation-world/business/economy/article_215cc8fa-6688-5fba-8e4d-d3653101fc99.html,-0.8610544204711914,negative
"Bitcoin rebounds during Iran war, but safe haven role unproven",2026-03-25,Cointelegraph,https://cointelegraph.com/features/bitcoin-iran-war-behaves-like-risk-asset,0.7087185382843018,positive
3 Beaten-Down Dividend Aristocrats to Scoop Up While Wall Street Chases AI Stocks Into a Cliff,2026-03-25,24/7 Wall St.,https://247wallst.com/investing/2026/03/25/3-beaten-down-dividend-aristocrats-to-scoop-up-while-wall-street-chases-ai-stocks-into-a-cliff/,-0.4541225433349609,negative
America's Super-Rich Are Quietly Multiplying,2026-03-25,Newser,https://www.newser.com/story/386095/americas-super-rich-are-quietly-multiplying-reshaping-economy.html,0.0,neutral
Dow Jones Rises Modestly as Markets Stabilize Amid Ongoing Middle East Tensions,2026-03-25,Ibtimes.com.au,https://www.ibtimes.com.au/dow-jones-rises-modestly-markets-stabilize-amid-ongoing-middle-east-tensions-1864456,0.869102418422699,positive
"Pause now, pain later? Fed move raises new fears for Social Security retirees",2026-03-25,The Times of India,https://economictimes.indiatimes.com/news/international/us/pause-now-pain-later-fed-move-raises-new-fears-for-social-security-retirees/articleshow/129802540.cms,-0.7346704006195068,negative
Chances of a Federal Reserve rate cut fade as inflation worsens,2026-03-25,Richmond.com,https://richmond.com/news/nation-world/business/economy/article_78fc1d76-a9fa-5eba-bd65-da1010118aa7.html,-0.8610544204711914,negative
"DOJ found no evidence of a crime in Fed renovation project, prosecutor admits",2026-03-25,CBS News,https://www.cbsnews.com/news/justice-department-found-no-evidence-of-crime-federal-reserve-renovation-project/,0.0,neutral
This 1 ETF is the Only True Anti-Recession Holding For Your Portfolio,2026-03-26,24/7 Wall St.,https://247wallst.com/investing/2026/03/26/this-1-etf-is-the-only-true-anti-recession-holding-for-your-portfolio/,0.0,neutral
"Barr, Brief Remarks on the Economic Outlook and Monetary Policy",2026-03-26,Federalreserve.gov,https://www.federalreserve.gov/newsevents/speech/barr20260326a.htm,0.0,neutral
"How much will $75,000 earn in a CD in 12 months?",2026-03-26,CBS News,https://www.cbsnews.com/news/how-much-75000-earn-cd-12-months/,0.0,neutral
US Stock Market | Fed losses shrink to $19.6 billion in 2025 as balance sheet pressure eases,2026-03-26,The Times of India,https://economictimes.indiatimes.com/markets/us-stocks/news/us-stock-market-fed-losses-shrink-to-19-6-billion-in-2025-as-balance-sheet-pressure-eases/articleshow/129815085.cms,-0.4909782111644745,negative
We chatted to Ray Dalio's AI clone. 'Digital Ray' was convincing until it made a bunch of weird and wonderful mistakes.,2026-03-26,Business Insider,https://www.businessinsider.com/ray-dalio-ai-chatbot-test-burry-cuban-investing-billionaires-dollar-2026-3,0.0,neutral
US weekly jobless claims increase slightly,2026-03-26,The Times of India,https://economictimes.indiatimes.com/news/international/global-trends/us-weekly-jobless-claims-increase-slightly/articleshow/129825825.cms,-0.682396650314331,negative
Mortgage rates today: Why are they rising right now? 30-Year mortgage rates increase to 6.49%: When will rates fall?,2026-03-26,The Times of India,https://economictimes.indiatimes.com/news/international/us/mortgage-rates-today-why-are-they-rising-right-now-30-year-mortgage-rates-increase-to-6-49-when-will-rates-fall/articleshow/129825386.cms,-0.5171782374382019,negative
"What are today's mortgage interest rates: March 26, 2026?",2026-03-26,CBS News,https://www.cbsnews.com/news/todays-mortgage-interest-rates-march-26-2026/,0.0,neutral
Bitcoin dips 3% as analysis says $70K BTC price 'not obviously bearish',2026-03-26,Cointelegraph,https://cointelegraph.com/markets/bitcoin-dips-3percent-analysis-70k-btc-price-not-obviously-bearish,-0.9214213490486144,negative
"5 Biggest Premarket and Early-Session Gainers Among S&P 500 on March 26, 2026",2026-03-26,Ibtimes.com.au,https://www.ibtimes.com.au/5-biggest-premarket-early-session-gainers-among-sp-500-march-26-2026-1864542,0.6004441976547241,positive
US Stock Market | Wall Street advances as investors bet on Mideast de-escalation,2026-03-26,The Times of India,https://economictimes.indiatimes.com/markets/us-stocks/news/us-stock-market-wall-street-advances-as-investors-bet-on-mideast-de-escalation/articleshow/129814146.cms,0.5952036380767822,positive
Oil prices rise as Iran rejects direct U.S. talks despite proposal review,2026-03-26,CNBC,https://www.cnbc.com/2026/03/26/oil-price-wti-brent-crude-iran-rejects-direct-us-trump-talks-hormuz.html,-0.857702374458313,negative
Investors Switch to Cash From Stocks and Bonds Like It’s 2022,2026-03-26,Financial Post,https://financialpost.com/pmn/business-pmn/investors-switch-to-cash-from-stocks-and-bonds-like-its-2022,0.0,neutral
Iran war tests Donald Trump’s tolerance for ‘pain’ in oil market,2026-03-26,Financial Post,https://financialpost.com/financial-times/iran-war-tests-donald-trumps-tolerance,-0.708625316619873,negative
Dollar rises as US-Iran divide dashes de-escalation hopes,2026-03-26,CNA,https://www.channelnewsasia.com/business/dollar-rises-us-iran-divide-dashes-de-escalation-hopes-6017531,-0.638299286365509,negative
"Dollar strengthens as confidence recovers, Fed hike bets trimmed",2026-03-26,The Times of India,https://economictimes.indiatimes.com/markets/forex/dollar-strengthens-as-confidence-recovers-fed-hike-bets-trimmed/articleshow/129814378.cms,0.8716520071029663,positive
"Why are US stock market futures down today, and will Dow, S&P 500 and Nasdaq stay in red or turn green again? Wall Street futures, analysts insights and market outlook. Here's what should investors do now",2026-03-26,The Times of India,https://economictimes.indiatimes.com/news/international/us/why-are-us-stock-market-futures-down-today-and-will-dow-sp-500-and-nasdaq-stay-in-red-or-turn-green-again-wall-street-futures-analysts-insights-and-market-outlook-heres-what-should-investors-do-now/articleshow/129825215.cms,0.0,neutral
War hits global economy with OECD seeing 4.2% U.S. inflation,2026-03-26,Financial Post,https://financialpost.com/news/economy/war-hits-global-economy-inflation,-0.9151372909545898,negative
Norway Pivots Toward Hike After Keeping Its Rate Steady at 4%,2026-03-26,Financial Post,https://financialpost.com/pmn/business-pmn/norway-pivots-toward-hike-after-keeping-its-rate-steady-at-4,0.8211844563484192,positive
Iran war tests Donald Trump’s tolerance for ‘pain’ in oil market,2026-03-26,The Irish Times,https://www.irishtimes.com/business/2026/03/26/iran-war-tests-donald-trumps-tolerance-for-pain-in-oil-market/,-0.708625316619873,negative
War Hits Global Economy With US Inflation Seen by OECD at 4.2%,2026-03-26,Financial Post,https://financialpost.com/pmn/business-pmn/war-hits-global-economy-with-us-inflation-seen-by-oecd-at-4-2,-0.9140879511833192,negative
A top Citi banker warns AI could mean a 'tragic end' for capitalism if we don't act now,2026-03-26,Business Insider,https://www.businessinsider.com/ai-impact-on-capitalism-future-response-citi-banker-jay-collins-2026-3,-0.9380909204483032,negative
Fed chair nominee Warsh may need five years to really shrink the central bank’s balance sheet,2026-03-26,The Times of India,https://economictimes.indiatimes.com/markets/stocks/news/fed-chair-nominee-warsh-may-need-five-years-to-really-shrink-the-central-banks-balance-sheet/articleshow/129815120.cms,-0.95621520280838,negative
Gold steady as markets assess West Asia ceasefire talks,2026-03-26,BusinessLine,https://www.thehindubusinessline.com/markets/gold/gold-steady-as-markets-assess-west-asia-ceasefire-talks/article70786613.ece,0.5690277218818665,positive
Asian shares fall and oil climbs on Iran war uncertainties,2026-03-26,Associated Press,https://apnews.com/article/stock-markets-trump-iran-oil-8118f58d75859b9fc74ab133fa9e8c3e,-0.9552470445632936,negative
"US filings for jobless aid tick up last week to 210,000",2026-03-26,Boston Herald,https://www.bostonherald.com/2026/03/26/jobless-aid-applications/,0.4853139519691467,positive
"Gold drops 2%, silver sheds over 4% as traders assess Iran-US ceasefire uncertainty, oil surge. What are experts saying?",2026-03-26,The Times of India,https://economictimes.indiatimes.com/markets/stocks/news/gold-drops-2-silver-sheds-over-4-as-traders-assess-iran-us-ceasefire-uncertainty-oil-surge-what-are-experts-saying/articleshow/129819821.cms,-0.8742549419403076,negative
The Next Financial Shock to Come From Trump’s War With Iran,2026-03-26,The New Republic,https://newrepublic.com/article/208170/trump-war-iran-credit-rating,0.0,neutral
"Why is gold price down by 2% and silver by 4.2%, and will precious metals continue to drop or rise again? Gold and silver fall, analysts insights, market outlook and what should investors do now",2026-03-26,The Times of India,https://economictimes.indiatimes.com/news/international/us/why-is-gold-price-down-by-2-and-silver-by-4-2-and-will-precious-metals-continue-to-drop-or-rise-again-gold-and-silver-fall-analysts-insights-market-outlook-and-what-should-investors-do-now/articleshow/129823796.cms,-0.9327650666236876,negative
"US inflation will surge to 4.2% on energy shock, warns OECD",2026-03-26,The Irish Times,https://www.irishtimes.com/business/2026/03/26/us-inflation-will-surge-to-42-on-energy-shock-warns-oecd/,0.5998235940933228,positive
"Why is silver price crashing rapidly by 5% to $67, and will gold price slip below $4,000 or move towards $5,000? Precious metals fall, analysts insights, market outlook and what should investors do now",2026-03-26,The Times of India,https://economictimes.indiatimes.com/news/international/us/why-is-silver-price-crashing-rapidly-by-5-to-67-and-will-gold-price-slip-below-4000-or-move-towards-5000-precious-metals-fall-analysts-insights-market-outlook-and-what-should-investors-do-now/articleshow/129831774.cms,-0.903109848499298,negative
"Fox Host Warns Iran Knows Trump Can’t Keep War Going Indefinitely, US is ‘Hamstrung’ By Debt",2026-03-26,Mediaite,https://www.mediaite.com/media/news/fox-host-warns-iran-knows-trump-cant-keep-war-going-indefinitely-us-is-hamstrung-by-debt/,-0.6104825735092163,negative
Dollar firms as fading Middle East ceasefire hopes lift safe-haven demand,2026-03-26,CNA,https://www.channelnewsasia.com/business/dollar-firms-fading-middle-east-ceasefire-hopes-lift-safe-haven-demand-6017531,0.637247622013092,positive
"Wall Street sees worst drop since Iran war began, as Nasdaq sinks 10% below its record",2026-03-26,CBC News,https://www.cbc.ca/news/business/wall-street-drop-nasdaq-10-9.7143820,-0.9728600978851318,negative
Wall Street Has Its Worst Day Since The War With Iran Started And Crude Oil Prices Rise,2026-03-26,HuffPost,https://www.huffpost.com/entry/financial-markets-stock-market_n_69c594e7e4b0a6ee60c3f2d8,-0.9595637321472168,negative
Gold Steadies as US and Iran Offer Divergent Routes to End War,2026-03-26,Financial Post,https://financialpost.com/pmn/business-pmn/gold-steadies-as-us-and-iran-offer-divergent-routes-to-end-war,0.6564664244651794,positive
"Miran, Prospects for Shrinking the Fed’s Balance Sheet",2026-03-26,Federalreserve.gov,https://www.federalreserve.gov/newsevents/speech/miran20260326a.htm,-0.8862231373786926,negative
"Jefferson, Economic Outlook and Energy Effects",2026-03-26,Federalreserve.gov,https://www.federalreserve.gov/newsevents/speech/jefferson20260326a.htm,0.0,neutral
What Message Does a Gold Slump Send to Global Markets and BRICS?,2026-03-26,Sputnikglobe.com,https://sputnikglobe.com/20260326/what-message-does-a-gold-slump-send-to-global-markets-and-brics-1123902462.html,0.0,neutral
Low US weekly unemployment claims point to stable labor market,2026-03-26,The Times of India,https://economictimes.indiatimes.com/markets/us-stocks/news/low-us-weekly-unemployment-claims-point-to-stable-labor-market/articleshow/129828382.cms,0.9387784600257874,positive
"US stocks today: Dow Jones slumps 470 points, Nadsaq, S&P over 1% as Iran war uncertainty spooks investors",2026-03-26,The Times of India,https://economictimes.indiatimes.com/markets/us-stocks/news/us-stocks-today-dow-jones-slumps-470-points-nadsaq-sp-over-1-as-iran-war-uncertainty-spooks-investors/articleshow/129833745.cms,-0.9644971489906312,negative
Stagflation is back,2026-03-26,Financial Post,https://financialpost.com/financial-times/stagflation-is-back,0.0,neutral
Stocks Just Had Their Worst Day Since Iran War Began,2026-03-26,Newser,https://www.newser.com/story/386208/stocks-just-had-their-worst-day-since-iran-war-began.html,-0.9626808166503906,negative
Millennials’ Newest Obsession Blamed For Locking Them Out Of Housing Market,2026-03-26,Boredpanda.com,https://www.boredpanda.com/millennials-newest-obsession-blamed-for-locking-them-out-of-housing-market/,-0.782954752445221,negative
Fed urges judge to deny bid to resurrect Jerome Powell probe subpoenas,2026-03-26,CNBC,https://www.cnbc.com/2026/03/26/fed-trump-jerome-powell-subpoenas-doj.html,0.0,neutral
"HELOC rates are closing in on the 6% range. Here's what a $20,000 HELOC costs monthly now.",2026-03-26,CBS News,https://www.cbsnews.com/news/heloc-rates-6-range-what-20000-heloc-costs-monthly/,0.0,neutral
Sen. Warren rips Federal Reserve chair pick Kevin Warsh: 'You have learned nothing from your failures',2026-03-26,CNBC,https://www.cnbc.com/2026/03/26/federal-reserve-kevin-walsh-elizabeth-warren-trump.html,0.0,neutral
"US inflation will soar to 4.2% if Iran war drags on, says OECD",2026-03-26,New York Post,https://nypost.com/2026/03/26/business/us-inflation-will-soar-to-4-2-if-iran-war-drags-on-says-oecd/,0.6708237528800964,positive
"‘We Have a Moron at the Fed’: Trump Unleashes on Jerome Powell, Praises Bondi and Pirro for Bringing Criminal Case",2026-03-26,Mediaite,https://www.mediaite.com/media/news/we-have-a-moron-at-the-fed-trump-unleashes-on-jerome-powell-praises-bondi-and-pirro-for-bringing-criminal-case/,-0.5861285328865051,negative
OECD Sees US Inflation Topping 4% Amid Iran War,2026-03-26,Newser,https://www.newser.com/story/386185/oecd-sees-us-inflation-topping-4-amid-iran-war.html,0.9334821105003356,positive
Trump Spends Over 5 Minutes on the Cost of Sharpie Pens in Bizarre Cabinet Meeting Riff,2026-03-26,Mediaite,https://www.mediaite.com/politics/trump-spends-over-5-minutes-on-the-cost-of-sharpie-pens-in-bizarre-cabinet-meeting-riff/,0.0,neutral
'Magnificent 7' stocks are seeing a shocking run: Chart,2026-03-26,Yahoo Entertainment,https://finance.yahoo.com/news/magnificent-7-stocks-are-seeing-a-shocking-run-chart-173113172.html,-0.9399829506874084,negative
Barbarians at the Redemption Gate,2026-03-26,Shtfplan.com,https://www.shtfplan.com/economics/barbarians-at-the-redemption-gate,0.0,neutral
"Nasdaq confirms correction, bond prices fall as Iran crisis pushes oil to $108",2026-03-26,CNA,https://www.channelnewsasia.com/business/nasdaq-confirms-correction-bond-prices-fall-iran-crisis-pushes-oil-108-6017676,-0.9235076904296876,negative
What could cause mortgage rates to drop this April?,2026-03-26,CBS News,https://www.cbsnews.com/news/causes-mortgage-rates-drop-april-2026/,-0.9029309749603271,negative
"U.S. filings for jobless aid tick up last week to 210,000",2026-03-26,Japan Today,https://japantoday.com/category/business/us-filings-for-jobless-aid-tick-up-last-week-to-210-000-but-remain-at-historically-healthy-levels,0.602784276008606,positive
Where to invest if inflation keeps rising – Expert,2026-03-26,Motley Fool Australia,https://www.fool.com.au/2026/03/27/where-to-invest-if-inflation-keeps-rising-expert/,0.0,neutral
Bittensor's TAO price may plunge 40% within five weeks: Fractal data,2026-03-26,Cointelegraph,https://cointelegraph.com/markets/bittensor-tao-price-may-punge-40percent-five-weeks,-0.894450843334198,negative
"OECD Sees Iran War Inflation Contained to Energy, Stronger Growth for US Economy",2026-03-26,Breitbart News,https://www.breitbart.com/economy/2026/03/26/oecd-sees-iran-war-inflation-contained-to-energy-stronger-growth-for-us-economy/,0.92203551530838,positive
"‘A fiscal catastrophe’: The US Treasury just declared America insolvent, say famed economists. Are your finances ready?",2026-03-26,Yahoo Entertainment,https://finance.yahoo.com/economy/policy/articles/fiscal-catastrophe-us-treasury-just-182700432.html,0.0,neutral
US Stock Market | Warsh’s Big Task: Why balance sheet cuts may take years,2026-03-26,The Times of India,https://economictimes.indiatimes.com/markets/us-stocks/news/us-stock-market-warshs-big-task-why-balance-sheet-cuts-may-take-years/articleshow/129814989.cms,0.0,neutral
"US Stock Market | Fed’s Miran lays out roadmap for smaller balance sheet, easier policy",2026-03-27,The Times of India,https://economictimes.indiatimes.com/markets/us-stocks/news/us-stock-market-feds-miran-lays-out-roadmap-for-smaller-balance-sheet-easier-policy/articleshow/129838223.cms,0.0,neutral
US Stock Markets | Iran war clouds policy path as Fed watches price pressures rise,2026-03-27,The Times of India,https://economictimes.indiatimes.com/markets/us-stocks/news/us-stock-markets-iran-war-clouds-policy-path-as-fed-watches-price-pressures-rise/articleshow/129839110.cms,-0.803885281085968,negative
Billionaire Wealth Has Doubled So Far This Decade,2026-03-27,The American Prospect,http://prospect.org/2026/03/27/billionaire-wealth-has-doubled-so-far-this-decade/,0.9060792922973632,positive
"Economists See War Pushing US Inflation Above 3%, Hurting Growth",2026-03-27,Financial Post,https://financialpost.com/pmn/business-pmn/economists-see-war-pushing-us-inflation-above-3-hurting-growth,-0.9686489105224608,negative
Resurgent Inflation Tests Faith in Fed's Willingness to Tame It (New York Times),2026-03-27,Memeorandum.com,https://www.memeorandum.com/260327/p21,0.0,neutral
Asian stocks extend global rout; bonds hammered as war drags on,2026-03-27,CNA,https://www.channelnewsasia.com/business/asian-stocks-extend-global-rout-bonds-hammered-war-drags-6020356,-0.935619294643402,negative
Did Treasury declare US 'insolvent'? Here's the bottom line,2026-03-27,Snopes.com,https://www.snopes.com//fact-check/treasury-declares-us-insolvent/,0.0,neutral
Oil drops as Trump pauses Iran strikes,2026-03-27,Hurriyet Daily News,https://www.hurriyetdailynews.com/oil-drops-as-trump-pauses-iran-strikes-220367,-0.614296555519104,negative
Trump Drones On For 5 Minutes About *Checks Notes* Sharpies,2026-03-27,HuffPost,https://www.huffpost.com/entry/donald-trump-sharpie-ramble_n_69c654a2e4b0a6ee60c42b54,0.0,neutral
Global Market | Ben Powell sees prolonged volatility as geopolitics cloud outlook,2026-03-27,The Times of India,https://economictimes.indiatimes.com/markets/us-stocks/news/ben-powell-sees-prolonged-volatility-as-geopolitics-cloud-outlook/articleshow/129841794.cms,-0.8294607996940613,negative
"Silver surges Rs 5,100, gold jumps Rs 1,500 as weak dollar, hopes of Iran war ceasefire boost sentiment. What should investors do?",2026-03-27,The Times of India,https://economictimes.indiatimes.com/markets/commodities/news/gold-silver-prices-today-in-delhi-chennai-mumbai-and-hyderabad-on-27-march-2026-silver-surges-rs-5100-gold-jumps-rs-1500-as-weak-dollar-hopes-of-iran-war-ceasefire-boost-sentiment-what-should-investors-do/articleshow/129838257.cms,0.0,neutral
Asian stocks extend global rout; bonds hammered as war drags on,2026-03-27,CNA,https://www.channelnewsasia.com/business/war-iran-trump-negotiations-shares-oil-price-6020356,-0.935619294643402,negative
"Bond yields jump to 6.93% as fears over inflation, monetary tightening loom",2026-03-27,The Indian Express,https://indianexpress.com/article/business/india-bond-yields-surge-6-93-percent-rupee-94-oil-prices-inflation-rbi-impact-10604719/,-0.8830478191375732,negative
‘All bets are off’: European borrowing costs hit 15-year highs as investors brace for rate hikes,2026-03-27,CNBC,https://www.cnbc.com/2026/03/27/european-bond-yields-inflation-rate-hikes.html,0.6869065165519714,positive
The Payment System Puts A Floor On The Fed’s Balance Sheet,2026-03-27,Brookings Institution,https://www.brookings.edu/articles/the-payment-system-puts-a-floor-on-the-feds-balance-sheet/,0.0,neutral
"US Stock Market: Nasdaq confirms correction, Wall Street slumps on Middle East uncertainty",2026-03-27,The Times of India,https://economictimes.indiatimes.com/markets/us-stocks/news/us-stock-market-nasdaq-confirms-correction-wall-street-slumps-on-middle-east-uncertainty/articleshow/129837005.cms,-0.9541447758674622,negative
Private credit cracks open door for Wall Street banks' comeback: 'The tug of war is just starting',2026-03-27,CNBC,https://www.cnbc.com/2026/03/27/wall-street-banks-private-credit-market-share-leveraged-loans.html,0.0,neutral
What Rising US Bond Yields Mean for Bitcoin,2026-03-27,Decrypt,https://decrypt.co/362551/what-rising-us-bond-yields-mean-for-bitcoin,0.0,neutral
Treasury unveils new details on proposed U.S. dollar changes,2026-03-27,TheStreet,https://www.thestreet.com/crypto/markets/treasury-unveils-new-details-on-proposed-u-s-dollar-changes,0.0,neutral
Rubino: Fiat Currencies Are In A Death Spiral,2026-03-27,Realinvestmentadvice.com,https://realinvestmentadvice.com/resources/blog/rubino-fiat-currencies-are-in-a-death-spiral/,-0.8418983817100525,negative
Chris Hayes delivers brutal takedown as Trump discovers 'one lie he can't get away with',2026-03-27,Raw Story,https://www.rawstory.com/trump-economy-2676627261/,0.0,neutral
Wall Street sees worst fall since Iran war; Nasdaq enters correction zone,2026-03-27,BusinessLine,https://www.thehindubusinessline.com/markets/wall-street-sees-worst-fall-since-iran-war-nasdaq-enters-correction-zone/article70790929.ece,-0.9610827565193176,negative
Kevin Warsh confirmation as new Fed chair ‘at an impasse’ as Iran war troubles mount: sources,2026-03-27,New York Post,https://nypost.com/2026/03/27/business/kevin-warsh-confirmation-as-new-fed-chair-at-an-impasse-as-iran-war-troubles-mount-sources/,0.0,neutral
"Global Markets | Asian stocks pare losses as oil prices dip, Wall Street futures rise",2026-03-27,The Times of India,https://economictimes.indiatimes.com/markets/us-stocks/news/global-markets-asian-stocks-pare-losses-as-oil-prices-dip-wall-street-futures-rise/articleshow/129840080.cms,-0.9281328916549684,negative
Gold set for fourth weekly fall as Mideast war boosts rate-hike bets,2026-03-27,The Times of India,https://economictimes.indiatimes.com/markets/commodities/news/gold-set-for-fourth-weekly-fall-as-mideast-war-boosts-rate-hike-bets/articleshow/129837037.cms,-0.9303038120269777,negative
Banking Systems and Crises From Deposit Insurance To Stablecoins with Charles Calomiris,2026-03-27,Hoover.org,https://www.hoover.org/research/banking-systems-and-crises-deposit-insurance-stablecoins-charles-calomiris,0.0,neutral
"Bitcoin Dips Under $67K as Geopolitical Uncertainty, Treasury Yields Spook Traders",2026-03-27,Decrypt,https://decrypt.co/362567/bitcoin-dips-under-67k-as-geopolitical-uncertainty-treasury-yields-spook-traders,-0.9362133145332336,negative
Breitbart Business Digest: Healthy Americans Drag Down Productivity While the Fed Plots Rate Hikes Over $4 Gas,2026-03-27,Breitbart News,https://www.breitbart.com/economy/2026/03/27/breitbart-business-digest-healthy-americans-drag-down-productivity-while-the-fed-plots-rate-hikes-over-4-gas/,-0.9669365882873536,negative
Dow confirms correction as traders worry about war,2026-03-27,CNA,https://www.channelnewsasia.com/business/dow-confirms-correction-traders-worry-about-war-6022351,-0.7614755630493164,negative
Bessent Blasts Financial Times Over 'Fabricated' Story on Federal Reserve Oversight,2026-03-27,Breitbart News,https://www.breitbart.com/economy/2026/03/27/bessent-blasts-financial-times-over-fabricated-story-on-federal-reserve-oversight/,-0.9121341109275818,negative
"Markets plunge, U.S. oil hits $100 as Trump's attempt to reassure Wall Street fails",2026-03-27,NBC News,https://www.nbcnews.com/business/markets/markets-plunge-oil-iran-war-trump-rcna265454,0.0,neutral
"Dow closes in correction, S&P logs longest weekly losing streak in four years and oil settles at Iran-war highs",2026-03-27,CNN,https://www.cnn.com/2026/03/27/investing/us-stocks-iran,-0.8453184366226196,negative
Cramer’s game plan: Oil shock is driving this sell-off and tech won’t bottom until it ends,2026-03-27,CNBC,https://www.cnbc.com/2026/03/27/cramers-gameplan-oil-driving-sell-off-tech-wont-bottom-until-it-ends.html,0.0,neutral
Stocks Are in Retreat After a Month of War. Here Are the Losers—And Winners,2026-03-27,Investopedia,https://www.investopedia.com/stocks-are-in-retreat-after-a-month-of-war-here-are-the-losers-and-winners-11936008,0.0,neutral
Apple Stock Holds Steady Near $252 as Geopolitical Tensions and Oil Surge Test Tech Resilience,2026-03-27,Ibtimes.com.au,https://www.ibtimes.com.au/apple-stock-holds-steady-near-252-geopolitical-tensions-oil-surge-test-tech-resilience-1864698,0.6548091173171997,positive
"Bitcoin drops toward $65k after new Trump Iran delay sends oil higher, triggering $200M wipeout",2026-03-27,CryptoSlate,https://cryptoslate.com/bitcoin-drops-toward-65k-after-trumps-iran-delay-sends-oil-higher-triggering-200m-wipeout/,-0.9360018968582152,negative
Mortgage rate today: Are current refinance rates March 2026 worth locking in now as average 30-year fixed refi rate sits at 6.60%?,2026-03-27,The Times of India,https://economictimes.indiatimes.com/news/international/us/mortgage-rate-today-are-current-refinance-rates-march-2026-worth-locking-in-now-as-average-30-year-fixed-refi-rate-sits-at-6-60/articleshow/129846537.cms,0.0,neutral
National debt quietly eclipses $39 trillion,2026-03-27,Freerepublic.com,https://freerepublic.com/focus/f-news/4372498/posts,0.0,neutral
Dow Jones Falls 337 Points as Geopolitical Tensions and Surging Oil Prices Fuel Market Volatility,2026-03-27,Ibtimes.com.au,https://www.ibtimes.com.au/dow-jones-falls-337-points-geopolitical-tensions-surging-oil-prices-fuel-market-volatility-1864696,-0.933909833431244,negative
Analysis: What might trip up Kevin Warsh and his agenda as Fed chair,2026-03-27,CNBC,https://www.cnbc.com/2026/03/27/analysis-what-might-trip-up-kevin-warsh-and-his-agenda-as-fed-chair.html,-0.5236433148384094,negative
"What are today's mortgage interest rates: March 27, 2026?",2026-03-27,CBS News,https://www.cbsnews.com/news/todays-mortgage-interest-rates-march-27-2026/,0.0,neutral
Crypto stocks battered as Nasdaq enters correction in $17 trillion market rout,2026-03-27,CoinDesk,https://www.coindesk.com/markets/2026/03/27/crypto-stocks-battered-as-nasdaq-enters-correction-in-usd17-trillion-market-rout,-0.952058970928192,negative
"Consumer Sentiment Hit By Iran War Inflation Fears, Republican Hopes Dimming",2026-03-27,Breitbart News,https://www.breitbart.com/economy/2026/03/27/consumer-sentiment-hit-by-iran-war-inflation-fears-republican-hopes-dimming/,-0.8763207197189331,negative
Roubini Sees US More Likely to Escalate in Iran Than Back Down,2026-03-27,Financial Post,https://financialpost.com/pmn/business-pmn/roubini-sees-us-more-likely-to-escalate-in-iran-than-back-down,0.0,neutral
Treasury Yields Reach Year’s Highs as Iran Stalemate Lifts Oil,2026-03-27,Financial Post,https://financialpost.com/pmn/business-pmn/treasury-yields-reach-years-highs-as-iran-stalemate-lifts-oil,-0.5364633202552795,negative
Bitcoin dips under $66K as oil sparks 'unsustainable' US inflation risk,2026-03-27,Cointelegraph,https://cointelegraph.com/markets/bitcoin-dips-under-66k-oil-sparks-unsustainable-inflation-risk,-0.9002906680107117,negative
US stocks today: US stocks tumble to lowest close in over six months as Iran war drags,2026-03-27,The Times of India,https://economictimes.indiatimes.com/markets/us-stocks/news/us-stocks-today-us-stocks-tumble-to-lowest-close-in-over-six-months-as-iran-war-drags/articleshow/129854169.cms,-0.9672676920890808,negative
Markets in Q1: Everything everywhere all at once,2026-03-27,CNA,https://www.channelnewsasia.com/business/markets-in-q1-everything-everywhere-all-once-6021611,0.0,neutral
"US stocks: US Fed's Anna Paulson says Iran war increases risks to growth, inflation",2026-03-27,The Times of India,https://economictimes.indiatimes.com/markets/us-stocks/news/us-stocks-us-feds-anna-paulson-says-iran-war-increases-risks-to-growth-inflation/articleshow/129850851.cms,-0.7919929623603821,negative
"U.S. Stocks Fall, Oil Prices Rise As Wall Street Stumbles Toward Fifth Straight Losing Week",2026-03-27,HuffPost,https://www.huffpost.com/entry/us-stocks-fall-oil-prices-rise-wall-street-stumbles-toward-fifth-straight-losing-week_n_69c6889ae4b09f8e005111f2,-0.9242505431175232,negative
"Stock Market Today: Dow Drops 469 Points, S&P 500 and Nasdaq Slide Sharply as Iran Conflict Doubts",2026-03-27,Ibtimes.com.au,https://www.ibtimes.com.au/stock-market-today-dow-drops-469-points-sp-500-nasdaq-slide-sharply-iran-conflict-doubts-1864719,-0.96860271692276,negative
Bitcoin price is heading for weekend collapse to $61k – will a social media post from Trump save it?,2026-03-27,CryptoSlate,https://cryptoslate.com/bitcoin-price-heading-for-weekend-collapse-to-61k-will-a-social-media-post-from-trump-save-it/,-0.6495807766914368,negative
Global Market: 5 word market themes for the week ahead,2026-03-28,The Times of India,https://economictimes.indiatimes.com/markets/us-stocks/news/global-market-5-word-market-themes-for-the-week-ahead/articleshow/129858411.cms,0.0,neutral
U.S. debt suddenly draws weaker demand as $10 trillion must be rolled over this year amid Iran war. ‘The bond market remains undefeated’,2026-03-28,Fortune,https://fortune.com/2026/03/28/us-debt-auctions-weak-demand-treasury-yields-10-trillion-refinance-iran-war-bond-market/,-0.94832181930542,negative
Borrowing costs are surging amid Iran war (Neil Irwin/Axios),2026-03-28,Memeorandum.com,https://www.memeorandum.com/260327/p128,-0.583640992641449,negative
Why bitcoin's 'compressed' valuation offers reduced downside risk versus stocks,2026-03-28,CoinDesk,https://www.coindesk.com/markets/2026/03/28/why-bitcoin-s-compressed-valuation-offers-reduced-downside-risk-versus-stocks,0.6936335563659668,positive
Wall Street Week Ahead: US jobs data to give economic view for war-gripped markets,2026-03-28,The Times of India,https://economictimes.indiatimes.com/markets/us-stocks/news/wall-street-week-ahead-us-jobs-data-to-give-economic-view-for-war-gripped-markets/articleshow/129858390.cms,0.0,neutral
US Stocks Sink; Nasdaq 100 and Dow Industrials Enter Correction,2026-03-28,Financial Post,https://financialpost.com/pmn/business-pmn/us-stocks-sink-nasdaq-100-and-dow-industrials-enter-correction,-0.7966228127479553,negative
Charting the Global Economy: Extensive Growth Toll From Iran War,2026-03-28,Financial Post,https://financialpost.com/pmn/business-pmn/charting-the-global-economy-extensive-growth-toll-from-iran-war,0.0,neutral
Crypto needs a reset before the next bull run,2026-03-28,CoinDesk,https://www.coindesk.com/opinion/2026/03/28/crypto-needs-a-reset-before-the-next-bull-run,0.0,neutral
War-driven oil shock pushes up loan rate expectations in Türkiye,2026-03-28,Hurriyet Daily News,https://www.hurriyetdailynews.com/war-driven-oil-shock-pushes-up-loan-rate-expectations-in-turkiye-220405,-0.8801773190498352,negative
"Will the US stock market see a big crash ahead? How will Dow, S&P 500 and Nasdaq move — Are rising oil prices and 2% market drop signaling bigger market sell-off?",2026-03-28,The Times of India,https://economictimes.indiatimes.com/news/international/us/will-the-us-stock-market-see-a-big-crash-ahead-how-will-dow-jones-sp-500-and-nasdaq-move-are-rising-oil-prices-and-2-market-drop-signaling-bigger-market-sell-off/articleshow/129866691.cms,-0.8011467456817627,negative
"Stocks tumble, Dow confirms correction territory, as Middle East tensions drag",2026-03-28,The Times of India,https://economictimes.indiatimes.com/markets/us-stocks/news/us-stock-market-stocks-tumble-dow-confirms-correction-territory-as-middle-east-tensions-drag/articleshow/129857735.cms,-0.8771949410438538,negative
"Ethereum Price Falls Below Psychological $2,000 Support — What Next?",2026-03-28,newsBTC,http://www.newsbtc.com/news/ethereum/ethereum-price-falls-below-2000/,0.0,neutral
"Three-Headed Economic Monster Looms In Face Of American As Iran Conflict Rages, Midterms Approach",2026-03-28,The Daily Caller,https://dailycaller.com/2026/03/28/iran-war-impacts-american-consumers-economy-energy-prices-interest-rates-stock-market-affordability/,0.0,neutral
Worries about global economic pain deepen as the war in Iran drags on,2026-03-29,Abcnews.com,https://abcnews.com/US/wireStory/worries-global-economic-pain-deepen-war-iran-drags-131516094,,
Worries about global economic pain deepen as the war in Iran drags on,2026-03-29,Japan Today,https://japantoday.com/category/business/worries-about-global-economic-pain-deepen-as-the-war-in-iran-drags-on,,
"Bitcoin Climbs to $66,809 as Crypto Market Shows Renewed Strength",2026-03-29,Ibtimes.com.au,https://www.ibtimes.com.au/bitcoin-climbs-66809-crypto-market-shows-renewed-strength-1864901,,
Emerging Markets Rout Lures Contrarians Betting on Rate Cuts,2026-03-29,Financial Post,https://financialpost.com/pmn/business-pmn/emerging-markets-rout-lures-contrarians-betting-on-rate-cuts,,
"Global economy takes gut punch from war in Iran, with nobody untouched the longer it goes on",2026-03-29,Fortune,https://fortune.com/2026/03/29/global-economy-impact-iran-war-gas-price/,,
Dow futures fall 300 points as Wall Street braces for potential U.S. ground assault on Iran and Houthi attacks that could slash oil supplies further,2026-03-29,Fortune,https://fortune.com/2026/03/29/stock-market-today-dow-futures-oil-prices-us-ground-assault-iran-houthis-red-sea-suez/,,
Investor Unease Builds Entering War’s Fifth Week,2026-03-29,Financial Post,https://financialpost.com/pmn/business-pmn/investor-unease-builds-entering-wars-fifth-week,,
Markets move to price in rate hikes as inflation fears and geopolitics reshape Fed expectations,2026-03-29,CoinDesk,https://www.coindesk.com/markets/2026/03/29/markets-move-to-price-in-rate-hikes-as-inflation-fears-and-geopolitics-reshape-fed-expectations,,
Worries about global economic pain deepen as the war in Iran drags on,2026-03-29,The Times of India,https://economictimes.indiatimes.com/news/international/world-news/worries-about-global-economic-pain-deepen-as-the-war-in-iran-drags-on/articleshow/129875670.cms,,
"Stocks slide in Asia, Brent crude heads for record monthly rise",2026-03-29,CNA,https://www.channelnewsasia.com/business/stocks-slide-in-asia-brent-crude-heads-record-monthly-rise-6024631,,
Concerns Rise Over Excessive AI Investment and Private Credit Risk,2026-03-29,Newsonjapan.com,https://newsonjapan.com/article/148758.php,,
Gold Steadies as Iran War Enters Fifth Week With No End in Sight,2026-03-29,Financial Post,https://financialpost.com/pmn/business-pmn/gold-steadies-as-iran-war-enters-fifth-week-with-no-end-in-sight,,
"Commentary: Amid the Iran war, is it all doom and gloom for Singapore-listed REITs?",2026-03-29,CNA,https://www.channelnewsasia.com/commentary/singapore-listed-reits-stock-market-iran-war-investing-6020701,,
"JPMorgan, Pimco Say Bond Market Is Underestimating Slowdown Risk",2026-03-29,Yahoo Entertainment,https://finance.yahoo.com/economy/policy/articles/jpmorgan-pimco-bond-market-underestimating-190000791.html,,
"JPMorgan, Pimco Say Bond Market Is Underestimating Slowdown Risk",2026-03-29,Financial Post,https://financialpost.com/pmn/business-pmn/jpmorgan-pimco-say-bond-market-is-underestimating-slowdown-risk,,
Trump declared inflation 'defeated' — now the U.S. is projected to have the worst inflation among G7 countries in 2026,2026-03-29,Yahoo Entertainment,https://finance.yahoo.com/economy/policy/articles/trump-declared-inflation-defeated-now-113000406.html,,
Global economic optimism dims as the Iran war drags on,2026-03-29,Associated Press,https://apnews.com/article/iran-us-israel-war-global-economy-oil-1bcb0c616c5ca2e1b6a903c2cd64a4e4,,
Dip-buying drives S’pore stocks higher as retail investors pile in amid Iran conflict,2026-03-29,The Straits Times,https://www.straitstimes.com/business/dip-buying-drives-spore-stocks-higher-as-retail-investors-pile-in-amid-iran-conflict,,
From oil to food to markets: How a month of war on Iran has remade the world economy,2026-03-29,Business Insider,https://www.businessinsider.com/iran-war-world-economy-trump-markets-oil-travel-food-ai-2026-3,,
"Stocks slide in Asia, Brent crude heads for record monthly rise",2026-03-29,CNA,https://www.channelnewsasia.com/asia/asia-stocks-oil-prices-record-monthly-rise-6024631,,
Is anywhere safe as Bitcoin weakens? Why even the 2-year Treasury is starting to crack,2026-03-29,CryptoSlate,https://cryptoslate.com/safe-2-year-treasury-starting-to-crack/,,
"Global Market Today | Stocks dive in Asia, brent crude heads for record monthly rise",2026-03-30,The Times of India,https://economictimes.indiatimes.com/markets/us-stocks/news/global-market-stocks-dive-in-asia-brent-crude-heads-for-record-monthly-rise/articleshow/129889477.cms,,
Why is the US stock market Dow Jones rising today? Dow surges over 350 points while S&P 500 and Nasdaq trade in the green - Is this the start of a full stock market recovery?,2026-03-30,The Times of India,https://economictimes.indiatimes.com/news/international/us/why-is-the-us-stock-market-dow-jones-rising-today-dow-surges-over-350-points-while-sp-500-and-nasdaq-trade-in-the-green-is-this-the-start-of-a-full-stock-market-recovery/articleshow/129904717.cms,,
Powell says Fed can 'wait and see' how war affects inflation,2026-03-30,CNA,https://www.channelnewsasia.com/world/powell-says-fed-can-wait-and-see-how-war-affects-inflation-6026721,,
Powell: Fed Is Closely Monitoring Energy Prices,2026-03-30,Newser,https://www.newser.com/story/386373/powell-fed-is-closely-monitoring-energy-prices.html,,
"Brent crude touches $115 a barrel, while U.S. stocks recover some losses",2026-03-30,CBS News,https://www.cbsnews.com/news/oil-prices-brent-crude-stock-market-today-march-30/,,
"Fed's Powell's comments sooth bond market, but oil continues rise, hitting crypto and stocks",2026-03-30,CoinDesk,https://www.coindesk.com/markets/2026/03/30/fed-s-powell-s-comments-sooth-bond-market-but-oil-continues-rise-hitting-crypto-and-stocks,,
No Brakes,2026-03-30,Dailyreckoning.com,https://dailyreckoning.com/no-brakes/,,
Bill Ackman says it’s one of the best times in a long time to buy quality stocks,2026-03-30,CNBC,https://www.cnbc.com/2026/03/30/bill-ackman-says-its-one-of-the-best-times-in-a-long-time-to-buy-quality-stocks.html,,
"Jerome Powell says $39 trillion national debt is ‘not unsustainable,’ but warns the trajectory ‘will not end well’",2026-03-30,Fortune,https://fortune.com/2026/03/30/jerome-powell-39-trillion-national-debt-not-unsustainable-will-not-end-well/,,
Baby Boomers Are the Richest Generation in History. Why Do Politicians Keep Spending More on Them?,2026-03-30,Reason,https://reason.com/video/2026/03/30/you-are-paying-for-retirees-lavish-lifestyles/,,
Wall Street indexes mostly fall as Iran war widens,2026-03-30,The Straits Times,https://www.straitstimes.com/business/companies-markets/wall-street-indexes-mostly-fall-as-iran-war-widens,,
Waiting for 3% mortgage rates? Here’s the reality check buyers need now,2026-03-30,The Times of India,https://economictimes.indiatimes.com/news/international/us/waiting-for-3-mortgage-rates-heres-the-reality-check-buyers-need-now/articleshow/129904774.cms,,
"WATCH: Fed Chair Powell addresses energy price spikes, challenging job market in Harvard conversation",2026-03-30,PBS,https://www.pbs.org/newshour/economy/watch-fed-chair-powell-addresses-energy-price-spikes-challenging-job-market-in-harvard-conversation,,
"US Stocks today: S&P, Nasdaq end lower as investors weigh Middle East conflict outlook",2026-03-30,The Times of India,https://economictimes.indiatimes.com/markets/us-stocks/us-stocks-today-sp-nasdaq-end-lower-as-investors-weigh-middle-east-conflict-outlook/articleshow/129910977.cms,,
FEDS Note: Is the Inflation Process in Advanced Economies Different After the Pandemic?,2026-03-30,Federalreserve.gov,https://www.federalreserve.gov/econres/notes/feds-notes/is-the-inflation-process-in-advanced-economies-different-after-the-pandemic-20260330.html,,
"Powell says Fed is monitoring energy price spikes, but that it's limited in what it can do",2026-03-30,seattlepi.com,https://www.seattlepi.com/news/politics/article/powell-says-fed-is-monitoring-energy-price-22159982.php,,
Fed’s Powell says no need to hike interest rates now — officials should look past higher energy prices,2026-03-30,New York Post,https://nypost.com/2026/03/30/business/feds-powell-says-no-need-to-hike-interest-rates-now-officials-should-look-past-higher-energy-prices/,,
"Here's how much interest $75,000 will earn in a money market account this year",2026-03-30,CBS News,https://www.cbsnews.com/news/how-much-interest-75000-earn-money-market-account-this-year/,,
"Powell Says Fed Inclined to Look Past Iran Oil Shock, Sees Inflation Expectations Well Anchored",2026-03-30,Breitbart News,https://www.breitbart.com/economy/2026/03/30/powell-says-fed-inclined-to-look-past-iran-oil-shock-sees-inflation-expectations-well-anchored/,,
Stocks Drop in Another Shaky Day,2026-03-30,Newser,https://www.newser.com/story/386377/stocks-drop-in-another-shaky-day.html,,
"Trump said the Iran war was ‘very complete’ three weeks ago. Oil has surged 50% since, and analysts are warning of stagflation",2026-03-30,Fortune,https://fortune.com/2026/03/30/three-weeks-iran-war-very-complete-oil-prices-surging-brent-crude-wti-jerome-powell-supply-shocks/,,
Powell: Fed Will 'Wait and See' Before Pulling Interest Rate Trigger,2026-03-30,OilPrice.com,https://oilprice.com/Latest-Energy-News/World-News/Powell-Fed-Will-Wait-and-See-Before-Pulling-Interest-Rate-Trigger.html,,
Breitbart Business Digest: Powell Shoots Down the Oil-Inflationista Rate Hikers,2026-03-30,Breitbart News,https://www.breitbart.com/economy/2026/03/30/breitbart-business-digest-powell-shoots-down-the-oil-inflationista-rate-hikers/,,
Jerome Powell lets loose: ‘it’s very hard to build great democratic institutions and much easier to bring them down’,2026-03-30,Fortune,https://fortune.com/2026/03/30/jerome-powell-democratic-institutions-hard-to-build-easy-to-bring-down/,,
Fed's Powell tells students not to despair despite tough job market,2026-03-30,CBS News,https://www.cbsnews.com/news/fed-powell-young-americans-jobs-inflation-outlook-harvard/,,
"Powell sees inflation outlook in check, no wider crisis yet in private credit",2026-03-30,CNBC,https://www.cnbc.com/2026/03/30/powell-sees-inflation-outlook-in-check-no-wider-crisis-yet-in-private-credit.html,,
Insiders profit as pressure points build on global economy,2026-03-30,ABC News (AU),https://www.abc.net.au/news/2026-03-31/iran-war-economic-pressure-builds-on-global-stock-markets/106512344,,
"Powell says Fed monitoring energy price spikes, but options limited",2026-03-30,Boston Herald,https://www.bostonherald.com/2026/03/30/federal-reserve-powell-harvard/,,
US Bonds Rally as Traders Bet on Fed Rate Cut Bets in About-Face,2026-03-30,Financial Post,https://financialpost.com/pmn/business-pmn/us-bonds-rally-as-traders-bet-on-fed-rate-cut-bets-in-about-face,,
"Jerome Powell hints at US Fed holding rates, as it monitors how war affects economy",2026-03-30,The Times of India,https://economictimes.indiatimes.com/markets/us-stocks/news/update-1-powell-says-fed-positioned-to-wait-and-see-how-war-affects-economy/articleshow/129905731.cms,,
"Japan’s FX Chief Warns of Bold Action, Helps Nudge Yen Stronger",2026-03-30,Financial Post,https://financialpost.com/pmn/business-pmn/japans-fx-chief-warns-of-bold-action-helps-nudge-yen-stronger,,
S&P set for another loss following worst week since Iran War began as oil keeps climbing,2026-03-30,Fortune,https://fortune.com/2026/03/30/markets-react-iran-war-oil-price-keeps-going-higher/,,
"S&P 500 extends losing streak, Nasdaq slides, Dow Jones posts modest gains as oil prices rattle Wall Street – here's how US stock market performed today",2026-03-30,The Times of India,https://economictimes.indiatimes.com/news/international/us/sp-500-extends-losing-streak-nasdaq-slides-dow-jones-posts-modest-gains-as-oil-prices-rattle-wall-street-heres-how-us-stock-market-performed-today/articleshow/129911133.cms,,
America runs on funny money now,2026-03-30,Business Insider,https://www.businessinsider.com/consumer-overspending-credit-cards-rewards-buy-now-pay-later-2026-3,,
Rupee hits 94: Abhishek Goenka on the $30 billion unwind that could keep the currency under pressure for days,2026-03-30,The Times of India,https://economictimes.indiatimes.com/markets/expert-view/rupee-hits-94-abhishek-goenka-on-the-30-billion-unwind-that-could-keep-the-currency-under-pressure-for-days/articleshow/129899106.cms,,
The Fed’s independence has become a constitutional absurdity,2026-03-30,TheBlaze,https://www.theblaze.com/columns/opinion/the-feds-independence-has-become-a-constitutional-absurdity,,
"Bond yields are falling even as oil tops $102, showing that Wall Street fears recession more than inflation",2026-03-30,Fortune,https://fortune.com/2026/03/30/oil-crisis-iran-war-high-inflation-recession-downturn-fed-rate-cuts/,,
Asia stocks dive as oil prices head for biggest monthly rise ever,2026-03-30,The Straits Times,https://www.straitstimes.com/business/companies-markets/asia-stocks-dive-as-oil-prices-head-for-biggest-monthly-rise-ever,,
"What are today's mortgage interest rates: March 30, 2026?",2026-03-30,CBS News,https://www.cbsnews.com/news/todays-mortgage-interest-rates-march-30-2026/,,
"Bitcoin faces impending $45,000 sell-off catalyst as Powell, jobs report threaten fresh macro pressure",2026-03-30,CryptoSlate,https://cryptoslate.com/bitcoin-faces-a-45000-sell-off-catalyst-as-powell-jobs-report-threaten-fresh-macro-pressure/,,
"Where is Bitcoin price headed this week? BTC falls to $65,000 but starts the week in recovery mode",2026-03-30,CryptoSlate,https://cryptoslate.com/where-is-bitcoin-price-headed-this-week-btc-falls-to-65000-but-starts-the-week-in-recovery-mode/,,
"US recession 2026: 40% recession risk, oil nearing $100, rates at multi-year highs — is the crash now a question of timing, not if?",2026-03-30,The Times of India,https://economictimes.indiatimes.com/news/international/us/us-recession-2026-40-recession-risk-oil-nearing-100-rates-at-multi-year-highs-is-the-crash-now-a-question-of-timing-not-if/articleshow/129903228.cms,,
Credit Market Sours for Energy-Dependent Europe as War Grinds On,2026-03-30,Financial Post,https://financialpost.com/pmn/business-pmn/credit-market-sours-for-energy-dependent-europe-as-war-grinds-on,,
Bitcoin ETFs See Nearly $300 Million in Outflows for the Week,2026-03-30,Bitcoinfoundation.org,https://bitcoinfoundation.org/news/bitcoin/btc-etfs-outflow/,,
Global bonds set for steep monthly losses as Iran war stokes stagflation fears,2026-03-30,The Times of India,https://economictimes.indiatimes.com/markets/bonds/global-bonds-set-for-steep-monthly-losses-as-iran-war-stokes-stagflation-fears/articleshow/129893098.cms,,
Watch Fed Chair Jerome Powell speak live to an economics class at Harvard,2026-03-30,CNBC,https://www.cnbc.com/2026/03/30/watch-fed-chair-jerome-powell-speak-live-to-an-economics-class-at-harvard.html,,
"Why the Iran war could make everything, not just oil, more expensive",2026-03-30,Salon,https://www.salon.com/2026/03/30/why-the-iran-war-could-make-everything-more-expensive/,,
Worst six months since 2018? Five things to know in Bitcoin this week,2026-03-30,Cointelegraph,https://cointelegraph.com/markets/worst-six-months-since-2018-five-things-bitcoin-this-week,,
It was supposed to be another boom year for the economy. March changed everything.,2026-03-30,Business Insider,https://www.businessinsider.com/gas-travel-price-impacts-of-iran-war-tsa-government-shutdown-2026-3,,
Fed's Warsh hearing could come as soon as April 13 week: Punchbowl,2026-03-30,Cointelegraph,https://cointelegraph.com/news/fed-nominee-kevin-warsh-nomination-hearing-as-soon-as-april-13-punchbowl,,
Morgan Stanley’s Wilson Says S&P 500 Correction Nears End Stage,2026-03-30,Financial Post,https://financialpost.com/pmn/business-pmn/morgan-stanleys-wilson-says-sp-500-correction-nears-end-stage,,
"Fed Governor Miran still backs cuts, says interest rates could be 'about a point' lower this year",2026-03-30,CNBC,https://www.cnbc.com/2026/03/30/fed-governor-miran-still-backs-cuts-says-interest-rates-could-be-about-a-point-lower-this-year.html,,
Markets often first punish then reward the investments that ultimately matter during supply shocks,2026-03-30,Financial Post,https://financialpost.com/investing/markets-first-punish-then-reward-investments-that-matter,,
"Gold falls more than 1% as Houthi attack lifts oil, dims Fed cut hopes",2026-03-30,The Times of India,https://economictimes.indiatimes.com/markets/commodities/news/gold-falls-more-than-1-as-houthi-attack-lifts-oil-dims-fed-cut-hopes/articleshow/129889738.cms,,
New NBA owner played key role at company accused of predatory lending,2026-03-30,Salon,https://www.salon.com/2026/03/30/new-nba-owner-played-key-role-at-company-accused-of-predatory-lending-partner/,,
Ethereum Funds Shed $222 Million as Crypto Bill Fears Rattle Investors,2026-03-30,Decrypt,https://decrypt.co/362698/ethereum-funds-shed-222-million-crypto-bill-fears-rattle-investors,,
"Markets await clarity, valuations offer key support: Punita Kumar Sinha",2026-03-30,The Times of India,https://economictimes.indiatimes.com/markets/expert-view/markets-await-clarity-valuations-offer-key-support-punita-kumar-sinha/articleshow/129895018.cms,,
U.S. Stocks Rise And Recover Some Of Their Losses Even As Oil Prices Keep Climbing,2026-03-30,HuffPost,https://www.huffpost.com/entry/ap-financial-markets-oil-prices-stocks_n_69ca7fdae4b09eec10e032f1,,
"Why is gold price down over 14% this month, and will gold, silver and other precious metals prices remain volatile in near future? Gold and silver price movement, analysts insights and market outlook explained. Here's what should investors do now",2026-03-30,The Times of India,https://economictimes.indiatimes.com/news/international/us/why-is-gold-price-down-over-14-this-month-and-will-gold-silver-and-other-precious-metals-prices-remain-volatile-in-near-future-gold-and-silver-price-movement-analysts-insights-and-market-outlook-explained-heres-what-should-investors-do-now/articleshow/129894290.cms,,
"Why are US stock market futures up, and will Dow Jones, S&P 500 and Nasdaq stay green or turn red again? Wall Street futures rise, stocks to watch out for, analysts insights, market outlook and what should investors do now",2026-03-30,The Times of India,https://economictimes.indiatimes.com/news/international/us/why-are-us-stock-market-futures-up-and-will-dow-jones-sp-500-and-nasdaq-stay-green-or-turn-red-again-wall-street-futures-rise-stocks-to-watch-out-for-analysts-insights-market-outlook-and-what-should-investors-do-now/articleshow/129899262.cms,,
World gold prices steady,2026-03-30,BusinessLine,https://www.thehindubusinessline.com/markets/gold/gold-price-update-march-2026-volatility-inflation/article70801924.ece,,
"Gold falls as Houthi attack lifts oil, Fed rate-cut hopes dim",2026-03-30,BusinessLine,https://www.thehindubusinessline.com/markets/gold/gold-falls-as-houthi-attack-lifts-oil-fed-rate-cut-hopes-dim/article70801660.ece,,
"Share Market Highlights: Sensex, Nifty tumble over 2% as FY26 closes on a weak note",2026-03-30,BusinessLine,https://www.thehindubusinessline.com/markets/stock-market-highlights-30-march-2026/article70799147.ece,,
72% of the dollar's purchasing power was destroyed in just four episodes,2026-03-30,Eco3min.fr,https://eco3min.fr/en/us-inflation-is-not-linear/,,
"Stocks sag in Asia, Brent crude heading for record month",2026-03-30,RTE,https://www.rte.ie/news/business/2026/0330/1565841-stocks-sag-in-asia-brent-crude-heading-for-record-month/,,
Pierre Rochard warns US regulators over Bitcoin gap in Basel rewrite,2026-03-30,Cointelegraph,https://cointelegraph.com/news/bitcoin-basel-iii-capital-proposal-rochard-warning,,
Gold set for worst month in more than 17 years as US rate-cut hopes fade,2026-03-31,The Times of India,https://economictimes.indiatimes.com/markets/commodities/news/gold-set-for-worst-month-in-more-than-17-years-as-us-rate-cut-hopes-fade/articleshow/129914399.cms,,
"From 100,000 hype to 2-year low: Sensex delivered zero returns in last two years",2026-03-31,The Times of India,https://economictimes.indiatimes.com/markets/stocks/news/from-100000-hype-to-2-year-low-sensex-delivered-zero-returns-in-last-two-years/articleshow/129920159.cms,,
Bitcoin Holds $66K as Trump Prioritizes Iran War Exit Over Reopening Hormuz,2026-03-31,Decrypt,https://decrypt.co/362844/bitcoin-holds-66k-as-trump-prioritizes-iran-war-exit-over-reopening-hormuz,,
"War sets dollar for monthly rise, yen recovers on intervention threat",2026-03-31,The Times of India,https://economictimes.indiatimes.com/markets/forex/war-sets-dollar-for-monthly-rise-yen-recovers-on-intervention-threat/articleshow/129914322.cms,,
‘I’d Rather Be a Bond’: Goldman Sachs Executive Says Treasuries Are a Better Trade Than Equities in Current Market Environment,2026-03-31,The Daily Hodl,https://dailyhodl.com/2026/03/31/id-rather-be-a-bond-goldman-sachs-executive-says-treasuries-are-a-better-trade-than-equities-in-current-market-environment/,,
Gold set for worst month in more than 17 years as US rate-cut hopes fade,2026-03-31,BusinessLine,https://www.thehindubusinessline.com/markets/commodities/gold-set-for-worst-month-in-more-than-17-years-as-us-rate-cut-hopes-fade/article70805745.ece,,
Notes for Next Time,2026-03-31,The American Prospect,http://prospect.org/2026/03/31/notes-for-next-time-economic-opportunity-democrats-maga/,,
Treasury yields fall as traders rethink Fed rate hikes after Powell comments,2026-03-31,CNBC,https://www.cnbc.com/2026/03/31/us10y-treasury-yields-iran-war-jolts-jobs-data-economy-fed-rate-cut.html,,
This Is a Historic Opportunity for Democrats to Get Immigration Right,2026-03-31,The New Republic,https://newrepublic.com/article/208088/democrats-immigration-message-position-historic-opportunity,,
Global Market Today | Brent crude set for record monthly gain; Asia shares falter as Iran war rages,2026-03-31,The Times of India,https://economictimes.indiatimes.com/markets/us-stocks/news/global-market-today-brent-crude-set-for-record-monthly-gain-asia-shares-falter-as-iran-war-rages/articleshow/129914293.cms,,
"Gold, silver prices rise 1% but analysts cautious after 15% March drop; here's why",2026-03-31,The Times of India,https://economictimes.indiatimes.com/markets/commodities/news/gold-silver-prices-rise-1-but-analysts-cautious-after-15-march-drop-heres-why/articleshow/129916547.cms,,
"After the Iran war, how fast could global trade recover?",2026-03-31,DW (English),https://www.dw.com/en/after-the-iran-war-how-fast-could-global-trade-recover/a-76526954,,
Private Equity’s Great Escape,2026-03-31,The American Prospect,http://prospect.org/2026/03/31/apr-2026-magazine-private-equitys-great-escape-continuation-funds-rollup-retirement-abu-dhabi-investment-council-energy-mineral-group/,,
"Gold holds steady near $4,500 as Middle East conflict fuels market uncertainty",2026-03-31,Naturalnews.com,https://www.naturalnews.com/2026-03-31-gold-holds-steady-middle-east-conflict-market-uncertainty.html,,
Dollar Wraps Up Best Month Since 2024 Amid War in Middle East,2026-03-31,Financial Post,https://financialpost.com/pmn/business-pmn/dollar-wraps-up-best-month-since-2024-amid-war-in-middle-east,,
"Bitcoin holds near $67,000 despite geopolitical tensions; demand from long-term holders rises",2026-03-31,The Times of India,https://economictimes.indiatimes.com/markets/cryptocurrency/bitcoin-holds-near-67000-despite-geopolitical-tensions-demand-from-long-term-holders-rises/articleshow/129917633.cms,,
Barbarians at the Redemption Gate,2026-03-31,Activistpost.com,https://www.activistpost.com/barbarians-at-the-redemption-gate/,,
Oil steadies and Asian stocks are mostly lower on mixed signs on Iran,2026-03-31,Associated Press,https://apnews.com/article/stock-markets-war-oil-trump-iran-84a7c46b51b3583f743c8da6a40d36ac,,
CNBC Daily Open: Hegseth on the defensive,2026-03-31,CNBC,https://www.cnbc.com/2026/03/31/cnbc-daily-open-hegseth-on-the-defensive.html,,
"Gold Rises on Fed Comments, Report of Trump Weighing War Exit",2026-03-31,Financial Post,https://financialpost.com/pmn/business-pmn/gold-rises-on-fed-comments-report-of-trump-weighing-war-exit,,
Guest Contribution: “Oil Shocks Raise Recession Odds and Inflation Risks”,2026-03-31,Econbrowser.com,https://econbrowser.com/archives/2026/03/guest-contribution-oil-shocks-raise-recession-odds-and-inflation-risks,,
CNBC Daily Open: Trump is doubling down on rhetoric to end the Iran war,2026-03-31,CNBC,https://www.cnbc.com/2026/03/31/cnbc-daily-open-trump-is-doubling-down-on-rhetoric-to-end-the-iran-war-.html,,
US Stock Market | Fed stays put as Powell flags uncertainty from energy shock,2026-03-31,The Times of India,https://economictimes.indiatimes.com/markets/us-stocks/news/us-stock-market-fed-stays-put-as-powell-flags-uncertainty-from-energy-shock/articleshow/129915191.cms,,
Trump's Iran War Just Triggered A Second Shockwave — This One Is In The Bond Market,2026-03-31,Yahoo Entertainment,https://finance.yahoo.com/markets/options/articles/trumps-iran-war-just-triggered-094511338.html,,
US Gasoline Price Rises Above $4 as War Sends Fuel Costs Surging,2026-03-31,Financial Post,https://financialpost.com/pmn/business-pmn/us-gasoline-price-rises-above-4-as-war-sends-fuel-costs-surging,,
OCBC to cut interest rates for savings account from May 1,2026-03-31,CNA,https://www.channelnewsasia.com/singapore/ocbc-cut-interest-rates-savings-account-may-1-6028266,,
"GIFT Nifty jumps 240 points on Trump's reported plans to end Iran war. Sensex, Nifty to see some relief tomorrow?",2026-03-31,The Times of India,https://economictimes.indiatimes.com/markets/stocks/news/gift-nifty-jumps-240-points-on-trumps-reported-plans-to-end-iran-war-sensex-nifty-to-see-some-relief-tomorrow/articleshow/129914731.cms,,
Wall Street rally ahead? Dow futures jump nearly 500 points on Trump’s reported plans to exit Iran war,2026-03-31,The Times of India,https://economictimes.indiatimes.com/markets/us-stocks/news/wall-street-rally-ahead-dow-futures-jump-nearly-500-points-on-trumps-reported-plans-to-exit-iran-war/articleshow/129917897.cms,,
"Why is gold price heading for biggest monthly drop in over 17 years, and will gold, silver and other precious metals continue to witness wild price movements? Analysts insights, market outlook and what should investors do now",2026-03-31,The Times of India,https://economictimes.indiatimes.com/news/international/us/why-is-gold-price-heading-for-biggest-monthly-drop-in-over-17-years-and-will-gold-silver-and-other-precious-metals-continue-to-witness-wild-price-movements-analysts-insights-market-outlook-and-what-should-investors-do-now/articleshow/129920918.cms,,
Wall Street rally ahead? Dow futures jump nearly 500 points on Trump’s reported plans to exit Iran war,2026-03-31,The Times of India,https://economictimes.indiatimes.com/markets/stocks/news/wall-street-rally-ahead-dow-futures-jump-nearly-500-points-on-trumps-reported-plans-to-exit-iran-war/articleshow/129917897.cms,,
"$75,000 CD vs. $75,000 money market account: Which will earn more interest in 2026?",2026-03-31,CBS News,https://www.cbsnews.com/news/75000-cd-vs-money-market-account-earn-more-interest-2026/,,
Trump Fed pick Kevin Warsh could shake up the central bank with his ‘family fight’ model,2026-03-31,The Conversation Africa,https://theconversation.com/trump-fed-pick-kevin-warsh-could-shake-up-the-central-bank-with-his-family-fight-model-275999,,
Why $4 a gallon gas prices won’t trigger Fed interest rate hikes — and could lead to cuts,2026-03-31,CNBC,https://www.cnbc.com/2026/03/31/why-4-a-gallon-gas-prices-wont-trigger-fed-interest-rate-hikes-and-could-lead-to-cuts.html,,
US consumer confidence inches up despite soaring gas prices brought on by war in Iran,2026-03-31,Abcnews.com,https://abcnews.com/Business/wireStory/us-consumer-confidence-inches-despite-soaring-gas-prices-131577904,,
"Wall Street's rough month, Powell's inflation outlook, GLP-1 subscription and more in Morning Squawk",2026-03-31,CNBC,https://www.cnbc.com/2026/03/31/5-things-to-know-before-the-market-open.html,,
"The war in Iran has shaken up financial markets. See the impact of the conflict, in five charts",2026-03-31,Boston Herald,https://www.bostonherald.com/2026/03/31/financial-markets-war-impact/,,
Trump starting to seem like 'he wants to go home early' as troubles mount: analyst,2026-03-31,Raw Story,https://www.rawstory.com/trump-2676640532/,,
"Gold price prediction: Why Goldman Sachs says gold price will touch $5,400 by end of 2026 amid Iran war, inflation fears",2026-03-31,The Times of India,https://economictimes.indiatimes.com/news/international/us/gold-price-prediction-why-goldman-sachs-says-gold-price-will-touch-5400-by-end-of-2026-amid-iran-war-inflation-fears/articleshow/129929774.cms,,
"Why is the US stock market up today? Dow Jones soars 900 points, Nasdaq spikes 3% in powerful rebound as S&P 500 turns green - Here's Top Gainers Today in US Stock Market",2026-03-31,The Times of India,https://economictimes.indiatimes.com/news/international/us/why-is-the-us-stock-market-up-today-dow-jones-soars-900-points-nasdaq-spikes-3-in-powerful-rebound-as-sp-500-turns-green-heres-top-gainers-today-in-us-stock-market/articleshow/129933853.cms,,
"Bitcoin hits $68K but BTC futures, macro data show traders remain bearish",2026-03-31,Cointelegraph,https://cointelegraph.com/markets/bitcoin-hits-68k-but-btc-futures-macro-data-show-traders-remain-bearish,,
"Credit card APRs have an 'economically meaningful' impact on consumer spending, Boston Fed finds",2026-03-31,CNBC,https://www.cnbc.com/2026/03/31/boston-fed-credit-card-aprs-have-a-meaningful-impact-on-spending.html,,
Hiring in the US drops to pandemic lows as job market under Trump stagnates,2026-03-31,Al Jazeera English,https://www.aljazeera.com/economy/2026/3/31/hiring-in-the-us-drops-to-pandemic-lows-as-job-market-under-trump-stagnates,,
Jim Cramer: Three ways the stock market will flip if the U.S.-Iran war ends,2026-03-31,CNBC,https://www.cnbc.com/2026/03/31/jim-cramer-three-ways-the-stock-market-will-flip-if-the-us-iran-war-ends.html,,
US stocks rally sharply as Trump signals potential end to Iran conflict,2026-03-31,BusinessLine,https://www.thehindubusinessline.com/markets/us-stocks-rally-sharply-as-trump-signals-potential-end-to-iran-conflict/article70809550.ece,,
"Bowman, Supporting Small Businesses",2026-03-31,Federalreserve.gov,https://www.federalreserve.gov/newsevents/speech/bowman20260331a.htm,,
"Dow soars over 1,100 points as Trump sparks hope on Wall Street that Iran war is nearing end",2026-03-31,New York Post,https://nypost.com/2026/03/31/business/dow-soars-over-1100-points-as-trump-sparks-hope-on-wall-street-that-iran-war-is-nearing-end/,,
"Stocks, bonds and commodities: How global markets have traded the Iran war",2026-03-31,CNBC,https://www.cnbc.com/2026/03/31/iran-war-stocks-sp500-spx-nasdaq-dow-bonds-treasurys-yields-price-markets-gold-rates.html,,
"US Stocks today: Dow Jones soars 1,125 points, Nasdaq, S&P 3% as Iran war de-escalation seen",2026-03-31,The Times of India,https://economictimes.indiatimes.com/markets/us-stocks/news/us-stocks-today-dow-jones-soars-1125-points-nasdaq-sp-3-as-iran-war-de-escalation-seen/articleshow/129936055.cms,,
"10 Things You Must Know About Jamie Dimon: JPMorgan CEO's Bold 2026 Warnings on AI, Economy and His Future",2026-03-31,Ibtimes.com.au,https://www.ibtimes.com.au/10-things-you-must-know-about-jamie-dimon-jpmorgan-ceos-bold-2026-warnings-ai-economy-his-1865090,,
"What are today's mortgage interest rates: March 31, 2026?",2026-03-31,CBS News,https://www.cbsnews.com/news/todays-mortgage-interest-rates-march-31-2026/,,
NVIDIA Stock Surges 3% as AI Demand Eases Geopolitical Fears Amid Strong Blackwell Momentum,2026-03-31,Ibtimes.com.au,https://www.ibtimes.com.au/nvidia-stock-surges-3-ai-demand-eases-geopolitical-fears-amid-strong-blackwell-momentum-1865109,,
Consumer confidence inches up despite soaring gas prices due to Iran war,2026-03-31,Boston Herald,https://www.bostonherald.com/2026/03/31/consumer-confidence-march/,,
Elon Musk says the US could be ‘toast’ if AI doesn’t fix America’s $39T nightmare — how to protect your money,2026-03-31,Yahoo Entertainment,https://finance.yahoo.com/economy/policy/articles/elon-musk-says-us-could-135900869.html,,
Morning Movers: Sysco dips following deal to acquire Jetro Restaurant Depot,2026-03-31,Yahoo Entertainment,https://finance.yahoo.com/markets/stocks/articles/morning-movers-sysco-dips-following-130926998.html,,
US Stock Market | Wall Street indexes mostly fall as Iran war widens,2026-03-31,The Times of India,https://economictimes.indiatimes.com/markets/us-stocks/news/us-stock-market-wall-street-indexes-mostly-fall-as-iran-war-widens/articleshow/129913959.cms,,
Mortgage rate predictions for the next 5 years: Thinking of buying a home? Here’s whether mortgage rates will fall below 5% by 2030 or stay above 6%,2026-03-31,The Times of India,https://economictimes.indiatimes.com/news/international/us/mortgage-rate-predictions-for-the-next-5-years-thinking-of-buying-a-home-heres-whether-mortgage-rates-will-fall-below-5-by-2030-or-stay-above-6/articleshow/129925741.cms,,
"XRP, SOL and ADA price outlook as BTC struggles ahead of key macro events",2026-03-31,Coinjournal.net,https://coinjournal.net/news/xrp-sol-and-ada-price-outlook-as-btc-struggles-ahead-of-key-macro-events/,,
"Stablecoins Explained: USDT, USDC, and DAI Compared",2026-03-31,Bitcoinfoundation.org,https://bitcoinfoundation.org/news/altcoins/stablecoins-explained-usdt-usdc-and-dai-compared/,,
"How much interest can $7,500 earn in a CD right now?",2026-03-31,CBS News,https://www.cbsnews.com/news/how-much-interest-7500-earn-cd/,,
Jordi Visser Says Bitcoin Was Built For This New Fed Crisis,2026-03-31,newsBTC,http://www.newsbtc.com/bitcoin-news/jordi-visser-says-bitcoin-was-built-for-this-new-fed-crisis/,,
‘Harvard Thinking’: Priced out of the American dream,2026-04-01,Harvard School of Engineering and Applied Sciences,https://news.harvard.edu/gazette/story/2026/04/harvard-thinking-priced-out-of-the-american-dream/,,
Dollar falls for second day as Middle East ceasefire expectations rise,2026-04-01,The Times of India,https://economictimes.indiatimes.com/markets/forex/dollar-falls-for-second-day-as-middle-east-ceasefire-expectations-rise/articleshow/129951129.cms,,
Is this April a good time to open a HELOC? 3 benefits of acting now,2026-04-01,CBS News,https://www.cbsnews.com/news/is-april-2026-good-time-open-heloc/,,
U.S. Manufacturing Activity Accelerates To Fastest Pace Since 2022,2026-04-01,Breitbart News,https://www.breitbart.com/economy/2026/04/01/u-s-manufacturing-activity-accelerates-to-fastest-pace-since-2022/,,
Mind the Real Money – Why Gold and Silver are Soaring,2026-04-01,Activistpost.com,https://www.activistpost.com/mind-the-real-money-why-gold-and-silver-are-soaring/,,
Analysis: Trump's Iran speech ignores the risks of a return to the 1970s,2026-04-01,CNBC,https://www.cnbc.com/2026/04/01/trump-iran-war-speech-1970s-energy-crisis.html,,
"Oil Prices and Inflation Primed To Push Back Federal Reserve Rate Cuts, Says Morgan Stanley Economist",2026-04-01,The Daily Hodl,https://dailyhodl.com/2026/04/01/oil-prices-and-inflation-primed-to-push-back-federal-reserve-rate-cuts-says-morgan-stanley-economist/,,
Has the Treasury declared the US 'insolvent'? We set the record straight,2026-04-01,Snopes.com,https://www.snopes.com//fact-check/us-treasury-insolvent/,,
World markets rocket higher on optimism Iran war could end soon,2026-04-01,CNA,https://www.channelnewsasia.com/business/world-markets-rocket-higher-optimism-iran-war-could-end-soon-6029926,,
Deutsche Bank asked AI it’s true that AI will solve the economy’s inflation problems. The robots answered,2026-04-01,Fortune,https://fortune.com/2026/04/01/deutsche-bank-asks-ai-will-solve-inflation/,,
How to Get Your Film a Studio Green Light,2026-04-01,TheWrap,https://www.thewrap.com/creative-content/movies/how-to-get-a-studio-green-light-for-your-film/,,
Fed’s Musalem Says Current Rate Likely Appropriate for Some Time,2026-04-01,Financial Post,https://financialpost.com/pmn/business-pmn/feds-musalem-says-current-rate-likely-appropriate-for-some-time,,
‘Inflationary surge’: Fed economists warn AI hype is overheating the economy whether or not the technology ever delivers,2026-04-01,Fortune,https://fortune.com/2026/04/01/inflationary-surge-ai-hype-fed-reserve-bank/,,
US Stock Market | Wall Street soars as traders bet on potential war off-ramp,2026-04-01,The Times of India,https://economictimes.indiatimes.com/markets/us-stocks/news/wall-street-soars-as-traders-bet-on-potential-war-off-ramp/articleshow/129938876.cms,,
Who is Kevin Warsh? Trump’s Fed pick wants ‘regime change’ at central bank,2026-04-01,Cointelegraph,https://cointelegraph.com/features/who-is-kevin-warsh-trump-fed-pick,,
Powell issues a warning on U.S. debt,2026-04-01,Harvard School of Engineering and Applied Sciences,https://news.harvard.edu/gazette/story/2026/04/powell-issues-a-warning-on-u-s-debt/,,
Bitcoin’s support system broke in Q1 — and the buyers that used to hold it up stepped back,2026-04-01,CryptoSlate,https://cryptoslate.com/bitcoins-support-system-broke-in-q1-and-the-buyers-that-used-to-hold-it-up-stepped-back/,,
Dollar stays stable after Trump says Iran war could finish soon,2026-04-01,The Times of India,https://economictimes.indiatimes.com/markets/forex/dollar-stays-stable-after-trump-says-iran-war-could-finish-soon/articleshow/129939268.cms,,
"US Treasuries Extend Gains Before Retail, Manufacturing Data",2026-04-01,Financial Post,https://financialpost.com/pmn/business-pmn/us-treasuries-extend-gains-before-retail-manufacturing-data,,
"Prices may rise more this year than the Fed predicts, global forecasting group says—what that means for your money",2026-04-01,CNBC,https://www.cnbc.com/2026/04/01/oecd-predicts-higher-inflation-than-fedwhat-that-means-for-your-money.html,,
What’s stagflation and why does the rising risk of it matter?,2026-04-01,The Week Magazine,https://theweek.com/personal-finance/stagflation-rising-risk,,
"Iran war rattles gold, bonds, stock markets. Where to save money, find safe haven amidst global disruption?",2026-04-01,The Times of India,https://economictimes.indiatimes.com/news/international/us/iran-war-rattles-gold-bonds-stock-markets-where-to-save-money-find-safe-haven-amidst-global-disruption/articleshow/129955435.cms,,
"Why are US stock market futures rising now, and will Dow, S&P 500 and Nasdaq stay in green or go red again after US President Donald Trump address to nation? US stocks to watch out for, analysts insights, market outlook",2026-04-01,The Times of India,https://economictimes.indiatimes.com/news/international/us/why-are-us-stock-market-futures-rising-now-and-will-dow-sp-500-and-nasdaq-stay-in-green-or-go-red-again-after-us-president-donald-trump-address-to-nation-wall-street-futures-us-stocks-to-watch-out-for-analysts-insights-market-outlook-and-what-should-investors-do-now/articleshow/129950596.cms,,
"Best CD rates today, April 1, 2026 (Earn up to 4.15% APY)",2026-04-01,Yahoo Entertainment,https://finance.yahoo.com/personal-finance/banking/article/best-cd-rates-today-wednesday-april-1-2026-100000437.html,,
Stablecoins’ Shadow FX Market Is Becoming a Corporate Treasury Issue,2026-04-01,pymnts.com,https://www.pymnts.com/news/b2b-payments/2026/stablecoins-shadow-fx-market-is-becoming-a-corporate-treasury-issue/,,
Markets are starting to price in a Fed rate hike. Goldman details 4 reasons why investors are jumping the gun.,2026-04-01,Business Insider,https://www.businessinsider.com/fed-rate-hike-cut-outlook-stock-market-investing-federal-reserve-2026-4,,
Gold ticks up as dollar slips on West Asia de-escalation hopes,2026-04-01,BusinessLine,https://www.thehindubusinessline.com/markets/gold/gold-ticks-up-as-dollar-slips-on-west-asia-de-escalation-hopes/article70809855.ece,,
"What are today's mortgage interest rates: April 1, 2026?",2026-04-01,CBS News,https://www.cbsnews.com/news/todays-mortgage-interest-rates-april-1-2026/,,
Will CD interest rates rise this April? 3 things experts say to consider now,2026-04-01,CBS News,https://www.cbsnews.com/news/will-cd-rates-rise-april-2026/,,
Asia markets rally on optimism Iran war could end soon,2026-04-01,RTE,https://www.rte.ie/news/business/2026/0401/1566204-asia-markets-rally-on-optimism-iran-war-could-end-soon/,,
Job market faces downturn as hiring plummets amid geopolitical tensions,2026-04-01,Nextbigwhat.com,https://nextbigwhat.com/job-market-faces-downturn-as-hiring-plummets-amid-geopolitical-tensions/,,
Gas Prices at $4 a Gallon Stir Anxiety in Already Slowing Car Market,2026-04-01,Financial Post,https://financialpost.com/pmn/business-pmn/gas-prices-at-4-a-gallon-stir-anxiety-in-already-slowing-car-market,,
"Morning Brief: Stocks roar back, plus our giant, action-packed Q1 roundup",2026-04-01,Yahoo Entertainment,https://finance.yahoo.com/news/morning-brief-stocks-roar-back-plus-our-giant-action-packed-q1-roundup-100033568.html,,
US Bonds Gain as Iran Withdrawal Hopes Fuel Fed Rate-Cut Bets,2026-04-01,Financial Post,https://financialpost.com/pmn/business-pmn/us-bonds-gain-as-iran-withdrawal-hopes-fuel-fed-rate-cut-bets,,
Sharpie denies talking to Trump about making custom pens,2026-04-01,Snopes.com,https://www.snopes.com//news/2026/04/01/trump-sharpie-pens/,,
US Stock Market | Rising war costs and inflation risks cloud outlook for US bond market,2026-04-01,The Times of India,https://economictimes.indiatimes.com/markets/us-stocks/news/us-stock-market-rising-war-costs-and-inflation-risks-cloud-outlook-for-us-bond-market/articleshow/129941198.cms,,
"Gold Silver Rate Today Live Updates (1 April): Gold hits two-week high as weaker dollar, Iran de-escalation hopes lift sentiment",2026-04-01,Economictimes.com,https://m.economictimes.com/markets/stocks/live-blog/gold-rate-silver-price-today-live-updates-mcx-gold-18k-22k-24k-rate-iran-israel-us-war-latest-news/liveblog/129940360.cms,,
Powell warns U.S. debt trajectory “will not end well.” How to move your riches from the ‘unsustainable’ path,2026-04-01,Yahoo Entertainment,https://finance.yahoo.com/economy/policy/articles/powell-warns-u-debt-trajectory-104700026.html,,
"Gold ticks up on weaker dollar, Mideast de-escalation hopes grow",2026-04-01,The Times of India,https://economictimes.indiatimes.com/markets/commodities/news/gold-ticks-up-on-weaker-dollar-mideast-de-escalation-hopes-grow/articleshow/129939283.cms,,
The Federal Reserve Can’t Wait For A New Leader,2026-04-01,Forbes,https://www.forbes.com/sites/steveforbes/2026/04/01/the-federal-reserve-cant-wait-for-a-new-leader/,,
Safe Harbor Financial Reports Preliminary Fourth Quarter and Full Year 2025 Results,2026-04-01,GlobeNewswire,https://www.globenewswire.com/news-release/2026/04/01/3266405/0/en/Safe-Harbor-Financial-Reports-Preliminary-Fourth-Quarter-and-Full-Year-2025-Results.html,,
"3 reasons why now is the time to buy the Iran-war-driven dip in stocks, investment strategist says",2026-04-01,Business Insider,https://www.businessinsider.com/stock-market-why-buy-the-dip-now-iran-war-sp500-2026-3,,
Fed Faces War-Driven Inflation With Credibility Already Frayed,2026-04-01,Financial Post,https://financialpost.com/pmn/business-pmn/fed-faces-war-driven-inflation-with-credibility-already-frayed,,
Gold Extends Three-Day Gain After Trump Signals End to Iran War,2026-04-01,Financial Post,https://financialpost.com/pmn/business-pmn/gold-extends-three-day-gain-after-trump-signals-end-to-iran-war,,
I want to quit at 62 — but I only have $375K in my accounts. How can I stretch my savings and retire now?,2026-04-01,Yahoo Entertainment,https://finance.yahoo.com/markets/articles/want-quit-62-only-375k-110000970.html,,
Dollar gains as Trump sets no clear Iran ceasefire timeline in speech,2026-04-02,CNA,https://www.channelnewsasia.com/business/dollar-gains-trump-sets-no-clear-iran-ceasefire-timeline-in-speech-6032461,,
"Gold Prices Slide 2.73% to $4,654.86 as Stronger Dollar and Rising Yields Pressure Safe-Haven Metal",2026-04-02,Ibtimes.com.au,https://www.ibtimes.com.au/gold-prices-slide-273-465486-stronger-dollar-rising-yields-pressure-safe-haven-metal-1865261,,
BlackRock Bets German Bonds Will Be Hammered by Inflation Surge,2026-04-02,Financial Post,https://financialpost.com/pmn/business-pmn/blackrock-bets-german-bonds-will-be-hammered-by-inflation-surge,,
Treasuries Fall as Trump’s Iran Threats Add to Inflation Concern,2026-04-02,Financial Post,https://financialpost.com/pmn/business-pmn/treasuries-fall-as-trumps-iran-threats-add-to-inflation-concern,,
"A year after Liberation Day, a think tank grades how Trump's tariff promises have held up",2026-04-02,Business Insider,https://www.businessinsider.com/trump-liberation-day-promises-tariff-policy-debt-economy-markets-politics-2026-4,,
The Aging Class,2026-04-02,The New York Review of Books,https://www.nybooks.com/articles/2026/04/23/the-aging-class-golden-years-work-retire-repeat/,,
Currencies tread water as investors brace for Trump's Iran address,2026-04-02,CNA,https://www.channelnewsasia.com/business/currencies-tread-water-investors-brace-trumps-iran-address-6032461,,
"Trump Budget to Frame Midterms With Defense Boost, Domestic Cuts",2026-04-02,Financial Post,https://financialpost.com/pmn/business-pmn/trump-budget-to-frame-midterms-with-defense-boost-domestic-cuts,,
US Stock Market | Wall Street ends higher on speculation about end to Iran war,2026-04-02,The Times of India,https://economictimes.indiatimes.com/markets/us-stocks/news/us-stock-market-wall-street-ends-higher-on-speculation-about-end-to-iran-war/articleshow/129964189.cms,,
"Why is gold price down by 2.7% and silver price by 4.9%, and will precious metals continue to drop or rise again to dream levels? Gold and silver fall, analysts insights, market outlook and what should investors do now",2026-04-02,The Times of India,https://economictimes.indiatimes.com/news/international/us/why-is-gold-price-down-by-2-7-and-silver-price-by-4-9-and-will-precious-metals-continue-to-drop-or-rise-again-to-dream-levels-gold-and-silver-fall-analysts-insights-market-outlook-and-what-should-investors-do-now/articleshow/129976977.cms,,
Have Trump's tariffs worked? This is where things stand a year after 'Liberation Day',2026-04-02,NPR,https://www.npr.org/2026/04/02/nx-s1-5766424/trump-tariffs-inflation-economy,,
"In the inflation fog, central banks trade precision for judgment",2026-04-02,The Times of India,https://economictimes.indiatimes.com/news/international/global-trends/in-the-inflation-fog-central-banks-trade-precision-for-judgment/articleshow/129970005.cms,,
"Silver futures slump 6% to ₹2,29,200/kg as Iran tensions rise, dollar strengthens",2026-04-02,BusinessLine,https://www.thehindubusinessline.com/markets/gold/silver-futures-slump-6-to-229200kg-as-iran-tensions-rise-dollar-strengthens/article70814841.ece,,
"Gold falls 1.3%, snaps 4-day rally after Trump’s Iran warning",2026-04-02,BusinessLine,https://www.thehindubusinessline.com/markets/gold/gold-falls-13-snaps-4-day-rally-after-trumps-iran-warning/article70814105.ece,,
U.S. Crude Oil Inventories Post Unexpected 10-Million-Barrel Surge,2026-04-02,Naturalnews.com,https://www.naturalnews.com/2026-04-02-us-crude-oil-inventories-post-unexpected-surge.html,,
"Why are US stock market futures crashing today and Dow, S&P 500 and Nasdaq in red now? Wall Street futures fall, US stocks to watch out for, analysts insights, market outlook and what should investors do now",2026-04-02,The Times of India,https://economictimes.indiatimes.com/news/international/us/why-are-us-stock-market-futures-crashing-today-and-dow-sp-500-and-nasdaq-in-red-now-wall-street-futures-fall-us-stocks-to-watch-out-for-analysts-insights-market-outlook-and-what-should-investors-do-now/articleshow/129977757.cms,,
The Iran war is bad for inflation — but worse for growth,2026-04-02,The Times of India,https://economictimes.indiatimes.com/news/international/global-trends/the-iran-war-is-bad-for-inflation-but-worse-for-growth/articleshow/129966602.cms,,
Gold Plunges as Trump Gives Mixed Signals on Iran War Resolution,2026-04-02,Financial Post,https://financialpost.com/pmn/business-pmn/gold-plunges-as-trump-gives-mixed-signals-on-iran-war-resolution,,
Prolonged conflict could push crude to extreme levels: Paul Meeks,2026-04-02,The Times of India,https://economictimes.indiatimes.com/markets/us-stocks/news/prolonged-conflict-could-push-crude-to-extreme-levels-paul-meeks/articleshow/129969675.cms,,
Gold climbs to two‑week peak as dollar weakens; markets await Trump speech,2026-04-02,The Times of India,https://economictimes.indiatimes.com/markets/commodities/news/gold-climbs-to-twoweek-peak-as-dollar-weakens-markets-await-trump-speech/articleshow/129965186.cms,,
What April Could Mean For XRP: Past Patterns And Key Price Catalysts To Watch,2026-04-02,newsBTC,http://www.newsbtc.com/xrp-news/what-april-could-mean-for-xrp-past-patterns-and-key-price-catalysts-to-watch/,,
"Young People Are Falling Behind, but Not Because of AI",2026-04-02,The Atlantic,https://www.theatlantic.com/economy/2026/04/job-market-artificial-intelligence/686659/,,
Currencies tread water as investors brace for Trump's Iran address,2026-04-02,The Times of India,https://economictimes.indiatimes.com/markets/forex/currencies-tread-water-as-investors-brace-for-trumps-iran-address/articleshow/129965205.cms,,
"U.S. Stock Market: S&P 500, Dow Jones, Nasdaq to be driven by these factors on Thursday. Details here",2026-04-02,The Times of India,https://economictimes.indiatimes.com/news/international/us/u-s-stock-market-sp-500-dow-jones-nasdaq-to-be-driven-by-these-factors-on-thursday-details-here/articleshow/129964299.cms,,
Dispatches From Trump’s War on Information,2026-04-02,The American Prospect,http://prospect.org/2026/04/02/dispatches-from-trumps-war-on-information-bls/,,
Gold slides 3% as oil surges on dimming hopes of end to Iran war,2026-04-02,The Times of India,https://economictimes.indiatimes.com/markets/commodities/news/gold-slides-3-as-oil-surges-on-dimming-hopes-of-end-to-iran-war/articleshow/129978634.cms,,
Iran War: Thirty-two Days to Unmake the World,2026-04-02,Globalresearch.ca,https://www.globalresearch.ca/iran-war-thirty-two-days-unmake-world/5921013,,
US Burned 14 Years of Missiles in 30 Days,2026-04-02,Trendytechtribe.com,https://trendytechtribe.com/energy/us-burned-14-years-missiles-30-days,,
Stocks Bounce Back From Early Losses,2026-04-02,Newser,https://www.newser.com/story/386631/stocks-bounce-back-from-early-losses.html,,
"Trump wants to add nearly $7 trillion to the $39 trillion national debt with his new military budget, watchdog warns",2026-04-02,Fortune,https://fortune.com/2026/04/02/how-much-would-trump-military-budget-add-to-national-debt-39-trillion/,,
"S&P 500 wipes $830 billion as US stock market today opens after President Trump Iran war speech — Dow Jones, S&P 500, Nasdaq crash on oil surge fears as Nvidia, Apple, Google, Amazon sink deep in red",2026-04-02,The Times of India,https://economictimes.indiatimes.com/news/international/us/sp-500-wipes-830-billion-as-us-stock-market-today-opens-after-president-trump-iran-war-speech-dow-jones-sp-500-nasdaq-crash-on-oil-surge-fears-as-nvidia-apple-google-amazon-sink-deep-in-red/articleshow/129981316.cms,,
Trump's Iran-war address caused another oil spike. Here's what smart people in markets are saying.,2026-04-02,Business Insider,https://www.businessinsider.com/oil-prices-stock-market-today-trump-iran-war-speech-investing-2026-4,,
OceanFirst Financial Corp. Schedules Earnings Conference Call,2026-04-02,GlobeNewswire,https://www.globenewswire.com/news-release/2026/04/02/3267851/8280/en/OceanFirst-Financial-Corp-Schedules-Earnings-Conference-Call.html,,
"How much will a $30,000 personal loan cost monthly now?",2026-04-02,CBS News,https://www.cbsnews.com/news/how-much-30000-personal-loan-cost-monthly/,,
Trump’s First Speech About the War With Iran Explained Absolutely Nothing,2026-04-02,Slate Magazine,https://slate.com/news-and-politics/2026/04/trump-iran-war-news-speech-lies.html,,
FactChecking Trump’s Prime-Time Address on Iran,2026-04-02,FactCheck.org,https://www.factcheck.org/2026/04/factchecking-trumps-prime-time-address-on-iran/,,
Dow Futures Plunge 642 Points as Oil Surges on Escalating Iran Conflict,2026-04-02,Ibtimes.com.au,https://www.ibtimes.com.au/dow-futures-plunge-642-points-oil-surges-escalating-iran-conflict-1865221,,
"Cramer’s week ahead: Two key economic reports and earnings from Levi's, Delta",2026-04-02,CNBC,https://www.cnbc.com/2026/04/02/cramers-week-ahead-key-economic-reports-earnings-from-levis-delta.html,,
Trump downplays major reform bill: Housing is 'all about interest rates',2026-04-02,Washington Examiner,https://www.washingtonexaminer.com/news/white-house/4513665/trump-downplays-major-reform-bill-housing-interest-rates/,,
"The Iran war is effectively a ‘tax’ on US households that could accelerate the economy’s widening K shape, Moody’s says",2026-04-02,Fortune,https://fortune.com/2026/04/02/gasoline-prices-tax-us-k-shaped-economy/,,
"Phil Gramm And Donald Boudreaux, Economic Myth-Busters",2026-04-02,Hoover.org,https://www.hoover.org/research/phil-gramm-and-donald-boudreaux-economic-myth-busters,,
Are The Rising Oil Prices Bullish Or Bearish For The Bitcoin Price?,2026-04-02,newsBTC,http://www.newsbtc.com/bitcoin-news/oil-impact-on-bitcoin-price/,,
KPMG's chief economist says the only clear way out of the Iran war for global economies is a 'deep recession',2026-04-02,Business Insider,https://www.businessinsider.com/recession-stagflation-inflation-unemployment-economy-iran-war-trump-economist-global-2026-4,,
Beating the Financial Consensus With Prediction Markets,2026-04-02,Next Big Future,https://www.nextbigfuture.com/2026/04/beating-the-financial-consensus-with-prediction-markets.html,,
US Trade Deficit Widened in February by Less Than Forecast,2026-04-02,Financial Post,https://financialpost.com/pmn/business-pmn/us-trade-deficit-widened-in-february-by-less-than-forecast,,
US trade deficit widened in February,2026-04-02,RTE,https://www.rte.ie/news/business/2026/0402/1566476-us-trade-deficit/,,
"XRP’s use case should benefit from global stress, so why is price acting like a risk asset?",2026-04-02,CryptoSlate,https://cryptoslate.com/xrp-macro-test-oil-dollar-contradiction/,,
"What are today's mortgage interest rates: April 2, 2026?",2026-04-02,CBS News,https://www.cbsnews.com/news/todays-mortgage-interest-rates-april-2-2026/,,
Blue Owl Capital Stock Falls 4% on High Redemption Requests in Private Credit Funds,2026-04-02,Ibtimes.com.au,https://www.ibtimes.com.au/blue-owl-capital-stock-falls-4-high-redemption-requests-private-credit-funds-1865240,,
Oil reversal and crowded shorts keep crypto traders on edge,2026-04-02,Crypto Briefing,https://cryptobriefing.com/oil-reversal-crowded-shorts-crypto-traders/,,
Judge rejects DOJ bid to unblock subpoenas targeting Fed’s Jerome Powell in biting opinion,2026-04-03,New York Post,https://nypost.com/2026/04/03/business/judge-rejects-doj-bid-to-unblock-subpoenas-targeting-feds-jerome-powell-in-biting-opinion/,,
US judge upholds decision to toss subpoenas into Fed Chair Jerome Powell,2026-04-03,Al Jazeera English,https://www.aljazeera.com/news/2026/4/3/us-judge-upholds-decision-to-toss-subpoenas-into-fed-chair-jerome-powell,,
3 ways the Iran war is hitting Americans' pocketbooks,2026-04-03,CBS News,https://www.cbsnews.com/news/iran-war-financial-impact-travel-gasoline-mortgages/,,
"US March 2026 Jobs Report: Employers Add 178,000 Positions, Unemployment Falls to 4.3% in Rebound",2026-04-03,Ibtimes.com.au,https://www.ibtimes.com.au/us-march-2026-jobs-report-employers-add-178000-positions-unemployment-falls-43-rebound-1865329,,
Pam Bondi struggled to prosecute Trump foes. But will a new attorney general make a difference?,2026-04-03,The Times of India,https://economictimes.indiatimes.com/news/international/global-trends/pam-bondi-struggled-to-prosecute-trump-foes-but-will-a-new-attorney-general-make-a-difference/articleshow/130005688.cms,,
Bondi struggled to prosecute Trump foes. But will a new attorney general make a difference?,2026-04-03,Japan Today,https://japantoday.com/category/features/opinions/bondi-struggled-to-prosecute-trump-foes.-but-will-a-new-attorney-general-make-a-difference,,
Is Bitcoin mispricing a prolonged Iran war? Ex-hedge fund manager weighs in,2026-04-03,Cointelegraph,https://cointelegraph.com/interview/bitcoin-underestimating-prolonged-iran-war-macro-investor-weighs-in,,
Is the gold rally over? 3 things to consider now,2026-04-03,CBS News,https://www.cbsnews.com/news/is-gold-rally-over-april-2026/,,
Chicago Fed's Goolsbee says he sees inflation as risk to 2026 rate cuts,2026-04-03,CBS News,https://www.cbsnews.com/news/interest-rates-federal-reserve-austan-goolsbee-inflation-iran-war/,,
US Job Growth Accelerates by the Most in 15 Months in March,2026-04-03,Daily Signal,https://www.dailysignal.com/2026/04/03/us-job-growth-accelerates-by-the-most-in-15-months-in-march/,,
Golden Era: March Payroll Growth 18x Larger Than Economy Needs,2026-04-03,Breitbart News,https://www.breitbart.com/economy/2026/04/03/march-payroll-growth-18x-larger-than-economy-needs/,,
Judge denies DOJ request to revive Federal Reserve subpoenas,2026-04-03,CBS News,https://www.cbsnews.com/news/federal-reserve-subpoenas-justice-department/,,
"US judge upholds block on subpoenas to Fed’s Jerome Powell, teeing up likely appeal",2026-04-03,The Straits Times,https://www.straitstimes.com/business/economy/us-judge-upholds-block-on-subpoenas-to-feds-jerome-powell-teeing-up-likely-appeal,,
Fed holds rates steady amid inflation concerns and geopolitical tensions: FT,2026-04-03,Crypto Briefing,https://cryptobriefing.com/fed-holds-rates-steady-amid-inflation-concerns-and-geopolitical-tensions-ft/,,
The Economy Is in Even Rougher Shape Than It Looks,2026-04-03,Slate Magazine,https://slate.com/business/2026/04/march-jobs-report-trump-economy.html,,
GBP/USD drops as strong US employment data fuels Fed rate hold speculation,2026-04-03,Crypto Briefing,https://cryptobriefing.com/gbpusd-drops-as-strong-us-employment-data-fuels-fed-rate-hold-speculation/,,
"Will Nasdaq, Dow Jones, and S&P 500 crash or rebound as US-Iran war tensions rattle markets? — Why hasn’t the US stock market rally been confirmed yet?",2026-04-03,The Times of India,https://economictimes.indiatimes.com/news/international/us/will-nasdaq-dow-jones-and-sp-500-crash-or-rebound-as-us-iran-war-tensions-rattle-markets-why-hasnt-the-us-stock-market-rally-been-confirmed-yet/articleshow/130004339.cms,,
경제적 불평등은 곧 시간의 불평등,2026-04-03,Tistory.com,https://ryueyes11.tistory.com/512129,,
Judge's Move Delays Trump Attack On Jerome Powell And Federal Reserve,2026-04-03,HuffPost,https://www.huffpost.com/entry/judges-move-delays-trump-attack-on-jerome-powell_n_69cfff3ee4b0d214cc715bb0,,
"Fed’s Williams Sees Risks to Inflation, Employment Balanced",2026-04-03,Financial Post,https://financialpost.com/pmn/business-pmn/feds-williams-sees-risks-to-inflation-employment-balanced,,
"U.S. March jobs smash expectations, with 178,000 added",2026-04-03,CoinDesk,https://www.coindesk.com/markets/2026/04/03/u-s-march-jobs-smash-expectations-with-178-000-added,,
March jobs report expected to show labor market stabilizing before Iran war,2026-04-03,NBC News,https://www.nbcnews.com/business/economy/march-jobs-report-iran-war-rcna266503,,
Self-Inflicted Operational Issues Pressured UnitedHealth Group (UNH) In 2025,2026-04-03,Yahoo Entertainment,https://finance.yahoo.com/markets/stocks/articles/self-inflicted-operational-issues-pressured-122259088.html,,
Bond Traders Set Up for Jobs Data With Iran War Still Main Focus,2026-04-03,Financial Post,https://financialpost.com/pmn/business-pmn/bond-traders-set-up-for-jobs-data-with-iran-war-still-main-focus,,
"A key pillar of the bull case for stocks could be set to crumble, famed strategist warns",2026-04-03,Business Insider,https://www.businessinsider.com/stock-market-outlook-earnings-growth-sp500-iran-war-oil-prices-2026-4,,
Jobs report set to offer key gauge of economy amid war with Iran,2026-04-03,Abcnews.com,https://abcnews.com/Business/jobs-report-set-offer-key-gauge-economy-amid/story?id=131610908,,
Treasuries Fall as Strong Jobs Data Undermines Fed Cut Outlook,2026-04-03,Financial Post,https://financialpost.com/pmn/business-pmn/treasuries-fall-as-strong-jobs-data-undermines-fed-cut-outlook,,
"What it takes to retire comfortably in America: Nearly $1.5 million, Northwestern Mutual says",2026-04-03,Fortune,https://fortune.com/2026/04/03/how-much-do-i-need-to-make-to-retire-comfortably-1-5-million-northwestern-mutual-study/,,
US Stock Market Closed Today April 3 2026 for Good Friday as Strong March Jobs Data Looms Over Iran War,2026-04-03,Ibtimes.com.au,https://www.ibtimes.com.au/us-stock-market-closed-today-april-3-2026-good-friday-strong-march-jobs-data-looms-over-iran-war-1865321,,
Why rate watchers shouldn’t take the Bank of Canada at its word,2026-04-03,Financial Post,https://financialpost.com/real-estate/mortgages/rate-watchers-shouldnt-take-bank-of-canada-word,,
"Bitcoin Slips Below $67,000 as Geopolitical Tensions Weigh on Crypto Market Early Friday",2026-04-03,Ibtimes.com.au,https://www.ibtimes.com.au/bitcoin-slips-below-67000-geopolitical-tensions-weigh-crypto-market-early-friday-1865300,,
"De-dollarisation, war, and debt: Why gold is regaining monetary relevance",2026-04-03,The Times of India,https://economictimes.indiatimes.com/markets/commodities/views/de-dollarisation-war-and-debt-why-gold-is-regaining-monetary-relevance/articleshow/129994795.cms,,
The Gold Rush 2.0: A wake-up call for financial sovereignty,2026-04-03,Naturalnews.com,https://www.naturalnews.com/2026-04-03-gold-rush-wake-up-call-financial-sovereignty.html,,
"Q4 impact: Bank stocks slump up to 32% in 3 months, but brokerages bet on SBI, HDFC Bank, 6 more stocks. Check why",2026-04-03,The Times of India,https://economictimes.indiatimes.com/markets/stocks/news/q4-impact-bank-stocks-slump-up-to-32-in-3-months-but-brokerages-bet-on-sbi-hdfc-bank-6-more-stocks-check-why/articleshow/129994128.cms,,
Judge Jeanine’s Big Audition,2026-04-03,New York Magazine,http://nymag.com/intelligencer/article/judge-jeanine-pirro-attorney-general-trump-jerome-powell.html,,
"What it takes to retire comfortably in America: Nearly $1.5 million, Northwestern Mutual says",2026-04-03,Yahoo Entertainment,https://finance.yahoo.com/economy/policy/articles/takes-retire-comfortably-america-nearly-070300801.html,,
"What are today's mortgage interest rates: April 3, 2026?",2026-04-03,CBS News,https://www.cbsnews.com/news/todays-mortgage-interest-rates-april-3-2026/,,
US employment growth rebounded in March; unemployment rate falls to 4.3%,2026-04-03,The Times of India,https://economictimes.indiatimes.com/news/international/global-trends/us-employment-growth-rebounded-in-march-unemployment-rate-falls-to-4-3/articleshow/130001870.cms,,
US frees up billions for banks while quietly admitting SVB’s core failure never went away,2026-04-04,CryptoSlate,https://cryptoslate.com/us-bank-rules-unrealized-losses-warning/,,
FO Exclusive: Big Trouble in the US Private Credit Market,2026-04-04,Fair Observer,https://www.fairobserver.com/world-news/middle-east-news/fo-exclusive-big-trouble-in-the-us-private-credit-market/,,
Bondi struggled to prosecute Trump foes. But will a new attorney general make a difference?,2026-04-04,Abcnews.com,https://abcnews.com/Politics/wireStory/bondi-struggled-prosecute-trump-foes-new-attorney-general-131690885,,
Gold slips 17% from peak: Should buyers step in now amid global signals? - Social Observer,2026-04-04,Socialobserver.in,https://socialobserver.in/business/gold-slips-17-from-peak-should-buyers-step-in-now-amid-global-signals/,,
"RH (RH) Is Fighting A Very Bad Housing Market, Says Jim Cramer",2026-04-04,Yahoo Entertainment,https://finance.yahoo.com/markets/stocks/articles/rh-rh-fighting-very-bad-182731354.html,,
Global markets at an inflexion point: Q2 could reward patience over prediction,2026-04-04,The Times of India,https://economictimes.indiatimes.com/markets/us-stocks/news/global-markets-at-an-inflexion-point-q2-could-reward-patience-over-prediction/articleshow/130013139.cms,,
A record-breaking number of Americans can’t pay their credit card bills in full. Here’s how you can break the debt cycle,2026-04-04,Yahoo Entertainment,https://finance.yahoo.com/economy/policy/articles/record-breaking-number-americans-t-101500046.html,,
"Warsh nomination moves ahead, putting Trump's competing Fed plans on a collision course",2026-04-04,CNBC,https://www.cnbc.com/2026/04/04/warsh-fed-nomination-hearing-set-for-mid-april.html,,
What falling wage growth says about where the U.S. economy is heading,2026-04-04,NBC News,https://www.nbcnews.com/business/personal-finance/wage-growth-inflation-iran-war-rcna266738,,
Gold price prediction: What will be gold rates next week as U.S.-Iran war continues to intensify?,2026-04-04,The Times of India,https://economictimes.indiatimes.com/news/international/us/gold-price-prediction-what-will-be-gold-rates-next-week-as-u-s-iran-war-continues-to-intensify/articleshow/130017609.cms,,
U.S.-Iran war 'tax' begins to hit American businesses and consumers,2026-04-04,CNBC,https://www.cnbc.com/2026/04/04/us-iran-war-gas-prices-diesel-jet-fuel-economy-consumer-tax.html,,
"US jobs crush forecasts, yet hidden labor weakness could keep Bitcoin under pressure",2026-04-05,CryptoSlate,https://cryptoslate.com/us-jobs-bitcoin-hidden-labor-weakness/,,
Bitcoin is now front-running the Fed rather than reacting to it. ETFs are the cause,2026-04-05,CoinDesk,https://www.coindesk.com/markets/2026/04/05/bitcoin-is-now-front-running-the-fed-rather-than-reacting-to-it-etfs-are-the-cause,,
Trading Open Shadowed by Trump Escalation Threats: Markets Wrap,2026-04-05,Financial Post,https://financialpost.com/pmn/business-pmn/trading-open-shadowed-by-trump-escalation-threats-markets-wrap,,
FRBの胸中,2026-04-05,Hatenablog.com,https://himaginary.hatenablog.com/entry/20260405/In_the_Feds_Mind,,
Iran conflict and stocks: Should long-term investors sell now? – Mark Lister,2026-04-05,New Zealand Herald,https://www.nzherald.co.nz/rotorua-daily-post/business/iran-conflict-and-stocks-should-long-term-investors-sell-now/premium/3AXWSHUP2JCXHPJP6HYRQDJVGI/,,
10 Sunday Reads,2026-04-05,Ritholtz.com,https://ritholtz.com/2026/04/10-sunday-reads-222/,,
Why Trump Thinks He Can Walk Away From the Strait of Hormuz,2026-04-05,The Atlantic,https://www.theatlantic.com/ideas/2026/04/energy-price-consequences-iran-war/686687/,,
Oil shock: How skyrocketing prices are reshaping the global economy?,2026-04-05,The Times of India,https://economictimes.indiatimes.com/markets/commodities/news/oil-shock-how-skyrocketing-prices-are-reshaping-the-global-economy/articleshow/130034054.cms,,
Kevin Warsh needs to be confirmed as Fed Chair in order to avoid an economic shutdown,2026-04-05,New York Post,https://nypost.com/2026/04/04/business/kevin-warsh-needs-to-be-confirmed-as-fed-chair-in-order-to-avoid-an-economic-shutdown/,,
The Debt Spiral That Ends in Dollar Destruction: 6 Hard Truths America Can No Longer Ignore,2026-04-05,Activistpost.com,https://www.activistpost.com/the-debt-spiral-that-ends-in-dollar-destruction-6-hard-truths-america-can-no-longer-ignore/,,
"US Fed's Austan Goolsbee, Beth Hammack say inflation is flashing 'orange' or worse",2026-04-06,The Times of India,https://economictimes.indiatimes.com/markets/us-stocks/news/us-feds-austan-goolsbee-beth-hammack-say-inflation-is-flashing-orange-or-worse/articleshow/130067610.cms,,
JPMorgan CEO: Iran war could reignite inflation and keep Fed rates higher for longer,2026-04-06,Abcnews.com,https://abcnews.com/Business/wireStory/jpmorgan-ceo-dimon-iran-war-reignite-inflation-fed-131770990,,
"Why Bitcoin briefly jumped above $70,000 on Iran deal hopes as Trump’s Hormuz threat keeps rally fragile",2026-04-06,CryptoSlate,https://cryptoslate.com/bitcoin-70000-iran-deal-oil-risk-fragile-rally/,,
The Fed Has Two Tools to Influence Money Market Conditions,2026-04-06,Newyorkfed.org,https://libertystreeteconomics.newyorkfed.org/2026/04/the-fed-has-two-tools-to-influence-money-market-conditions/,,
JPMorgan CEO Dimon: Iran war could reignite inflation and keep Fed rates higher for longer,2026-04-06,seattlepi.com,https://www.seattlepi.com/business/article/jpmorgan-ceo-dimon-iran-war-could-reignite-22191729.php,,
4 things mortgage lenders want homebuyers to know this April,2026-04-06,CBS News,https://www.cbsnews.com/news/what-lenders-want-homebuyers-to-know-april-2026/,,
"Key Fed official sees possible rate hike amid higher gas prices, inflation concerns",2026-04-06,seattlepi.com,https://www.seattlepi.com/business/article/key-fed-official-sees-possible-rate-hike-amid-22191752.php,,
Turkish stocks among top performers despite Middle East conflict,2026-04-06,Daily Sabah,https://www.dailysabah.com/business/economy/turkish-stocks-among-top-performers-despite-middle-east-conflict,,
"Jim Cramer says potential stock market bottom is tied to interest rates, not war headlines",2026-04-06,CNBC,https://www.cnbc.com/2026/04/06/jim-cramer-stock-market-bottom-interest-rates-war.html,,
"US stock market today: US stocks rise as Dow, S&P 500 and Nasdaq stay in green, while Nvidia and Tesla stocks continue to slip",2026-04-06,The Times of India,https://economictimes.indiatimes.com/news/international/us/us-stock-market-today-us-stocks-rise-as-dow-sp-500-and-nasdaq-stay-in-green-while-nvidia-and-tesla-stocks-continue-to-slip/articleshow/130064313.cms,,
"JPMorgan Chase CEO Jamie Dimon warns of business ‘exodus’ from NYC as Mamdani, lefty pols push for tax hikes",2026-04-06,New York Post,https://nypost.com/2026/04/06/business/jpmorgan-chase-ceo-jamie-dimon-warns-of-business-exodus-from-nyc-as-mamdani-lefty-pols-push-for-tax-hikes/,,
US Bonds Steady as Traders Bet War Uncertainty Keeps Fed on Hold,2026-04-06,Financial Post,https://financialpost.com/pmn/business-pmn/us-bonds-steady-as-traders-bet-war-uncertainty-keeps-fed-on-hold,,
"Fed Could Raise Interest Rate, Official Says",2026-04-06,Newser,https://www.newser.com/story/386809/fed-could-raise-interest-rate-official-says.html,,
"US Fed interest rate predictions: Rate hike likely as Iran war leads to higher gas prices, inflation concerns, claims expert",2026-04-06,The Times of India,https://economictimes.indiatimes.com/news/international/us/us-fed-interest-rate-predictions-rate-hike-likely-as-iran-war-leads-to-higher-gas-prices-inflation-concerns-claims-expert/articleshow/130067753.cms,,
White House says increased productivity means Fed can cut rates,2026-04-06,The Times of India,https://economictimes.indiatimes.com/markets/us-stocks/news/white-house-says-increased-productivity-means-fed-can-cut-rates/articleshow/130065638.cms,,
Key Fed official sees possible rate hike amid higher gas prices,2026-04-06,Boston Herald,https://www.bostonherald.com/2026/04/06/fed-official-rate-hike/,,
"What are today's mortgage interest rates: April 6, 2026?",2026-04-06,CBS News,https://www.cbsnews.com/news/mortgage-interest-rates-april-6-2026/,,
"Here's what $25,000 in gold could look like by the end of 2026, experts say",2026-04-06,CBS News,https://www.cbsnews.com/news/value-of-25000-gold-end-of-2026/,,
Ruchir Sharma: Why this oil shock is different,2026-04-06,Financial Post,https://financialpost.com/financial-times/why-this-oil-shock-is-different,,
Wells Fargo no longer expects Fed rate cuts in 2026 as Iran war drags on,2026-04-06,The Times of India,https://economictimes.indiatimes.com/markets/us-stocks/news/wells-fargo-no-longer-expects-fed-rate-cuts-in-2026-as-iran-war-drags-on/articleshow/130064197.cms,,
Gold flops and the three bears: navigating unpredictable havens,2026-04-06,Livemint,https://www.livemint.com/money/personal-finance/gold-flops-three-bears-unpredictable-havens-interest-rates-inflation-gold-west-asia-war-11775462497684.html,,
"Top Fed official sees potential rate hike amid higher gas prices, inflation concerns",2026-04-06,PBS,https://www.pbs.org/newshour/economy/top-fed-official-sees-potential-rate-hike-amid-higher-gas-prices-inflation-concerns,,
"Massive debt makes the U.S. one of the world’s most vulnerable countries in the energy crisis, market veteran warns",2026-04-06,Fortune,https://fortune.com/2026/04/06/us-debt-most-vulnerable-iran-war-energy-crisis-bond-market-treasury-yields/,,
NY Fed says March supply chain pressures highest since start of 2023,2026-04-06,The Times of India,https://economictimes.indiatimes.com/markets/us-stocks/news/update-1-ny-fed-says-march-supply-chain-pressures-highest-since-start-of-2023/articleshow/130066269.cms,,
Larry Summers Reportedly Believes Trump’s Economy Is on the Brink of Crisis,2026-04-06,Mediaite,https://www.mediaite.com/media/news/larry-summers-reportedly-believes-trumps-economy-is-on-the-brink-of-crisis/,,
"JPMorgan CEO: Iran war could reignite inflation, keep Fed rates higher",2026-04-06,Boston Herald,https://www.bostonherald.com/2026/04/06/jpmorgan-ceo-dimon-iran-war-inflation/,,
OceanFirst Financial Corp. and Flushing Financial Corporation Announce Receipt of the Requisite Shareholder Approvals for Pending Merger Transaction,2026-04-06,GlobeNewswire,https://www.globenewswire.com/news-release/2026/04/06/3268767/8280/en/OceanFirst-Financial-Corp-and-Flushing-Financial-Corporation-Announce-Receipt-of-the-Requisite-Shareholder-Approvals-for-Pending-Merger-Transaction.html,,
Gold Steadies as Traders Weigh Trump’s Deadline to Strike Iran,2026-04-06,Financial Post,https://financialpost.com/pmn/business-pmn/gold-steadies-as-traders-weigh-trumps-deadline-to-strike-iran,,
JPMorgan has a stark message on the next Fed rate cut,2026-04-06,TheStreet,https://www.thestreet.com/fed/jpmorgan-has-a-stark-message-on-the-next-fed-rate-cut,,
"Gold falls as Iran war, robust US jobs data dim Fed rate-cut hopes",2026-04-06,BusinessLine,https://www.thehindubusinessline.com/markets/gold/gold-falls-as-iran-war-robust-us-jobs-data-dim-fed-rate-cut-hopes/article70829002.ece,,
Data centers are straining the grid. Can they be forced to pay for it?,2026-04-06,Grist,https://grist.org/accountability/data-centers-are-straining-the-grid-can-they-be-forced-to-pay-for-it/,,
Trump's Iran ultimatum and signals of a possible deal keep investors on tenterhooks,2026-04-06,CNBC,https://www.cnbc.com/2026/04/06/trump-iran-deadline-investors-markets-trade-deal-war-.html,,
Why did gold prices fall amid Iran war? #world,2026-04-06,Alltoc.com,https://alltoc.com/world/why-did-gold-prices-fall-amid-iran-war,,
Treasury yields hold steady as traders assess mixed signals on Iran war de-escalation,2026-04-06,CNBC,https://www.cnbc.com/2026/04/06/us-treasury-bond-yields-note-trump-extends-tuesday-deadline.html,,
Asia markets brace for Trump's promised assault on Iranian infrastructure,2026-04-06,CNA,https://www.channelnewsasia.com/asia/asia-markets-us-iran-war-trump-assault-infrastructure-6038146,,
OJK sees stable financial sector amid global tensions,2026-04-06,Antaranews.com,https://en.antaranews.com/news/411305/ojk-sees-stable-financial-sector-amid-global-tensions,,
"It’s hard to envy the MPC’s task—but under today’s uncertainty, holding rates steady is its best option",2026-04-06,Livemint,https://www.livemint.com/opinion/online-views/mpc-uncertainty-rates-steady-rbi-monetary-policy-committee-banking-inflation-indian-economy-gulf-war-11775377016022.html,,
"Gold, Silver Rate Today Live Updates: How much precious metals cost today and where are prices headed this week?",2026-04-06,The Times of India,https://timesofindia.indiatimes.com/business/india-business/gold-silver-rate-today-live-updates-18k-22-carat-24k-gold-price-silver-cost-per-kg-mcx-comex-etf-precious-metal-gold-prediction-city-wise-cost-latest-news/liveblog/130051849.cms,,
Are We on the Brink of a Global Debt Crisis?,2026-04-06,The New Republic,https://newrepublic.com/article/208466/iran-war-debt-crisis-us-dollar,,
An Economist’s Quest to Solve America’s Wage Problem,2026-04-06,The New Yorker,https://www.newyorker.com/news/the-financial-page/an-economists-quest-to-solve-americas-wage-problem,,
Crude at $70 in 2026? That may remain a distant dream,2026-04-06,The Times of India,https://economictimes.indiatimes.com/industry/energy/oil-gas/iran-war-crude-at-70-in-2026-that-may-remain-a-distant-dream/articleshow/130054991.cms,,
"HELOC and home equity loan rates Monday, April 6, 2026: The choice is yours",2026-04-06,Yahoo Entertainment,https://finance.yahoo.com/personal-finance/mortgages/article/heloc-home-equity-loan-rates-today-monday-april-6-2026-100000271.html,,
Inflation takes center stage: Crypto Week Ahead,2026-04-06,CoinDesk,https://www.coindesk.com/markets/2026/04/06/inflation-takes-center-stage-crypto-week-ahead,,
Citigroup pushes back Fed rate cut timeline after strong job numbers,2026-04-06,The Times of India,https://economictimes.indiatimes.com/markets/us-stocks/news/citigroup-pushes-back-fed-rate-cut-timeline-after-strong-job-numbers/articleshow/130051385.cms,,
Markets on edge as Trump threatens strikes on Iranian infrastructure,2026-04-06,CNA,https://www.channelnewsasia.com/business/asia-markets-us-iran-war-trump-assault-infrastructure-6038146,,
Housing Supply and Demand,2026-04-06,Next Big Future,https://www.nextbigfuture.com/2026/04/housing-supply-and-demand.html,,
"Global Market Today: Oil gains as Trump escalates threats, Asian stocks waver",2026-04-06,The Times of India,https://economictimes.indiatimes.com/markets/us-stocks/news/global-market-today-oil-gains-as-trump-escalates-threats-asian-stocks-waver/articleshow/130048713.cms,,
"Gold, silver may remain range-bound on West Asia tensions, US data in focus: Analysts",2026-04-06,BusinessLine,https://www.thehindubusinessline.com/markets/gold/gold-silver-may-remain-range-bound-on-west-asia-tensions-us-data-in-focus-analysts/article70828779.ece,,
"Bitcoin rallies on report of Iran ceasefire talks, Algorand extends gains",2026-04-06,CoinDesk,https://www.coindesk.com/markets/2026/04/06/bitcoin-rallies-on-report-of-iran-ceasefire-talks-algorand-extends-gains,,
"Gold falls on firm dollar, fading Fed rate-cut hopes",2026-04-06,The Times of India,https://economictimes.indiatimes.com/markets/commodities/news/gold-falls-on-firm-dollar-fading-fed-rate-cut-hopes/articleshow/130048942.cms,,
Dollar steady as traders fret about escalating Iran war,2026-04-06,The Times of India,https://economictimes.indiatimes.com/markets/forex/dollar-steady-as-traders-fret-about-escalating-iran-war/articleshow/130048956.cms,,
US Stock Futures Edge Higher on Iran Cease-Fire Hopes Amid Oil Volatility,2026-04-06,Ibtimes.com.au,https://www.ibtimes.com.au/us-stock-futures-edge-higher-iran-cease-fire-hopes-amid-oil-volatility-1865553,,
Gold price today: Why is gold rate down? Check latest gold price prediction for 2026,2026-04-06,The Times of India,https://economictimes.indiatimes.com/news/international/us/gold-price-today-why-is-gold-rate-down-check-latest-gold-price-prediction-for-2026/articleshow/130048847.cms,,
"Why are US stock market futures up today, and will Dow, S&P 500 and Nasdaq stay in green or turn red again? Wall Street futures rise, US stocks to watch out for, analysts insights, market outlook",2026-04-06,The Times of India,https://economictimes.indiatimes.com/news/international/us/why-are-us-stock-market-futures-up-today-and-will-dow-sp-500-and-nasdaq-stay-in-green-or-turn-red-again-wall-street-futures-rise-us-stocks-to-watch-out-for-analysts-insights-market-outlook/articleshow/130057713.cms,,
The Super Rich,2026-04-06,Awealthofcommonsense.com,https://awealthofcommonsense.com/2026/04/the-super-rich/,,
"Global Market | Japan bond yields hit multi-decade highs as war, US data rattle markets",2026-04-06,The Times of India,https://economictimes.indiatimes.com/markets/us-stocks/news/global-market-japan-bond-yields-hit-multi-decade-highs-as-war-us-data-rattle-markets/articleshow/130050848.cms,,
"Crude oil unlikely to fall to $70 in 2026, may remain at $80-85; risks to growth, inflation: UBI report",2026-04-06,BusinessLine,https://www.thehindubusinessline.com/markets/commodities/crude-oil-unlikely-to-fall-to-70-in-2026-may-remain-at-80-85-risks-to-growth-inflation-ubi-report/article70829471.ece,,
"Will gold price now head towards $4800 or slip below $4500 and silver move to reach $80 or fall near $60? Gold and silver price movement, analysts insights and market outlook",2026-04-06,The Times of India,https://economictimes.indiatimes.com/news/international/us/will-gold-price-now-head-towards-4800-or-slip-below-4500-and-silver-move-to-reach-80-or-fall-near-60-gold-and-silver-price-movement-analysts-insights-and-market-outlook/articleshow/130058436.cms,,
"Peter Schiff says an economic reckoning is nigh, 2008 will look like a ‘Sunday school picnic.’ Protect your nest egg now",2026-04-07,Yahoo Entertainment,https://finance.yahoo.com/economy/articles/peter-schiff-says-economic-reckoning-150300279.html,,
Stocks soar in global relief rally as oil plunges on U.S.-Iran ceasefire deal,2026-04-07,Financial Post,https://financialpost.com/investing/stocks-soar-oil-falls-iran-relief-rally,,
Resilient Consumers Key to Skirting a Recession,2026-04-07,WWD,http://wwd.com/business-news/retail/resilient-consumers-key-to-averting-a-recession-1238890313/,,
NY Fed Chief John Williams Claims Powell Can Remain Chair After Term Expires,2026-04-07,Breitbart News,https://www.breitbart.com/economy/2026/04/07/forever-powell/,,
"A generational buying opportunity has opened up for U.S. tech stocks, says Goldman Sachs",2026-04-07,MarketWatch,https://www.marketwatch.com/story/a-generational-buying-opportunity-has-opened-up-for-u-s-tech-stocks-says-goldman-sachs-df565a1c,,
Iran war gives U.S. consumers the inflation jitters (Courtenay Brown/Axios),2026-04-07,Memeorandum.com,https://www.memeorandum.com/260407/p144,,
"Oil Falls, US Stock Futures Gain on Ceasefire Bets: Markets Wrap",2026-04-07,Financial Post,https://financialpost.com/pmn/business-pmn/oil-falls-us-stock-futures-gain-on-ceasefire-bets-markets-wrap,,
"US stocks close mixed, with signs of progress as Trump’s Iran deadline draws near",2026-04-07,The Straits Times,https://www.straitstimes.com/business/companies-markets/us-stocks-close-mixed-with-signs-of-progress-as-trumps-iran-deadline-draws-near,,
"US stocks today: US stocks close mixed, with signs of progress as Trump's Iran deadline draws near",2026-04-07,The Times of India,https://economictimes.indiatimes.com/markets/us-stocks/news/us-stocks-today-us-stocks-close-mixed-with-signs-of-progress-as-trumps-iran-deadline-draws-near/articleshow/130096575.cms,,
Will US inflation spike again as NY Fed supply chain index jumps in March? What will happen to Fed rate cuts amid rising costs?,2026-04-07,The Times of India,https://economictimes.indiatimes.com/news/international/us/will-us-inflation-spike-again-as-ny-fed-supply-chain-index-jumps-in-march-what-will-happen-to-fed-rate-cuts-amid-rising-costs/articleshow/130090017.cms,,
"Jefferson, Economic Outlook and the Labor Market",2026-04-07,Federalreserve.gov,https://www.federalreserve.gov/newsevents/speech/jefferson20260407a.htm,,
Treasuries Fall Ahead of Auction as Iran War Stokes Oil Gains,2026-04-07,Financial Post,https://financialpost.com/pmn/business-pmn/treasuries-fall-ahead-of-auction-as-iran-war-stokes-oil-gains,,
"Why US stock market crashes today? Dow, S&P 500 and Nasdaq in deep red – Iran tensions rise and surging oil prices shake Wall Street",2026-04-07,The Times of India,https://economictimes.indiatimes.com/news/international/us/why-us-stock-market-crashes-today-dow-jones-sp-500-and-nasdaq-in-deep-red-today-iran-tensions-rise-and-surging-oil-prices-shake-wall-street/articleshow/130090123.cms,,
Alphabet Shares Dip 0.47% as Investors Weigh AI Spending vs. Antitrust Risks Ahead of Q1 Earnings,2026-04-07,Ibtimes.com.au,https://www.ibtimes.com.au/alphabet-shares-dip-047-investors-weigh-ai-spending-vs-antitrust-risks-ahead-q1-earnings-1865691,,
"3 sneaky mortgage loan traps to avoid this spring, according to experts",2026-04-07,CBS News,https://www.cbsnews.com/news/mortgage-loan-traps-to-avoid-spring-2026/,,
Dow Plunges Nearly 300 Points as Trump's Iran Deadline Looms: Markets Brace for Escalation,2026-04-07,Ibtimes.com.au,https://www.ibtimes.com.au/dow-plunges-nearly-300-points-trumps-iran-deadline-looms-markets-brace-escalation-1865685,,
Bitcoin ETFs record $471 million in largest daily inflows in over a month,2026-04-07,Crypto Briefing,https://cryptobriefing.com/bitcoin-etf-inflows-record-471-million-largest-month/,,
Fed’s Jefferson Says Rates Well Positioned Amid Uncertainty,2026-04-07,Financial Post,https://financialpost.com/pmn/business-pmn/feds-jefferson-says-rates-well-positioned-amid-uncertainty,,
"Trump, the $39 trillion national debt, rosy growth assumptions and the question of ‘a sustainable path’",2026-04-07,Fortune,https://fortune.com/2026/04/07/trump-39-trillion-national-debt-gdp-growth-forecast-budget-sustainable/,,
"This 5.00% CD is turning heads, and you don’t have to lock in long",2026-04-07,The Times of India,https://economictimes.indiatimes.com/news/international/us/this-5-00-cd-is-turning-heads-and-you-dont-have-to-lock-in-long/articleshow/130087129.cms,,
BIZD Is Generating a 9% Yield. What Could Go Wrong?,2026-04-07,24/7 Wall St.,https://247wallst.com/investing/2026/04/07/bizd-is-generating-a-9-yield-what-could-go-wrong/,,
What happens to your bills if your bank account is frozen by a debt collector?,2026-04-07,CBS News,https://www.cbsnews.com/news/what-happens-bills-during-bank-levy/,,
Gold price today: Why are gold rates falling amidst Iran war? Experts predict what to expect,2026-04-07,The Times of India,https://economictimes.indiatimes.com/news/international/us/gold-price-today-why-are-gold-rates-falling-amidst-iran-war-experts-predict-what-to-expect/articleshow/130073640.cms,,
Stock Index Futures Slip as Trump’s Hormuz Deadline Looms,2026-04-07,Barchart.com,https://www.barchart.com/story/news/1171867/stock-index-futures-muted-as-trumps-hormuz-deadline-looms,,
Key fed official sees possible rate hike amid inflation concerns,2026-04-07,Hurriyet Daily News,https://www.hurriyetdailynews.com/key-fed-official-sees-possible-rate-hike-amid-inflation-concerns-220728,,
"Silver futures decline ₹1,479 to ₹2.31 lakh/kg as geopolitical risks lift inflation outlook",2026-04-07,BusinessLine,https://www.thehindubusinessline.com/markets/commodities/silver-futures-decline-1479-to-231-lakhkg-as-geopolitical-risks-lift-inflation-outlook/article70833851.ece,,
Markets ‘see little prospect of US rate cut this year’ as war rages on,2026-04-07,Independent.ie,https://www.independent.ie/business/world/markets-see-little-prospect-of-us-rate-cut-this-year-as-war-rages-on/a40193309.html,,
"Stock Market Live: Sensex drops 370 pts, Nifty tops 22,800 as US-Iran tensions persist",2026-04-07,BusinessLine,https://www.thehindubusinessline.com/markets/stock-market-nifty-sensex-live-updates-7th-april-2026/article70830012.ece,,
No One Is Intimidated by Trump Anymore,2026-04-07,The New Republic,https://newrepublic.com/article/208630/trump-iran-supeme-court-not-intimidated,,
US Mortgage Rates Hold Steady Near 6.4% on April 7 as Geopolitical Tensions Keep Pressure on Buyers,2026-04-07,Ibtimes.com.au,https://www.ibtimes.com.au/us-mortgage-rates-hold-steady-near-64-april-7-geopolitical-tensions-keep-pressure-buyers-1865665,,
"Gold futures decline to ₹1.49 lakh/10g as oil surge, US-Iran tensions weigh on sentiment",2026-04-07,BusinessLine,https://www.thehindubusinessline.com/markets/gold/gold-futures-decline-to-149-lakh10g-as-oil-surge-us-iran-tensions-weigh-on-sentiment/article70833685.ece,,
"Treasury yields rise as Trump reiterates Iran infrastructure threat, sending oil higher",2026-04-07,CNBC,https://www.cnbc.com/2026/04/07/treasury-yields-rise-as-trump-reiterates-iran-infrastructure-threat.html,,
What rate hike risk did a Fed official warn? #world,2026-04-07,Alltoc.com,https://alltoc.com/world/what-rate-hike-risk-did-a-fed-official-warn,,
Bitcoin steadies above $68K as Iran tensions keep markets on edge,2026-04-07,Coinjournal.net,https://coinjournal.net/news/bitcoin-steadies-above-68k-as-iran-tensions-keep-markets-on-edge/,,
Fed’s Williams Expects Little Change to Underlying Inflation,2026-04-07,Financial Post,https://financialpost.com/pmn/business-pmn/feds-williams-expects-little-change-to-underlying-inflation,,
Gold steady as investors await Trump deadline on Strait of Hormuz,2026-04-07,The Times of India,https://economictimes.indiatimes.com/markets/commodities/news/gold-steady-as-investors-await-trump-deadline-on-strait-of-hormuz/articleshow/130073799.cms,,
"Jordi Visser: Bitcoin’s scarcity drives profitability, the Fed’s decisions shape market trends, and inflation threatens global growth | The Pomp Podcast",2026-04-07,Crypto Briefing,https://cryptobriefing.com/jordi-visser-bitcoins-scarcity-drives-profitability-the-feds-decisions-shape-market-trends-and-inflation-threatens-global-growth-the-pomp-podcast/,,
Gold silver remain moderately bullish for FY27 amid global uncertainty,2026-04-07,THE WEEK,https://www.theweek.in/wire-updates/business/2026/04/06/gold-silver-remain-moderately-bullish-for-fy27-amid-global-uncertainty.html,,
"Key Fed official sees possible rate hike amid higher gas prices, inflation concerns",2026-04-07,Abcnews.com,https://abcnews.com/Business/wireStory/key-fed-official-sees-rate-hike-amid-higher-131771354,,
"These are the biggest risks of gold investing right now, according to experts",2026-04-07,CBS News,https://www.cbsnews.com/news/biggest-gold-investing-risks-april-2026/,,
"US Stock Market | Rising Costs, Slower Growth: Services data signals sticky inflation risk",2026-04-07,The Times of India,https://economictimes.indiatimes.com/markets/us-stocks/news/us-stock-market-rising-costs-slower-growth-services-data-signals-sticky-inflation-risk/articleshow/130076018.cms,,
"Stocks stumble, oil above $110 as Trump's Iran deadline nears",2026-04-07,The Irish Times,https://www.irishtimes.com/business/markets/2026/04/07/stocks-stumble-oil-above-110-as-trumps-iran-deadline-nears/,,
How Bill Phillips used flowing water to model the economy,2026-04-07,NPR,https://www.npr.org/sections/planet-money/2026/04/07/g-s1-116575/how-bill-phillips-used-flowing-water-to-model-the-economy,,
US Stock Market | Fed faces tough trade-off as inflation and growth risks collide,2026-04-07,The Times of India,https://economictimes.indiatimes.com/markets/us-stocks/news/us-stock-market-fed-faces-tough-trade-off-as-inflation-and-growth-risks-collide/articleshow/130075685.cms,,
"Bitcoin briefly touches $70,000 as ETF inflows signal institutional interest",2026-04-07,CoinDesk,https://www.coindesk.com/daybook-us/2026/04/07/bitcoin-briefly-touches-usd70-000-as-etf-inflows-signal-institutional-interest,,
Fed Minutes Show Officials See Dual-Sided Risks From Iran War,2026-04-08,Financial Post,https://financialpost.com/pmn/business-pmn/fed-minutes-show-officials-see-dual-sided-risks-from-iran-war,,
Gold prices are falling but why China keeps buying gold aggressively – Is the US dollar under threat and why are gold prices not following the demand-supply trend despite continued China demand,2026-04-08,The Times of India,https://economictimes.indiatimes.com/news/international/us/gold-prices-are-falling-but-why-china-keeps-buying-gold-aggressively-is-the-us-dollar-under-threat-and-why-are-gold-prices-not-following-the-demand-supply-trend-despite-continued-china-demand/articleshow/130119301.cms,,
Fed minutes show willingness to consider interest rate increases (Courtenay Brown/Axios),2026-04-08,Memeorandum.com,https://www.memeorandum.com/260408/p99,,
Fed minutes show growing openness to rate hikes at March meeting,2026-04-08,The Times of India,https://economictimes.indiatimes.com/markets/us-stocks/news/fed-minutes-show-growing-openness-to-rate-hikes-at-march-meeting/articleshow/130123246.cms,,
"More Federal Reserve officials see possible rate hikes this year, minutes show",2026-04-08,Abcnews.com,https://abcnews.com/Business/wireStory/federal-reserve-officials-rate-hikes-year-minutes-show-131850920,,
"Pirro's Powell probe faces a difficult road to appeal, former prosecutors say",2026-04-08,CNBC,https://www.cnbc.com/2026/04/08/fed-jeanine-pirro-fed-jerome-powell-appeal-kevin-warsh.html,,
Bitcoin jumps to three-week high on U.S.-Iran ceasefire plan,2026-04-08,Financial Post,https://financialpost.com/fp-finance/cryptocurrency/bitcoin-jumps-to-three-week-high,,
"Why is silver price up by 5.7% and gold price by 2%, and will precious metals reach dream levels or fall again? Analysts insights, market outlook and what should investors do now",2026-04-08,The Times of India,https://economictimes.indiatimes.com/news/international/us/why-is-silver-price-up-by-5-7-and-gold-price-by-2-and-will-precious-metals-reach-dream-levels-or-fall-again-analysts-insights-market-outlook-and-what-should-investors-do-now/articleshow/130110711.cms,,
"Dow Surges 1,325 Points in Rally After Ceasefire",2026-04-08,Newser,https://www.newser.com/story/386972/dow-surges-1325-points-in-rally-after-ceasefire.html,,
"Oil plunges below $95 as Dow surges 1,100 following Iran ceasefire deal",2026-04-08,PBS,https://www.pbs.org/newshour/economy/oil-plunges-below-95-as-dow-surges-1100-following-iran-ceasefire-deal,,
Odds for interest-rate cut in 2026 triple amid Iran war uncertainty,2026-04-08,New York Post,https://nypost.com/2026/04/08/business/odds-for-interest-rate-cut-in-2026-triple-amid-iran-war-uncertainty/,,
XRP Price Prediction 2026: Expert Analysis & Market Forecast,2026-04-08,Bitcoinfoundation.org,https://bitcoinfoundation.org/news/analysis/xrp-price-prediction-2026-expert-analysis-market-forecast/,,
"Fed officials still foresee rate cut this year, despite war impacts, minutes show",2026-04-08,CNBC,https://www.cnbc.com/2026/04/08/fed-officials-still-foresee-rate-cut-this-year-despite-war-impacts-minutes-show.html,,
Markets see Fed rate-cut odds jump after Trump's Iran ceasefire deal,2026-04-08,Business Insider,https://www.businessinsider.com/interest-rate-cuts-federal-reserve-hike-economy-trump-iran-ceasefire-2026-4,,
FEDS Note: India and the Global Economy,2026-04-08,Federalreserve.gov,https://www.federalreserve.gov/econres/notes/feds-notes/india-and-the-global-economy-20260408.html,,
How much does a HELOC cost monthly at today's rates?,2026-04-08,CBS News,https://www.cbsnews.com/news/how-much-heloc-costs-monthly-todays-rates/,,
"More Federal Reserve officials see possible rate hikes this year, minutes show",2026-04-08,seattlepi.com,https://www.seattlepi.com/business/article/more-federal-reserve-officials-see-possible-rate-22196009.php,,
"Gold Tops $4,800 as U.S.-Iran Ceasefire Halts Six Weeks of War",2026-04-08,OilPrice.com,https://oilprice.com/Metals/Gold/Gold-Tops-4800-as-US-Iran-Ceasefire-Halts-Six-Weeks-of-War.html,,
U.S. Federal Reserve minutes show officials see risks from Iran war,2026-04-08,Financial Post,https://financialpost.com/news/economy/fed-minutes-dual-sided-risks-iran-war,,
FEDS Note: Detecting Tariff Effects on Consumer Prices in Real Time – Part II,2026-04-08,Federalreserve.gov,https://www.federalreserve.gov/econres/notes/feds-notes/detecting-tariff-effects-on-consumer-prices-in-real-time-part-II-20260408.html,,
US Federal Reserve minutes flag stronger appetite for rate hike next month,2026-04-08,The Times of India,https://economictimes.indiatimes.com/news/international/global-trends/us-federal-reserve-minutes-flag-stronger-appetite-for-rate-hike-next-month/articleshow/130121668.cms,,
Ceasefire In Iran And The State Of The US Job Market,2026-04-08,NPR,https://www.npr.org/2026/04/08/nx-s1-5777756/ceasefire-in-iran-and-the-state-of-the-us-job-market,,
"Gold rises 2.3%, extends gains after Trump announces Iran ceasefire pause",2026-04-08,The Times of India,https://economictimes.indiatimes.com/markets/commodities/news/gold-rises-2-3-extends-gains-after-trump-announces-iran-ceasefire-pause/articleshow/130099462.cms,,
Fed minutes from March meeting show growing openness to rate hikes,2026-04-08,CNA,https://www.channelnewsasia.com/business/fed-minutes-march-meeting-show-growing-openness-rate-hikes-6045191,,
Bitcoin rebounds as oil cools but Trump impeachment odds show markets still on edge,2026-04-08,CryptoSlate,https://cryptoslate.com/iran-ceasefire-bitcoin-trump-impeachment-odds/,,
More Federal Reserve officials see possible rate hikes this year,2026-04-08,Boston Herald,https://www.bostonherald.com/2026/04/08/federal-reserve-minutes-rate-hikes/,,
The Hormuz Hype: How Europe Got Played at the Oil Casino,2026-04-08,Activistpost.com,https://www.activistpost.com/the-hormuz-hype-how-europe-got-played-at-the-oil-casino/,,
"Silver Jumps ₹11,000 To ₹2.51 lakh/kg, Gold Rises ₹3,200 To ₹1.56 Lakh On US-Iran Ceasefire Boost",2026-04-08,Free Press Journal,https://www.freepressjournal.in/business/silver-jumps-11000-to-251-lakhkg-gold-rises-3200-to-156-lakh-on-us-iran-ceasefire-boost,,
Gold Silver Rate Today Live Updates: Gold and silver surge up to 6% as easing geopolitical tensions boost market sentiment,2026-04-08,Economictimes.com,https://m.economictimes.com/markets/stocks/live-blog/gold-rate-silver-price-today-live-updates-mcx-gold-18k-22k-24k-rate-iran-israel-us-war-latest-news/liveblog/130101199.cms,,
"Dow Futures Surge Over 1,000 Points as Oil Tumbles on Trump Iran Ceasefire",2026-04-08,Ibtimes.com.au,https://www.ibtimes.com.au/dow-futures-surge-over-1000-points-oil-tumbles-trump-iran-ceasefire-1865785,,
Markets shift back towards potential Fed rate cut this year with Iran ceasefire in place,2026-04-08,CNBC,https://www.cnbc.com/2026/04/08/markets-shift-back-towards-potential-fed-rate-cut-this-year-with-iran-ceasefire-in-place.html,,
"Why are US stock market futures up today, and will Dow Jones, S&P 500 and Nasdaq climb new milestones to make history? Wall Street futures, US stocks to watch out for, analysts insights, market outlook, what should investors do now",2026-04-08,The Times of India,https://economictimes.indiatimes.com/news/international/us/why-are-us-stock-market-futures-up-today-and-will-dow-jones-sp-500-and-nasdaq-climb-new-milestones-to-make-history-wall-street-futures-us-stocks-to-watch-out-for-analysts-insights-market-outlook-what-should-investors-do-now/articleshow/130111320.cms,,
Gold Climbs After Trump Agrees to a Two-Week Ceasefire in Iran,2026-04-08,Financial Post,https://financialpost.com/pmn/business-pmn/gold-climbs-after-trump-agrees-to-a-two-week-ceasefire-in-iran,,
"Big Funds Pile Into Treasuries, AI Stocks as Iran War Risks Fade",2026-04-08,Financial Post,https://financialpost.com/pmn/business-pmn/big-funds-pile-into-treasuries-ai-stocks-as-iran-war-risks-fade,,
Emerging Market Stocks Surge Most Since 2022 After Iran Truce,2026-04-08,Financial Post,https://financialpost.com/pmn/business-pmn/emerging-market-stocks-surge-most-since-2022-after-iran-truce,,
Should Australians Buy or Sell Bitcoin in 2026? Experts Split as BTC Hovers Near $100K AUD,2026-04-08,Ibtimes.com.au,https://www.ibtimes.com.au/should-australians-buy-sell-bitcoin-2026-experts-split-btc-hovers-near-100k-aud-1865822,,
"More Federal Reserve officials see possible rate hikes this year, minutes show",2026-04-08,WJXT News4JAX,https://www.news4jax.com/business/2026/04/08/more-federal-reserve-officials-see-possible-rate-hikes-this-year-minutes-show/,,
Fed's Daly says US economic fundamentals in a 'good place',2026-04-08,The Times of India,https://economictimes.indiatimes.com/markets/us-stocks/news/feds-daly-says-us-economic-fundamentals-in-a-good-place/articleshow/130122897.cms,,
Morning Brief: Chicago Fed's Goolsbee 'nervous' about impact of oil shock on economy,2026-04-08,Yahoo Entertainment,https://finance.yahoo.com/news/morning-brief-chicago-feds-goolsbee-nervous-about-impact-of-oil-shock-on-economy-100030121.html,,
Gold extends gains as Trump pauses Iran attacks for two weeks,2026-04-08,CNA,https://www.channelnewsasia.com/business/gold-prices-trump-us-iran-war-ceasefire-two-week-6042456,,
Dollar Erases 2026 Gains as Iran Ceasefire Saps Haven Demand,2026-04-08,Financial Post,https://financialpost.com/pmn/business-pmn/dollar-erases-2026-gains-as-iran-ceasefire-saps-haven-demand,,
U.S. Treasury yields plunge 10 basis points as Iran war ceasefire lifts sentiment,2026-04-08,CNBC,https://www.cnbc.com/2026/04/08/us-treasury-yields-plunge-amid-iran-ceasefire.html,,
Gold rises to near three-week high as Trump pauses attacks on Iran,2026-04-08,BusinessLine,https://www.thehindubusinessline.com/markets/gold/gold-rises-to-near-three-week-high-as-trump-pauses-attacks-on-iran/article70836934.ece,,
Fed Data Signals Consumers Pulling Back on Credit Card Spending,2026-04-08,pymnts.com,https://www.pymnts.com/consumer-finance/2026/fed-data-signals-consumers-pulling-back-on-credit-card-spending/,,
Gold pares gains after Iran says ceasefire deal with U.S. violated,2026-04-08,Financial Post,https://financialpost.com/commodities/gold-pares-gains-risk,,
RBI’s rate-setting panel is in step with other major central banks,2026-04-08,Livemint,https://www.livemint.com/opinion/online-views/rbi-mpc-monetary-policy-committee-rate-setting-panel-central-banks-repo-rate-gulf-war-uncertainty-11775644376272.html,,
"Rs 13L cr added! Sensex zooms 2,600 pts, Nifty above 23,850. From US-Iran ceasefire to oil crash, check 5 key factors",2026-04-08,The Times of India,https://economictimes.indiatimes.com/markets/stocks/news/stock-market-today-sensex-up-2700-pts-nifty-50-above-23850-why-stock-market-is-rising-today-from-us-iran-ceasefire-to-oil-crash-check-5-key-factors/articleshow/130101615.cms,,
U.S. dollar erases 2026 gains as Iran ceasefire saps haven demand,2026-04-08,Financial Post,https://financialpost.com/commodities/u-s-dollar-erases-2026-gains,,
US Stock Market: Prolonged conflict could lift US inflation sharply,2026-04-08,The Times of India,https://economictimes.indiatimes.com/markets/us-stocks/news/us-stock-market-prolonged-conflict-could-lift-us-inflation-sharply/articleshow/130102828.cms,,
Global Bonds Jump as Ceasefire Sows Doubts Over Steep Rate Hikes,2026-04-08,Yahoo Entertainment,https://finance.yahoo.com/news/treasuries-rise-ceasefire-spurs-oil-013010676.html,,
Global Bonds Jump as Ceasefire Sows Doubts Over Steep Rate Hikes,2026-04-08,Financial Post,https://financialpost.com/pmn/business-pmn/global-bonds-jump-as-ceasefire-sows-doubts-over-steep-rate-hikes,,
Gold rises to near three-week high as Trump pauses attacks on Iran,2026-04-08,The Times of India,https://economictimes.indiatimes.com/markets/commodities/news/gold-rises-to-near-three-week-high-as-trump-pauses-attacks-on-iran/articleshow/130101021.cms,,
Stocks jump with bonds as oil plunge lifts mood,2026-04-08,The Irish Times,https://www.irishtimes.com/business/2026/04/08/stocks-jump-with-bonds-as-oil-plunge-lifts-mood/,,
"Time is on Canada’s side in CUSMA talks, former trade chief says",2026-04-09,Financial Post,https://financialpost.com/news/economy/time-canada-usmca-talks-trade-chief,,
"Bitcoin's next big move hinges on oil, and right now it's a total coin flip",2026-04-09,CoinDesk,https://www.coindesk.com/markets/2026/04/09/bitcoin-s-next-big-move-hinges-on-oil-and-right-now-it-s-a-total-coin-flip,,
Breibart Business Digest: The February PCE Inflation Report Is Better Than It Looks,2026-04-09,Breitbart News,https://www.breitbart.com/economy/2026/04/09/breibart-business-digest-the-february-pce-inflation-report-is-better-than-it-looks/,,
Warren Buffett's Timeless Wisdom: 10 Best Quotes That Still Guide Investors in 2026,2026-04-09,Ibtimes.com.au,https://www.ibtimes.com.au/warren-buffetts-timeless-wisdom-10-best-quotes-that-still-guide-investors-2026-1865893,,
Fed policymakers flag possible rate hikes to tackle inflation,2026-04-09,Hurriyet Daily News,https://www.hurriyetdailynews.com/fed-policymakers-flag-possible-rate-hikes-to-tackle-inflation-220815,,
"Iran Says Ceasefire Violated, Trump Lashes Out at NATO",2026-04-09,Omny.fm,https://omny.fm/shows/bloomberg-daybreak/vance-to-lead-iran-talks-trump-rebukes-nato-after-rutte-meeting,,
Gold surges amid fragile ceasefire as markets brace for volatility,2026-04-09,Naturalnews.com,https://www.naturalnews.com/2026-04-09-gold-surges-amid-ceasefire-markets-brace-volatility.html,,
Inflation was cooling. The Iran war could send it racing higher again.,2026-04-09,CBS News,https://www.cbsnews.com/news/inflation-cpi-report-march-iran-war-oil-gas-prices/,,
Emerging-Market Rebound Stalls as Iran Truce Doubts Lift Oil,2026-04-09,Financial Post,https://financialpost.com/pmn/business-pmn/emerging-market-rebound-stalls-as-iran-truce-doubts-lift-oil,,
US Stock Market | Fed’s Daly signals patience as inflation risks linger,2026-04-09,The Times of India,https://economictimes.indiatimes.com/markets/us-stocks/news/us-stock-market-feds-daly-signals-patience-as-inflation-risks-linger/articleshow/130130626.cms,,
"Why are gold and silver prices falling today — are they no longer safe haven assets? Here’s the current gold and silver price and whether bullion could slide below $4,700 again",2026-04-09,The Times of India,https://economictimes.indiatimes.com/news/international/us/why-are-gold-and-silver-prices-falling-today-are-they-no-longer-safe-haven-assets-heres-the-current-gold-and-silver-price-and-whether-bullion-could-slide-below-4700-again/articleshow/130142325.cms,,
Fed minutes show growing openness to rate hikes,2026-04-09,RTE,https://www.rte.ie/news/business/2026/0409/1567327-us-federal-reserve-minutes/,,
Oil Prices Rise To $100 Per Barrel As Stocks Slow On Doubts About The U.S.-Iran Ceasefire,2026-04-09,HuffPost,https://www.huffpost.com/entry/oil-prices-rise-on-fragile-ceasefire_n_69d76294e4b00247ba9981e2,,
"Iran says U.S. breached ceasefire, Anthropic's court loss, rate cut odds and more in Morning Squawk",2026-04-09,CNBC,https://www.cnbc.com/2026/04/09/5-things-to-know-before-the-market-opens.html,,
U.S. Treasury yields steady ahead of key U.S. inflation data releases,2026-04-09,CNBC,https://www.cnbc.com/2026/04/09/us-treasury-yields-steady-ahead-of-key-us-inflation-data-releases.html,,
Why South Florida commercial real estate deal flow has chilled,2026-04-09,The Real Deal,https://therealdeal.com/miami/2026/04/09/analysis-of-south-floridas-investment-sales-market/,,
Fed minutes open door to further rate cuts amid Iran war,2026-04-09,Cointelegraph,https://cointelegraph.com/news/many-officials-still-see-rate-cuts-coming-in-2026-despite-war-risks-fed-minutes,,
"What are today's mortgage interest rates: April 9, 2026?",2026-04-09,CBS News,https://www.cbsnews.com/news/todays-mortgage-interest-rates-april-9-2026/,,
"Bitcoin under $71,000, ETH, SOL, XRP drop as Iran ceasefire frays within 48 hours of being signed",2026-04-09,CoinDesk,https://www.coindesk.com/markets/2026/04/09/bitcoin-under-usd71-000-eth-sol-xrp-drop-as-iran-ceasefire-frays-within-48-hours-of-being-signed,,
"Gold, silver outlook: Will Iran war ceasefire spark rebound in precious metals?",2026-04-09,The Times of India,https://economictimes.indiatimes.com/markets/commodities/news/gold-silver-outlook-will-iran-war-ceasefire-spark-rebound-in-precious-metals/articleshow/130138296.cms,,
Pierre Poilievre went on Joe Rogan to expose ‘biggest fraud’ crushing everyday Americans — shockproof your wealth now,2026-04-09,Yahoo Entertainment,https://finance.yahoo.com/economy/policy/articles/pierre-poilievre-went-joe-rogan-120500281.html,,
Fed's Inflation Woes Preceded the War With Iran (Colby Smith/New York Times),2026-04-09,Memeorandum.com,https://www.memeorandum.com/260409/p31,,
Prediction bets on Polymarket tied to Iran war calls for investigations from lawmakers,2026-04-09,The Times of India,https://economictimes.indiatimes.com/markets/us-stocks/news/prediction-bets-on-polymarket-tied-to-iran-war-calls-for-investigations-from-lawmakers/articleshow/130152999.cms,,
"Stocks Rise, Along With Oil Prices",2026-04-09,Newser,https://www.newser.com/story/387049/stocks-rise-along-with-oil-prices.html,,
"Dow Jones Surges Past 48,000 as US-Iran Ceasefire Sparks Massive Relief Rally on Wall Street",2026-04-09,Ibtimes.com.au,https://www.ibtimes.com.au/dow-jones-surges-past-48000-us-iran-ceasefire-sparks-massive-relief-rally-wall-street-1865903,,
"War, rates, inflation: More headwinds ahead for homebuyers",2026-04-09,OCRegister,https://www.ocregister.com/2026/04/09/war-rates-inflation-more-headwinds-ahead-for-homebuyers/,,
Which CD term is best this April? Here are the ones to consider now.,2026-04-09,CBS News,https://www.cbsnews.com/news/which-cd-term-best-april-2026/,,
Bets on Polymarket tied to Iran war draw calls for investigations,2026-04-09,TwinCities.com-Pioneer Press,https://www.twincities.com/2026/04/09/prediction-markets-iran-war/,,
"The U.S. economy almost stalled, but inflation still stayed too hot for an easy Fed rescue",2026-04-09,CryptoSlate,https://cryptoslate.com/the-u-s-economy-almost-stalled-but-inflation-still-stayed-too-hot-for-an-easy-fed-rescue/,,
Judge J. Michael Luttig: The Beginning of the End of Trump’s Presidency?,2026-04-09,Dianeravitch.net,https://dianeravitch.net/2026/04/09/judge-j-michael-luttig-the-beginning-of-the-end-of-trumps-presidency/,,
"US weekly jobless claims rise, but remain at low levels",2026-04-09,The Times of India,https://economictimes.indiatimes.com/news/company/corporate-trends/us-weekly-jobless-claims-rise-but-remain-at-low-levels/articleshow/130143434.cms,,
Key inflation gauge remains elevated in February before Iran war,2026-04-09,Boston Herald,https://www.bostonherald.com/2026/04/09/inflation-gauge-elevated-february/,,
Key inflation gauge remains elevated in February before Iran war,2026-04-09,Abcnews.com,https://abcnews.com/Business/wireStory/key-inflation-gauge-remains-elevated-february-iran-war-131876411,,
Oil prices jump back up on skepticism over fragile US-Iran ceasefire,2026-04-09,Boston Herald,https://www.bostonherald.com/2026/04/09/oil-prices-iran-war-ceasefire-skepticism/,,
Why US housing market is booming despite war uncertainty and mortgage rates rising to 6.35%—buyers rush into surprising spring homebuying surge,2026-04-09,The Times of India,https://economictimes.indiatimes.com/news/international/us/why-us-housing-market-is-booming-despite-war-uncertainty-and-mortgage-rates-rising-to-6-356-buyers-rush-into-surprising-spring-homebuying-surge/articleshow/130143852.cms,,
US Stock Market: Oil spike and war risks complicate Fed’s next move,2026-04-09,The Times of India,https://economictimes.indiatimes.com/markets/us-stocks/news/us-stock-market-oil-spike-and-war-risks-complicate-feds-next-move/articleshow/130128973.cms,,
Well-timed bets on Polymarket tied to Iran war draw calls for investigations,2026-04-09,Abcnews.com,https://abcnews.com/US/wireStory/timed-bets-polymarket-tied-iran-war-draw-calls-131891242,,
Bitcoin tops $72K after $280M liquidation targets bears: Will the ‘fragile truce’ hold?,2026-04-09,Cointelegraph,https://cointelegraph.com/markets/bitcoin-tops-dollar72k-after-dollar280m-liquidation-targets-bears-will-the-fragile-truce-hold,,
Is Covid to blame for high housing costs and taxes?,2026-04-09,Ncspin.com,https://www.ncspin.com/is-covid-to-blame-for-high-housing-costs-and-taxes,,
Crypto for Advisors: Crypto’s Performance Q1,2026-04-09,CoinDesk,https://www.coindesk.com/coindesk-indices/2026/04/08/crypto-for-advisors-crypto-s-performance-q1,,
"Bitcoin’s $80,000 bull bet just took over the market",2026-04-09,CoinDesk,https://www.coindesk.com/markets/2026/04/09/bitcoin-s-usd80-000-bull-bet-just-took-over-the-market,,
"First Bancshares, Inc. Announces Operating Results for the Quarter Ended March 31, 2026",2026-04-10,GlobeNewswire,https://www.globenewswire.com/news-release/2026/04/10/3272029/0/en/First-Bancshares-Inc-Announces-Operating-Results-for-the-Quarter-Ended-March-31-2026.html,,
Gas price spike pushes up inflation by most in four years in March,2026-04-10,Boston Herald,https://www.bostonherald.com/2026/04/10/gas-prices-inflation-march/,,
"Wall Street ignores rising inflation, falling consumer confidence",2026-04-10,TheStreet,https://www.thestreet.com/markets/the-market-is-not-efficient-it-is-delusional-wall-street-ignores-higher-inflation-tepid-consumer-confidence-data-amid-ceasefire-worries,,
"Joseph Wang: Geopolitical tensions could trigger a global recession, high energy prices pose significant risks, and the US labor market shows signs of weakening | Forward Guidance",2026-04-10,Crypto Briefing,https://cryptobriefing.com/joseph-wang-geopolitical-tensions-could-trigger-a-global-recession-high-energy-prices-pose-significant-risks-and-the-us-labor-market-shows-signs-of-weakening-forward-guidance/,,
Stocks drift lower and oil prices ease ahead of planned US-Iran talks,2026-04-10,CNA,https://www.channelnewsasia.com/world/us-stocks-oil-prices-us-iran-talks-pakistan-ceasefire-6050036,,
"Job Concerns, Shoe Price Hikes and Shaky Consumer Suggests Slower Sales on the Horizon",2026-04-10,WWD,http://wwd.com/footwear-news/shoe-industry-news/footwear-spending-gas-jobs-income-consumers-shoe-prices-1238905238/,,
"Arthur Hayes: Oil futures reflect geopolitical tensions, AI is causing deflation by displacing knowledge workers, and Bitcoin serves as a liquidity smoke alarm | The Pomp Podcast",2026-04-10,Crypto Briefing,https://cryptobriefing.com/arthur-hayes-oil-futures-reflect-geopolitical-tensions-ai-is-causing-deflation-by-displacing-knowledge-workers-and-bitcoin-serves-as-a-liquidity-smoke-alarm-the-pomp-podcast/,,
"‘Cautious optimism’: Bitcoin, Ethereum shoot up following CPI release. How long will it last?",2026-04-10,Dlnews.com,https://www.dlnews.com/articles/markets/bitcoin-ethereum-rise-on-inflation-data-and-iran-talks/,,
Inflation Spiked Last Month,2026-04-10,Politicalwire.com,https://politicalwire.com/2026/04/10/inflation-spiked-last-month/,,
Kevin Warsh’s Fed chair nomination delayed as Senate hearing is pushed past next week,2026-04-10,New York Post,https://nypost.com/2026/04/10/business/kevin-warshs-fed-chair-nomination-delayed-as-senate-hearing-is-pushed-past-next-week/,,
Bitcoin hits $73K as cool US CPI data shows 60-year record gas price hike,2026-04-10,Cointelegraph,https://cointelegraph.com/markets/bitcoin-hits-73k-as-cool-us-cpi-data-shows-60-year-record-gas-price-hike,,
What the new inflation spike could mean for mortgage interest rates,2026-04-10,CBS News,https://www.cbsnews.com/news/what-new-inflation-spike-mortgage-interest-rates/,,
"TrustCo to Release First Quarter 2026 Results on April 21, 2026; Conference Call on April 22, 2026",2026-04-10,GlobeNewswire,https://www.globenewswire.com/news-release/2026/04/10/3272025/16143/en/TrustCo-to-Release-First-Quarter-2026-Results-on-April-21-2026-Conference-Call-on-April-22-2026.html,,
Fed will need to explain why current inflation jump differs from 2022 surge,2026-04-10,The Times of India,https://economictimes.indiatimes.com/markets/us-stocks/news/fed-will-need-to-explain-why-current-inflation-jump-differs-from-2022-surge/articleshow/130177869.cms,,
Soaring gas prices pump up Southern California inflation,2026-04-10,OCRegister,https://www.ocregister.com/2026/04/10/soaring-gas-prices-pump-up-southern-california-inflation/,,
"Bob Elliott: Central banks struggle with oil shocks, the shift to a savings-driven economy, and lessons from the 2008 financial crisis | Forward Guidance",2026-04-10,Crypto Briefing,https://cryptobriefing.com/bob-elliott-central-banks-struggle-with-oil-shocks-the-shift-to-a-savings-driven-economy-and-lessons-from-the-2008-financial-crisis-forward-guidance/,,
Demand for Dollars in Swaps Ebbs Alongside Global Risks,2026-04-10,Financial Post,https://financialpost.com/pmn/business-pmn/demand-for-dollars-in-swaps-ebbs-alongside-global-risks,,
The Theft of Your Good Deflation,2026-04-10,Shtfplan.com,https://www.shtfplan.com/economics/the-theft-of-your-good-deflation,,
Energy prices that spiked due to war in Iran push inflation to the biggest increase in four years,2026-04-10,The Mercury News,https://www.mercurynews.com/2026/04/09/war-in-iran-sends-inflation-soaring-and-the-mood-of-american-consumers-plunging/,,
Americans feel worse about the economy than ever before,2026-04-10,Business Insider,https://www.businessinsider.com/consumer-sentiment-record-low-umich-gas-prices-inflation-economy-2026-4,,
US inflation rose to 3.3% in March on Middle East energy shock,2026-04-10,The Irish Times,https://www.irishtimes.com/business/2026/04/10/us-inflation-rose-to-33-in-march-on-middle-east-energy-shock/,,
US inflation soars to 3.3% in largest jump since 2021 – so why did Bitcoin barely move?,2026-04-10,CryptoSlate,https://cryptoslate.com/us-inflation-soars-to-3-3-in-largest-jump-since-2021-so-did-bitcoin-barely-move/,,
"Gold price down today while silver rising: what’s shaping gold vs silver trend today - Key reasons behind divergence, and is this the best buying opportunity?",2026-04-10,The Times of India,https://economictimes.indiatimes.com/news/international/us/gold-price-down-today-while-silver-rising-whats-shaping-gold-vs-silver-trend-today-key-reasons-behind-divergence-and-is-this-the-best-buying-opportunity/articleshow/130173884.cms,,
'We might need to raise rates': Fed official put a rate hike back on the table — and it hinges on one thing,2026-04-10,Yahoo Entertainment,https://finance.yahoo.com/economy/policy/articles/might-raise-rates-fed-official-151500665.html,,
Soaring gas prices leads to biggest monthly inflation spike in four years in March,2026-04-10,PBS,https://www.pbs.org/newshour/economy/soaring-gas-prices-leads-to-biggest-monthly-inflation-spike-in-four-years-in-march,,
Record surge in gasoline prices fuels US consumer inflation in March,2026-04-10,The Times of India,https://economictimes.indiatimes.com/markets/us-stocks/news/record-surge-in-gasoline-prices-fuels-us-consumer-inflation-in-march/articleshow/130173051.cms,,
S&P 500 and Nasdaq Surge on Iran Ceasefire Relief Rally as Markets Eye Islamabad Talks,2026-04-10,Ibtimes.com.au,https://www.ibtimes.com.au/sp-500-nasdaq-surge-iran-ceasefire-relief-rally-markets-eye-islamabad-talks-1866074,,
Bond Traders Cling to Bets on a Fed Rate Cut This Year After CPI,2026-04-10,Financial Post,https://financialpost.com/pmn/business-pmn/bond-traders-cling-to-bets-on-a-fed-rate-cut-this-year-after-cpi,,
"Dow Jones Surges Past 48,000 as Iran Ceasefire Sparks Massive Wall Street Rally",2026-04-10,Ibtimes.com.au,https://www.ibtimes.com.au/dow-jones-surges-past-48000-iran-ceasefire-sparks-massive-wall-street-rally-1866072,,
Why a CD is worth opening after inflation just surged,2026-04-10,CBS News,https://www.cbsnews.com/news/why-cd-worth-opening-inflation-surged/,,
Inflation may jump by most in nearly 4 years as gas prices spike in wake of Iran war (Christopher Rugaber/Associated Press),2026-04-10,Memeorandum.com,https://www.memeorandum.com/260410/p62,,
"Ruth Judson: TIC data’s limitations hinder foreign investment insights, the Fed’s diminishing focus on monetary aggregates, and the TGA’s impact on currency demand volatility | Macro Musings",2026-04-10,Crypto Briefing,https://cryptobriefing.com/ruth-judson-tic-datas-limitations-hinder-foreign-investment-insights-the-feds-diminishing-focus-on-monetary-aggregates-and-the-tgas-impact-on-currency-demand-volatility-macro-musings/,,
"Biggest jump in gas prices in 60 years, biggest jump in inflation since Biden: CPI carnage in March",2026-04-10,Fortune,https://fortune.com/2026/04/10/march-cpi-inflation-biggest-increase-gas-prices-six-decades/,,
March CPI inflation rises to 3.3% as energy shock offsets core stability,2026-04-10,Crypto Briefing,https://cryptobriefing.com/cpi-inflation-report-march-2026-rises-energy-shock-offsets-core-stability/,,
Here's the inflation breakdown for March 2026 — in one chart,2026-04-10,CNBC,https://www.cnbc.com/2026/04/10/cpi-inflation-march-2026-breakdown.html,,
Why is Dow Jones crashing today while Nasdaq and S&P 500 are rising? US stock market update as Dow drops 150 points and Nasdaq jumps over 100 points,2026-04-10,The Times of India,https://economictimes.indiatimes.com/news/international/us/why-is-dow-jones-crashing-today-while-nasdaq-and-sp-500-are-rising-us-stock-market-update-as-dow-drops-150-points-and-nasdaq-jumps-over-100-points/articleshow/130173524.cms,,
Stocks drift lower and oil prices ease ahead of planned US-Iran talks,2026-04-10,Yahoo Entertainment,https://finance.yahoo.com/markets/world-indices/articles/asian-stocks-mostly-higher-oil-053143960.html,,
"Expert Forecasts Bitcoin Surge To $80,000 Amid US-Iran Ceasefire And Oil Price Drop",2026-04-10,newsBTC,http://www.newsbtc.com/bitcoin-news/expert-forecasts-bitcoin-surge-to-80000-amid-us-iran-ceasefire-and-oil-price-drop/,,
Stocks Rise on In-Line CPI Ahead of US-Iran Talks: Markets Wrap,2026-04-10,Financial Post,https://financialpost.com/pmn/business-pmn/stocks-rise-on-in-line-cpi-ahead-of-us-iran-talks-markets-wrap,,
'Headline Sticker Shock' Expected in Inflation Data,2026-04-10,Newser,https://www.newser.com/story/387085/headline-sticker-shock-expected-in-inflation-data.html,,
Gas Price Spike Due To Iran War Pushes Up Inflation By Most In 4 Years In March,2026-04-10,HuffPost,https://www.huffpost.com/entry/consumer-prices-march_n_69d8f03de4b0ccb589ec62a6,,
March inflation report to offer first glimpse of Iran war's economic impact,2026-04-10,NBC News,https://www.nbcnews.com/business/economy/march-inflation-report-iran-war-gas-prices-rcna267535,,
"Standstill in the Strait of Hormuz, new inflation data, Warsh's Senate hearing and more in Morning Squawk",2026-04-10,CNBC,https://www.cnbc.com/2026/04/10/5-things-to-know-before-the-market-opens.html,,
Prices surged in March after oil shock set off by Iran war,2026-04-10,Abcnews.com,https://abcnews.com/Business/prices-expected-surged-march-after-oil-shock-set/story?id=131873838,,
"Consumer prices rose 3.3% in March, as energy prices spiked due to Iran conflict (Jeff Cox/CNBC)",2026-04-10,Memeorandum.com,https://www.memeorandum.com/260410/p26,,
Morning Brief: A big day for inflation,2026-04-10,Yahoo Entertainment,https://finance.yahoo.com/news/morning-brief-a-big-day-for-inflation-100052155.html,,
Bond Traders Hedge Against More Losses as Inflation Data Looms,2026-04-10,Financial Post,https://financialpost.com/pmn/business-pmn/bond-traders-hedge-against-more-losses-as-inflation-data-looms,,
Australian Dollar Strengthens in 2026: AUD Hits 3-Year Highs on RBA Hikes and Commodity Boom,2026-04-10,Ibtimes.com.au,https://www.ibtimes.com.au/australian-dollar-strengthens-2026-aud-hits-3-year-highs-rba-hikes-commodity-boom-1866047,,
Inflation rose in March to the highest rate in 2 years as the Iran war lifted energy prices,2026-04-10,Business Insider,https://www.businessinsider.com/cpi-march-inflation-rose-missed-forecasts-iran-war-2026-4,,
Rhee to Leave BOK With More Guidance Tools and Transparency,2026-04-10,Financial Post,https://financialpost.com/pmn/business-pmn/rhee-to-leave-bok-with-more-guidance-tools-and-transparency,,
CoinEx Monthly | Repricing Risk and Resilient Bitcoin,2026-04-10,GlobeNewswire,https://www.globenewswire.com/news-release/2026/04/10/3271605/0/en/CoinEx-Monthly-Repricing-Risk-and-Resilient-Bitcoin.html,,
View: America’s demographic stagnation will make it poorer,2026-04-10,The Times of India,https://economictimes.indiatimes.com/news/international/global-trends/view-americas-demographic-stagnation-will-make-it-poorer/articleshow/130166261.cms,,
"Stephen Miran: Oil price increases have minimal long-term inflation effects, current economic conditions don’t require aggressive policy, and deregulation will reduce inflation by half a percent annually | Forward Guidance",2026-04-10,Crypto Briefing,https://cryptobriefing.com/stephen-miran-oil-price-increases-have-minimal-long-term-inflation-effects-current-economic-conditions-dont-require-aggressive-policy-and-deregulation-will-reduce-inflation-by-half-a-percent-annu/,,
"Consumer prices rose 3.3% in March, as energy prices spiked due to Iran conflict",2026-04-10,CNBC,https://www.cnbc.com/2026/04/10/cpi-inflation-report-march-2026.html,,
Well-timed bets on Polymarket tied to the Iran war draw calls for investigations from lawmakers,2026-04-10,NPR,https://www.npr.org/2026/04/10/nx-s1-5780569/betting-polymarket-iran-investigation-lawmakers,,
"‘We owe it to the next generation’ to get national debt under control, says think-tank boss, as U.S. borrowing hits $1.2 trillion in just six months",2026-04-10,Fortune,https://fortune.com/2026/04/10/next-generation-national-debt-burden-peter-g-peterson-foundation-warning/,,
Inflation may jump by most in nearly four years as gas prices spike in wake of Iran war,2026-04-10,Abcnews.com,https://abcnews.com/Business/wireStory/inflation-jump-years-gas-prices-spike-wake-iran-131905251,,
"Gold, Silver Rate Today Live Updates: Gold prices rise in international markets; where are the headed in near-term?",2026-04-10,The Times of India,https://timesofindia.indiatimes.com/business/india-business/gold-silver-rate-today-live-updates-18k-22-carat-24k-gold-price-10g-silver-cost-per-kg-mcx-comex-etf-precious-metal-gold-prediction-city-wise-cost-april-latest-news/liveblog/130156934.cms,,
"‘Good for Russia, good for China, bad for America’: how the Iran war is reshaping global economies and power",2026-04-10,Fortune,https://fortune.com/2026/04/10/what-will-world-economy-look-like-after-iran-war-china-russia-win/,,
Gold wavers as traders weigh truce path ahead of U.S.-Iran talks,2026-04-10,Financial Post,https://financialpost.com/commodities/gold-heads-for-gain-traders-weigh-truce,,
CNBC Daily Open: Truce tested ahead of ceasefire talks in Pakistan,2026-04-10,CNBC,https://www.cnbc.com/2026/04/10/cnbc-daily-open-truce-tested-ahead-of-ceasefire-talks-icnbc-daily-open-truce-tested-ahead-of-ceasefire-talks-in-pakistann-pakistan.html,,
"Ethereum Dips to $2,180 as Ceasefire Rally Fades Amid ETF Inflows and CPI Watch",2026-04-10,Ibtimes.com.au,https://www.ibtimes.com.au/ethereum-dips-2180-ceasefire-rally-fades-amid-etf-inflows-cpi-watch-1866025,,
Andy Mukherjee: China’s dream of currency supremacy—Has the war in West Asia helped its cause?,2026-04-10,Livemint,https://www.livemint.com/opinion/online-views/andy-mukherjee-dollar-china-currency-supremacy-west-asia-war-mbridge-chips-cips-renminbi-11775810003451.html,,
3 ASX 200 stocks surging 13% to 36% in this shortened trading week,2026-04-10,Motley Fool Australia,https://www.fool.com.au/2026/04/10/3-asx-200-stocks-surging-13-to-36-in-this-shortened-trading-week/,,
Inflation could jump by the most in nearly 4 years in the wake of the Iran war,2026-04-10,Associated Press,https://apnews.com/article/inflation-prices-gas-federal-reserve-trump-bf00c3105d5da88a0b01d9107ed4ecee,,
How Austin’s stunning drop in rents explains housing in America,2026-04-10,Vox,https://www.vox.com/future-perfect/485295/austin-national-rents-declining-yimby,,
Inflation surges to highest level in nearly two years as energy costs spike,2026-04-10,NPR,https://www.npr.org/2026/04/10/nx-s1-5780604/inflation-consumer-prices-economy,,
Inflation may jump by most in nearly four years as gas prices spike,2026-04-10,Abcnews.com,https://abcnews.com/US/wireStory/inflation-jump-years-gas-prices-spike-wake-iran-131905247,,
"Bitcoin Holds Steady Near $71,500 as ETF Inflows Surge on Iran Ceasefire Optimism",2026-04-10,Ibtimes.com.au,https://www.ibtimes.com.au/bitcoin-holds-steady-near-71500-etf-inflows-surge-iran-ceasefire-optimism-1866024,,
ceointerviews-mcp added to PyPI,2026-04-10,Pypi.org,https://pypi.org/project/ceointerviews-mcp/,,
Inflation may jump by most in nearly four years as gas prices spike in wake of Iran war,2026-04-10,seattlepi.com,https://www.seattlepi.com/business/article/inflation-may-jump-by-most-in-nearly-four-years-22198891.php,,
Federal Reserve Research Confirms Trump Tariffs Drove Excess Inflation In 2025: 'Dollar-For-Dollar' Hit,2026-04-11,Yahoo Entertainment,https://consent.yahoo.com/v2/collectConsent?sessionId=1_cc-session_24f16a5f-c910-4ef2-8516-9dff301820c9,,
Can $300 monthly investing really reach $1 million? Warren Buffett proven compounding strategy and the S&P 500 fast-track to financial freedom in 2026,2026-04-11,The Times of India,https://economictimes.indiatimes.com/news/international/us/can-300-monthly-investing-really-reach-1-million-warren-buffett-proven-compounding-strategy-and-the-sp-500-fast-track-to-financial-freedom-in-2026/articleshow/130196576.cms,,
Iran – Once Upon a Time,2026-04-11,Globalresearch.ca,https://www.globalresearch.ca/iran-once-upon-time/5921933,,
"HELOC and home equity loan rates Saturday, April 11, 2026: Rates shift slightly this week",2026-04-11,Yahoo Entertainment,https://finance.yahoo.com/personal-finance/mortgages/article/heloc-home-equity-loan-interest-rates-today-saturday-april-11-2026-100000794.html,,
A millennial made $280K working 3 remote jobs — until the job market turned against him: 'It was great until it wasn't',2026-04-11,Business Insider,https://www.businessinsider.com/overemployed-millennial-recruiter-secretly-worked-remote-job-market-layoffs-california-2026-4,,
Anthropic’s Claude Mythos AI fears trigger $2 trillion wipeout in IT stocks; JPMorgan CEO Jamie Dimon warns 'AI will likely worsen...',2026-04-11,The Times of India,https://economictimes.indiatimes.com/news/new-updates/anthropics-claude-mythos-ai-fears-triggers-2-trillion-wipeout-in-it-stocks-jpmorgan-ceo-jamie-dimon-warns-ai-will-likely-/articleshow/130187154.cms,,
"Safe Money Report Under Investigation: Martin Weiss's 2026 ""Age of Chaos"" Report Outlines Six-Step Framework Addressing Dollar Instability, Gold, and Bitcoin Amid Rising Market Volatility",2026-04-11,GlobeNewswire,https://www.globenewswire.com/news-release/2026/04/11/3272124/0/en/Safe-Money-Report-Under-Investigation-Martin-Weiss-s-2026-Age-of-Chaos-Report-Outlines-Six-Step-Framework-Addressing-Dollar-Instability-Gold-and-Bitcoin-Amid-Rising-Market-Volatili.html,,
Bitcoin price falls under $71K as US-Iran war tensions spark sell-off,2026-04-12,Cointelegraph,https://cointelegraph.com/markets/bitcoin-price-falls-under-dollar71k-as-us-iran-war-tensions-spark-sell-off,,
"Lessons learned in 70s have made US, world economies less vulnerable to oil shocks",2026-04-12,The Times of India,https://economictimes.indiatimes.com/news/international/business/lessons-learned-in-70s-have-made-us-world-economies-less-vulnerable-to-oil-shocks/articleshow/130205896.cms,,
Federal Reserve Wants Banks’ Info on Private Credit Dealings,2026-04-12,pymnts.com,https://www.pymnts.com/bank-regulation/2026/federal-reserve-wants-banks-info-on-private-credit-dealings/,,
"Bitcoin analysts flag triggers for a massive surge to $88,000 even as war risks linger",2026-04-12,CoinDesk,https://www.coindesk.com/markets/2026/04/12/bitcoin-analysts-flag-triggers-for-a-massive-surge-to-usd88-000-even-as-war-risks-linger,,
"Lessons learned in '70s have made US, world economies less vulnerable to oil shocks",2026-04-12,Abcnews.com,https://abcnews.com/US/wireStory/lessons-learned-70s-made-us-world-economies-vulnerable-131966389,,
Bond Traders Snap Back to Inflation as Higher-for-Longer Sets In,2026-04-12,Financial Post,https://financialpost.com/pmn/business-pmn/bond-traders-snap-back-to-inflation-as-higher-for-longer-sets-in,,
Global Bonds Slide as Failure of Talks Adds to Inflation Fears,2026-04-13,Financial Post,https://financialpost.com/pmn/business-pmn/global-bonds-slide-as-failure-of-talks-adds-to-inflation-fears,,
America’s debt problem could keep mortgage rates high,2026-04-13,Inman,https://www.inman.com/2026/04/13/americas-debt-problem-could-keep-mortgage-rates-high/,,
Bitcoin holds above $70K support as geopolitical tensions weigh on market sentiment,2026-04-13,Coinjournal.net,https://coinjournal.net/news/bitcoin-holds-above-70k-support-as-geopolitical-tensions-weigh-on-market-sentiment/,,
Wall St set for subdued open as failed US-Iran peace talks fuel investor angst,2026-04-13,CNA,https://www.channelnewsasia.com/business/wall-st-set-subdued-open-failed-us-iran-peace-talks-fuel-investor-angst-6053221,,
Do you really need $2 million to be rich? Many Americans are wealthier than they think. See how you rank against others,2026-04-13,Yahoo Entertainment,https://finance.yahoo.com/markets/articles/really-2-million-rich-many-090000401.html,,
Treasury yields rise as collapse of Iran talks clouds inflation outlook,2026-04-13,CNBC,https://www.cnbc.com/2026/04/13/treasury-yields-up-as-collapse-of-iran-talks-clouds-inflation-outlook.html,,
"Gold falls 1%, silver drops by Rs 5,300/kg as US-Iran ceasefire hopes fade. What should investors do?",2026-04-13,The Times of India,https://economictimes.indiatimes.com/markets/commodities/news/gold-falls-1-silver-drops-by-rs-5300/kg-as-us-iran-ceasefire-hopes-fade-what-should-investors-do/articleshow/130224491.cms,,
Lessons learned in '70s have made the US and world economies less vulnerable to oil shocks,2026-04-13,Abcnews.com,https://abcnews.com/Business/wireStory/lessons-learned-70s-made-us-world-economies-vulnerable-131966391,,
"As the U.S. Navy attempts to take control of the Strait of Hormuz today, Trump asks the Pope to shut up",2026-04-13,Fortune,https://fortune.com/2026/04/13/us-navy-blockade-strait-of-hormuz-trump-pope/,,
"Gold falls on stronger dollar, fading Fed rate-cut hopes",2026-04-13,BusinessLine,https://www.thehindubusinessline.com/markets/gold/gold-falls-on-stronger-dollar-fading-fed-rate-cut-hopes/article70856134.ece,,
Gold Backs: A revolutionary return to sound money,2026-04-13,Naturalnews.com,https://www.naturalnews.com/2026-04-13-gold-backs-revolutionary-return-to-sound-currency.html,,
"Beef, that all-American food, is getting harder for Americans to afford",2026-04-13,CBS News,https://www.cbsnews.com/news/beef-costs-inflation-cpi-report-march-2026/,,
Investors are writing off any move from the Fed this month—collapsing talks in Iran have sealed the deal,2026-04-13,Fortune,https://fortune.com/2026/04/13/investors-write-off-fed-rate-cut-iran-inflation/,,
"Bitcoin clings to $70,500 support after US-Iran talks collapse and oil spikes past $103",2026-04-13,CryptoSlate,https://cryptoslate.com/bitcoin-drops-as-us-iran-talks-collapse-and-oil-jumps-above-100/,,
"Gold falls on strong dollar, dimming Fed rate cut hopes",2026-04-13,The Times of India,https://economictimes.indiatimes.com/markets/commodities/news/gold-falls-on-strong-dollar-dimming-fed-rate-cut-hopes/articleshow/130222875.cms,,
"Why is oil price up today, and will Brent crude futures and US West Texas Intermediate go above $102 or drop again? Analysts insights, market outlook and what should investors do now",2026-04-13,The Times of India,https://economictimes.indiatimes.com/news/international/us/why-is-oil-price-up-today-and-will-brent-crude-futures-and-us-west-texas-intermediate-go-above-102-or-drop-again-analysts-insights-market-outlook-and-what-should-investors-do-now/articleshow/130232621.cms,,
"Gold, Silver Rate Today Live Updates: Gold, silver prices expected to be volatile this week; what should investors do?",2026-04-13,The Times of India,https://timesofindia.indiatimes.com/business/india-business/gold-silver-rate-today-live-updates-18k-22-carat-24k-gold-price-10g-silver-cost-per-kg-mcx-comex-etf-stock-precious-metal-gold-prediction-city-wise-cost-april-latest-gold-news/liveblog/130223019.cms,,
S&P 500 Outlook: The 8.2% Rally & What Comes Next.,2026-04-13,Realinvestmentadvice.com,https://realinvestmentadvice.com/resources/blog/sp-500-outlook-the-8-2-rally-what-comes-next/,,
"Federal Reserve: Without Tariffs, Inflation Would Have Dropped to Pre-Pandemic Levels During 2025",2026-04-13,Reason,https://reason.com/2026/04/13/federal-reserve-without-tariffs-inflation-would-have-dropped-to-pre-pandemic-levels-during-2025/,,
Growing national debt may be keeping mortgage rates high —and housing expensive,2026-04-13,Realtor.com News,https://www.realtor.com/advice/finance/rising-national-debt-mortgage-rates-home-prices/,,
Not Your Grandfather’s Stagflation,2026-04-13,Activistpost.com,https://www.activistpost.com/not-your-grandfathers-stagflation/,,
Jim Cramer says this is the real reason why stocks are shrugging off Iran war fears,2026-04-13,CNBC,https://www.cnbc.com/2026/04/13/jim-cramer-stocks-rallying-despite-iran-war-why.html,,
"FEDS Note: Wage and Income Growth Expectations Before, During, and After the Pandemic Period",2026-04-13,Federalreserve.gov,https://www.federalreserve.gov/econres/notes/feds-notes/wage-and-income-growth-expectations-before-during-and-after-the-pandemic-period-20260413.html,,
Iran conflict threatens market stability after failed US peace negotiations,2026-04-13,The Times of India,https://economictimes.indiatimes.com/markets/stocks/news/iran-conflict-threatens-market-stability-after-failed-us-peace-negotiations/articleshow/130225094.cms,,
Citadel Securities Sees Market Rally as Extreme Risks of War Ebb,2026-04-13,Financial Post,https://financialpost.com/pmn/business-pmn/citadel-securities-sees-market-rally-as-extreme-risks-of-war-ebb,,
"Levy, Lacker Remember Plosser As SOMC Honors His Achievements, Legacy, And Collegiality",2026-04-13,Substack.com,https://kathleenhays.substack.com/p/levy-lacker-remember-plosser-as-somc,,
US stocks today: US stocks end higher as investors hold out hope for US-Iran resolution,2026-04-13,The Times of India,https://economictimes.indiatimes.com/markets/us-stocks/news/us-stocks-today-us-stocks-end-higher-as-investors-hold-out-hope-for-us-iran-resolution/articleshow/130245398.cms,,
What will HELOC interest rates look like by the end of 2026? Experts weigh in,2026-04-13,CBS News,https://www.cbsnews.com/news/heloc-rates-end-of-2026-experts-weigh-in/,,
Emerging market central banking and communication: the great catchup,2026-04-13,Lse.ac.uk,https://researchonline.lse.ac.uk/id/eprint/137983/,,
Goldman Sachs Beats Q1 Expectations with Record Trading Revenue but Shares Plunge 4% on Mixed Signals,2026-04-13,Ibtimes.com.au,https://www.ibtimes.com.au/goldman-sachs-beats-q1-expectations-record-trading-revenue-shares-plunge-4-mixed-signals-1866385,,
Dow Jones Futures Tumble on Trump Hormuz Blockade: Oil Surges Above $100 as Iran Tensions Escalate,2026-04-13,Ibtimes.com.au,https://www.ibtimes.com.au/dow-jones-futures-tumble-trump-hormuz-blockade-oil-surges-above-100-iran-tensions-escalate-1866366,,
SoFi Stock Surges 2%+ Amid Fintech Volatility: SOFI Hits $16.58 as Q1 Earnings Loom and Big Banking Launches,2026-04-13,Ibtimes.com.au,https://www.ibtimes.com.au/sofi-stock-surges-2-amid-fintech-volatility-sofi-hits-1658-q1-earnings-loom-big-banking-1866414,,
Foresight Reports 2026 First Quarter Results,2026-04-13,GlobeNewswire,https://www.globenewswire.com/news-release/2026/04/13/3272691/0/en/Foresight-Reports-2026-First-Quarter-Results.html,,
"Why are gold and silver prices down, and will gold drop to $4,500 and silver slip to $70? Analysts insights, market outlook and what should investors do now",2026-04-13,The Times of India,https://economictimes.indiatimes.com/news/international/us/why-are-gold-and-silver-prices-down-and-will-gold-drop-to-4500-and-silver-slip-to-70-analysts-insights-market-outlook-and-what-should-investors-do-now/articleshow/130237167.cms,,
Gold Continues To Fall As Middle East Tensions Worsen,2026-04-13,Cryptoprowl.com,https://www.cryptoprowl.com/releases/gold-continues-to-fall-as-middle-east-tensions-worsen-4142,,
France Moves Its Gold Home as the Sovereign Debt Crisis Quietly Unfolds,2026-04-14,Activistpost.com,https://www.activistpost.com/france-moves-its-gold-home-as-the-sovereign-debt-crisis-quietly-unfolds/,,
"Bitcoin surges on $650 million short squeeze, passing $76,000 as US inflation numbers fuels risk asset rally",2026-04-14,CryptoSlate,https://cryptoslate.com/bitcoin-surges-on-650-million-short-squeeze-passing-76000-as-us-inflation-numbers-fuels-risk-asset-rally/,,
Wall Street banks break records as Iran war drives trading boom!,2026-04-14,Europeanbusinessmagazine.com,https://europeanbusinessmagazine.com/business/wall-street-trading-boom-war-volatility/,,
"Trump’s agricultural tariffs hit all 50 states—driving up food prices, crushing exports, and leaving farmers with nowhere to turn",2026-04-14,Fortune,https://fortune.com/2026/04/14/how-tariffs-dealt-economic-blow-in-all-50-states/,,
"US stocks today: S&P 500, Nasdaq jump over 1% on renewed hopes of US-Iran talks, earnings boost",2026-04-14,The Times of India,https://economictimes.indiatimes.com/markets/us-stocks/news/sp-500-nasdaq-jump-over-1-on-renewed-hopes-of-us-iran-talks-earnings-boost/articleshow/130268300.cms,,
Fed nominee Warsh’s financial disclosures point to assets well over $100m,2026-04-14,Al Jazeera English,https://www.aljazeera.com/economy/2026/4/14/fed-nominee-warshs-financial-disclosures-point-to-assets-well-over-100m,,
U.S. wholesale prices surged 4% last month during the Iran war,2026-04-14,PBS,https://www.pbs.org/newshour/economy/u-s-wholesale-prices-surged-4-last-month-during-the-iran-war,,
"Investors were caught 'flat-footed' by the 'grit' of the Iranian people, Citadel's Ken Griffin says",2026-04-14,Business Insider,https://www.businessinsider.com/ken-griffin-iran-war-comments-strait-hormuz-recession-2026-4,,
"Kevin Warsh net worth, Fed Chair race & confirmation delay: Why he’s making headlines",2026-04-14,The Times of India,https://economictimes.indiatimes.com/news/international/us/kevin-warsh-net-worth-fed-chair-race-confirmation-delay-why-hes-making-headlines/articleshow/130264961.cms,,
"Bessent says confident that core inflation is going down, Fed will need to cut rates",2026-04-14,The Times of India,https://economictimes.indiatimes.com/markets/us-stocks/news/bessent-says-confident-that-core-inflation-is-going-down-fed-will-need-to-cut-rates/articleshow/130262719.cms,,
Kevin Warsh could become richest Fed chair in history as financial filings reveal his and Estee Lauder heiress wife’s fortunes,2026-04-14,New York Post,https://nypost.com/2026/04/14/business/kevin-warsh-could-become-richest-fed-chair-in-history-as-financial-filings-reveal-his-and-estee-lauder-heiress-wifes-fortunes/,,
U.S. Wholesale Prices Surged 4% Last Month After The War In Iran Sent Energy Prices Soaring,2026-04-14,HuffPost,https://www.huffpost.com/entry/united-states-wholesale-prices-surged-last-war-iran-energy-prices-soaring_n_69de5fede4b0f26bda6200fd,,
Dirty Jobs host Mike Rowe is giving away $10 million to get Gen Z into trades—and says the skills gap has never been worse,2026-04-14,Fortune,https://fortune.com/2026/04/14/mike-rowe-foundation-scholarship-10-million-trade-school-ai-automation/,,
Federal Reserve chair nominee's disclosure includes crypto and AI holdings,2026-04-14,Cointelegraph,https://cointelegraph.com/news/federal-reserve-chair-nominee-discloses-holdings-in-crypto-and-ai,,
Insurance Sector’s Private Credit Ties Has Investors Concerned,2026-04-14,pymnts.com,https://www.pymnts.com/news/investment-tracker/2026/insurance-sectors-private-credit-ties-has-investors-concerned/,,
"Nasdaq Composite Surges 1.4% to 23,507 as Tech Rally Powers Past Iran War Jitters",2026-04-14,Ibtimes.com.au,https://www.ibtimes.com.au/nasdaq-composite-surges-14-23507-tech-rally-powers-past-iran-war-jitters-1866563,,
Rupee is more than a measure of price. It’s also a barometer of credibility,2026-04-14,The Indian Express,https://indianexpress.com/article/opinion/columns/rupee-is-more-than-a-measure-of-price-its-also-a-barometer-of-credibility-10634778/,,
Bitcoin’s brief rally to $76K may have been a bull trap: Here’s the data,2026-04-14,Cointelegraph,https://cointelegraph.com/markets/bitcoin-s-brief-rally-to-dollar76k-may-have-been-a-bull-trap-here-s-the-data,,
"Gold Surges 1.54% to $4,816 as Investors Flock to Safe Haven Amid Geopolitical Easing and Dollar Weakness",2026-04-14,Ibtimes.com.au,https://www.ibtimes.com.au/gold-surges-154-4816-investors-flock-safe-haven-amid-geopolitical-easing-dollar-weakness-1866576,,
Oracle Stock Buy or Sell in 2026? Analysts See 50-60% Upside as AI Cloud Boom Offsets Volatile Start,2026-04-14,Ibtimes.com.au,https://www.ibtimes.com.au/oracle-stock-buy-sell-2026-analysts-see-50-60-upside-ai-cloud-boom-offsets-volatile-start-1866573,,
From conflict to curve: How rising yields hit debt funds — and where opportunity lies,2026-04-14,Livemint,https://www.livemint.com/money/personal-finance/from-conflict-to-curve-rising-yields-hit-debt-funds-where-opportunity-lies-us-iran-conflict-11776139495974.html,,
Bitcoin hits $76K after US PPI inflation stays tame: Will BTC hold its gains?,2026-04-14,Cointelegraph,https://cointelegraph.com/markets/bitcoin-hits-dollar76k-after-us-ppi-inflation-stays-tame-will-btc-hold-its-gains,,
"Bitcoin Surges Past $75,000 as Geopolitical Easing and ETF Inflows Spark Crypto Rebound",2026-04-14,Ibtimes.com.au,https://www.ibtimes.com.au/bitcoin-surges-past-75000-geopolitical-easing-etf-inflows-spark-crypto-rebound-1866565,,
Home sales just fell 3.6%—and the spring buying season may not save them,2026-04-14,Fortune,https://fortune.com/2026/04/14/home-sales-fell-in-march-as-spring-buying-season-has-rough-start/,,
Warning sign for stocks seen in surging inflation expectations,2026-04-14,Financial Post,https://financialpost.com/investing/warning-sign-stocks-surging-inflation-expectations,,
Exclusive / Bessent: US should 'wait and see' before lowering interest rates (Semafor),2026-04-14,Memeorandum.com,https://www.memeorandum.com/260414/p93,,
"Warsh Fed Chair Hearing Set for Next Week, Tim Scott Says",2026-04-14,Financial Post,https://financialpost.com/pmn/business-pmn/warsh-fed-chair-hearing-set-for-next-week-tim-scott-says,,
U.S. Treasury yields edge lower as Middle East conflict remains in focus,2026-04-14,CNBC,https://www.cnbc.com/2026/04/14/treasury-yields-edge-lower-as-middle-east-conflict-remains-in-focus.html,,
Dow Jones Industrial Average Edges Lower in Early Trading on April 14 as Investors Pause After Strong Rally,2026-04-14,Ibtimes.com.au,https://www.ibtimes.com.au/dow-jones-industrial-average-edges-lower-early-trading-april-14-investors-pause-after-strong-1866528,,
"Oil prices, jobs and mortgage rates: Numbers to know",2026-04-14,Inman,https://www.inman.com/2026/04/14/oil-prices-jobs-and-mortgage-rates-numbers-to-know/,,
Treasuries Steady as Traders Assess War’s Inflation Risks,2026-04-14,Financial Post,https://financialpost.com/pmn/business-pmn/treasuries-steady-as-traders-assess-wars-inflation-risks,,
Wholesale prices surged 4% in March as Iran war sent energy prices up,2026-04-14,Boston Herald,https://www.bostonherald.com/2026/04/14/us-wholesale-prices-march/,,
US Wholesale Prices Rise Less Than Forecast Despite Energy,2026-04-14,Financial Post,https://financialpost.com/pmn/business-pmn/us-wholesale-prices-rise-less-than-forecast-despite-energy,,
Treasury Secretary Bessent now says it's OK for the Fed to wait to lower rates amid oil surge,2026-04-14,CNBC,https://www.cnbc.com/2026/04/14/treasury-secretary-bessent-now-says-its-ok-for-the-fed-to-wait-to-lower-rates-amid-oil-surge.html,,
US wholesale prices surged 4% last month after the war in Iran sent energy prices soaring,2026-04-14,The Times of India,https://economictimes.indiatimes.com/markets/us-stocks/news/us-wholesale-prices-surged-4-last-month-after-the-war-in-iran-sent-energy-prices-soaring/articleshow/130261540.cms,,
"What are today's mortgage interest rates: April 14, 2026?",2026-04-14,CBS News,https://www.cbsnews.com/news/todays-mortgage-interest-rates-april-14-2026/,,
US wholesale prices surged 4% last month as the Iran war sent energy prices soaring,2026-04-14,Abcnews.com,https://abcnews.com/Business/wireStory/us-wholesale-prices-surged-4-month-iran-war-132025392,,
The Faltering War Economy,2026-04-14,The American Prospect,http://prospect.org/2026/04/14/faltering-war-economy-inflation-gas-prices-trump/,,
Trump’s war and rhetoric are drowning out the IMF’s growth agenda,2026-04-14,Fortune,https://fortune.com/2026/04/14/trump-iran-war-pope-drowning-out-the-imfs-growth-agenda/,,
"Bitcoin Nears $75K As Risk-on Sentiment, Geopolitical Landscape Improves",2026-04-14,Decrypt,https://decrypt.co/364285/bitcoin-nears-75k-as-risk-on-sentiment-geopolitical-landscape-improves,,
"Why are US stock market futures up today, and will S&P 500, Dow Jones and Nasdaq stay in green or turn red again? Wall Street futures, US stocks to watch, analysts insights, market outlook",2026-04-14,The Times of India,https://economictimes.indiatimes.com/news/international/us/why-are-us-stock-market-futures-up-today-and-will-sp-500-dow-jones-and-nasdaq-stay-in-green-or-turn-red-again-wall-street-futures-us-stocks-to-watch-analysts-insights-market-outlook/articleshow/130255926.cms,,
What is happening in U.S.-Iran blockade markets? #world,2026-04-14,Alltoc.com,https://alltoc.com/world/what-is-happening-in-u-s-iran-blockade-markets,,
Where to park your cash in 2026: 8 smart places to grow and protect your money,2026-04-14,The Times of India,https://economictimes.indiatimes.com/news/international/us/where-to-park-your-cash-in-2026-8-smart-places-to-grow-and-protect-your-money/articleshow/130261536.cms,,
Gold Rises as Traders Weigh Renewed Push for US-Iran Talks,2026-04-14,Financial Post,https://financialpost.com/pmn/business-pmn/gold-rises-as-traders-weigh-renewed-push-for-us-iran-talks,,
Iran war ignites prices at the wholesale level in the US,2026-04-14,Associated Press,https://apnews.com/article/inflation-oil-gasoline-inflation-trump-6990c9ca0e19553b40c13af11b9c575b,,
Under pressure: Tracking the pain in G7 government debt,2026-04-14,CNA,https://www.channelnewsasia.com/business/under-pressure-tracking-pain-in-g7-government-debt-6055376,,
Fed nominee Kevin Warsh's financial disclosures point to over $100 million in assets,2026-04-14,The Times of India,https://economictimes.indiatimes.com/markets/us-stocks/news/fed-nominee-kevin-warshs-financial-disclosures-point-to-over-100-million-in-assets/articleshow/130261608.cms,,
What are Iran’s $100bn in frozen assets and where are they held?,2026-04-15,Al Jazeera English,https://www.aljazeera.com/news/2026/4/15/what-are-irans-100bn-in-frozen-assets-and-where-are-they-held,,
Jeanine Pirro pursues Fed pressure while clock ticks on her appeal in Powell probe,2026-04-15,CNBC,https://www.cnbc.com/2026/04/15/fed-justice-jeanine-pirro-jerome-powell-investigation.html,,
DOJ officials attempt to 'tour' the Fed's renovations as probe stalls,2026-04-15,NBC News,https://www.nbcnews.com/business/economy/justice-department-tour-fed-renovation-rcna331878,,
Federal Spending Rises to Post-Covid High in Wake of DOGE Failure,2026-04-15,Shtfplan.com,https://www.shtfplan.com/economics/federal-spending-rises-to-post-covid-high-in-wake-of-doge-failure,,
Trump Warns He’ll ‘Fire’ Fed Chair If He Refuses to Leave Until DOJ Probe Ends: ‘I Hate to Be Controversial’,2026-04-15,Mediaite,https://www.mediaite.com/media/tv/trump-warns-hell-fire-fed-chair-if-he-refuses-to-leave-until-doj-probe-ends-i-hate-to-be-controversial/,,
Trump says he will fire Fed chair Powell if he stays beyond mandate,2026-04-15,CNA,https://www.channelnewsasia.com/world/fed-chair-jerome-powell-trump-term-ends-6058636,,
Trump threatens to fire Powell if the Fed chair doesn't leave office on his own,2026-04-15,CNBC,https://www.cnbc.com/2026/04/15/trump-threatens-to-fire-powell-if-the-fed-chair-doesnt-leave-office-on-his-own.html,,
Cleveland Fed President Hammack expects interest rates to stay on hold 'for a good while',2026-04-15,CNBC,https://www.cnbc.com/2026/04/15/cleveland-fed-president-hammack-expects-interest-rates-to-stay-on-hold-for-a-good-while.html,,
What could mortgage interest rates look like by the end of 2026?,2026-04-15,CBS News,https://www.cbsnews.com/news/what-mortgage-interest-rates-look-like-end-2026-experts-predict/,,
"Iran talks, crude slide lift Sensex up 1,274 points; IndiGo, Hindalco lead rally",2026-04-15,BusinessLine,https://www.thehindubusinessline.com/markets/stock-markets/iran-talks-crude-slide-lift-sensex-up-1274-points-indigo-hindalco-lead-rally/article70863769.ece,,
Trump says will fire Fed chair if he stays beyond mandate,2026-04-15,RTE,https://www.rte.ie/news/business/2026/0415/1568370-trump-says-will-fire-fed-chair-if-he-stays-beyond-mandate/,,
"Analysis:Dollar sheds bulk of Iran war premium, but few expect a sharper drop",2026-04-15,CNA,https://www.channelnewsasia.com/business/analysisdollar-sheds-bulk-iran-war-premium-few-expect-sharper-drop-6058266,,
Trump says ‘I’ll have to fire’ Fed Chair Powell if he doesn’t step down on time,2026-04-15,The Times of India,https://economictimes.indiatimes.com/news/international/global-trends/trump-says-ill-have-to-fire-fed-chair-powell-if-he-doesnt-step-down-on-time/articleshow/130284709.cms,,
Dollar nears six-week lows as hopes of Iran talks erase war premium,2026-04-15,CNA,https://www.channelnewsasia.com/business/dollar-nears-six-week-lows-hopes-iran-talks-erase-war-premium-6057086,,
"Prosecutors from Pirro's office tried to access Fed headquarters, but were turned away",2026-04-15,CBS News,https://www.cbsnews.com/news/prosecutors-jeanine-pirro-office-visit-federal-reserve-headquarters-jerome-powell/,,
Blanche torches Trump foe Boasberg after appeals court blocks judge again in deportation fight,2026-04-15,Fox News,https://www.foxnews.com/politics/blanche-torches-trump-foe-boasberg-after-appeals-court-blocks-judge-again-deportation-fight,,
Gold rises 60% since last Akshaya Tritiya. Should you invest this year amid Iran war uncertainty?,2026-04-15,The Times of India,https://economictimes.indiatimes.com/markets/commodities/news/gold-rises-60-since-last-akshaya-tritiya-should-you-invest-this-year-amid-iran-war-uncertainty/articleshow/130280216.cms,,
M&T Bank Q1 Earnings Call Highlights,2026-04-15,MarketBeat,https://www.marketbeat.com/instant-alerts/mt-bank-q1-earnings-call-highlights-2026-04-15/?utm_source=yahoofinance&amp;utm_medium=yahoofinance,,
The chief strategist at $5.7 trillion State Street shares 4 trades investors should pile into right now,2026-04-15,Business Insider,https://www.businessinsider.com/where-to-invest-now-technology-energy-materials-gold-state-street-2026-4,,
Trump Teases End to Iran War; 'Historic' Israel-Lebanon Talks,2026-04-15,Omny.fm,https://omny.fm/shows/bloomberg-daybreak/trump-teases-end-to-iran-war-historic-israel-lebanon-talks,,
"Rogoff Calls Dollar 20% Overvalued, Warns Markets ‘Naive’ on War",2026-04-15,Financial Post,https://financialpost.com/pmn/business-pmn/rogoff-calls-dollar-20-overvalued-warns-markets-naive-on-war,,
"Why is stock market rising today? Sensex soars 1,200 points, Nifty above 24,200. 5 key factors explained",2026-04-15,The Times of India,https://economictimes.indiatimes.com/markets/stocks/news/why-is-stock-market-rising-today-sensex-soars-1200-points-nifty-above-24200-5-key-factors/articleshow/130272488.cms,,
"Cleveland Fed’s Hammack warns of inflation target misses, supply shocks",2026-04-15,Crypto Briefing,https://cryptobriefing.com/cleveland-feds-hammack-warns-of-inflation-target-misses-supply-shocks/,,
"US Fed's Beth Hammack says rates likely on hold 'for a good while', CNBC reports",2026-04-15,The Times of India,https://economictimes.indiatimes.com/markets/us-stocks/news/us-feds-beth-hammack-says-rates-likely-on-hold-for-a-good-while-cnbc-reports/articleshow/130286370.cms,,
Trump's Fed chair nominee to face Senate confirmation hearing next week,2026-04-15,The Times of India,https://economictimes.indiatimes.com/news/international/global-trends/trumps-fed-chair-nominee-to-face-senate-confirmation-hearing-next-week/articleshow/130270970.cms,,
US Stock Market Today | Dow Jones | Nasdaq Live: US stocks future hold steady with earnings in focus,2026-04-15,Economictimes.com,https://m.economictimes.com/markets/us-stocks/news/us-stock-market-live-dow-jones-sp-500-nasdaq-trump-iran-war-blockade-talks-brent-crude-oil-bank-corporate-earnings-stock-price-news/liveblog/130283559.cms,,
"FTSE 100 Slips Below 10,600 as Iran Deal Hopes Ease Oil Rally but Tariff Fears Linger",2026-04-15,Ibtimes.com.au,https://www.ibtimes.com.au/ftse-100-slips-below-10600-iran-deal-hopes-ease-oil-rally-tariff-fears-linger-1866672,,
Trump threatens to fire Fed chair as criminal probe dims outlook of his departure,2026-04-15,NBC News,https://www.nbcnews.com/politics/donald-trump/jerome-powell-fire-fed-chair-criminal-doj-probe-rcna331944,,
Plumas Bancorp Reports Record First Quarter 2026 Results,2026-04-15,GlobeNewswire,https://www.globenewswire.com/news-release/2026/04/15/3274470/33011/en/Plumas-Bancorp-Reports-Record-First-Quarter-2026-Results.html,,
"What are today's mortgage interest rates: April 15, 2026?",2026-04-15,CBS News,https://www.cbsnews.com/news/todays-mortgage-interest-rates-april-15-2026/,,
"Wall Street scales highs, oil drops on hopes for renewed US-Iran talks",2026-04-15,The Times of India,https://economictimes.indiatimes.com/markets/stocks/news/wall-street-scales-highs-oil-drops-on-hopes-for-renewed-us-iran-talks/articleshow/130271058.cms,,
Trump’s Fed Pick Is Knee Deep in Tech and Crypto Investments,2026-04-15,Gizmodo.com,https://gizmodo.com/trumps-fed-pick-is-knee-deep-in-tech-and-crypto-investments-2000746508,,
Tillis vows to keep blocking Fed nominee and says Trump should apologize for pope attacks,2026-04-15,NBC News,https://www.nbcnews.com/politics/congress/tillis-vows-keep-blocking-fed-nominee-says-trump-apologize-pope-attack-rcna258751,,
Why Jerome Powell — not Trump — will decide when the Fed chief steps down,2026-04-15,CBS News,https://www.cbsnews.com/news/trump-threatens-fire-fed-chair-jerome-powell-legal-hurdles/,,
US-Iran ceasefire boosts confidence in S&P 500 positive open April 14,2026-04-15,Crypto Briefing,https://cryptobriefing.com/us-iran-ceasefire-boosts-confidence-in-sp-500-positive-open-april-14/,,
Morgan Stanley has a blunt message on S&P 500,2026-04-15,TheStreet,https://www.thestreet.com/investing/morgan-stanley-has-a-blunt-message-on-sampp-500-market-correction,,
"Great Southern Bancorp, Inc. Reports Preliminary First Quarter Earnings of $1.58 Per Diluted Common Share",2026-04-15,GlobeNewswire,https://www.globenewswire.com/news-release/2026/04/15/3274975/0/en/Great-Southern-Bancorp-Inc-Reports-Preliminary-First-Quarter-Earnings-of-1-58-Per-Diluted-Common-Share.html,,
"Wall Street hits record as S&P 500 continues 2-week rally, boosted by hopes for Iran war's end",2026-04-15,PBS,https://www.pbs.org/newshour/economy/wall-street-hits-record-as-sp-500-continues-2-week-rally-boosted-by-hopes-for-iran-wars-end,,
The key deadlines that could shape the future of the Iran war: From the Politics Desk,2026-04-15,NBC News,https://www.nbcnews.com/politics/politics-news/key-deadlines-shape-future-iran-war-politics-desk-rcna332069,,
Trump administration's Federal Reserve HQ probe escalates with unannounced site visit by prosecutors,2026-04-15,Fox News,https://www.foxnews.com/politics/trump-administrations-federal-reserve-hq-probe-escalates-unannounced-site-visit-prosecutors,,
"US stocks today: S&P 500, Nasdaq push to closing records on earnings and Middle East optimism",2026-04-15,The Times of India,https://economictimes.indiatimes.com/markets/us-stocks/news/us-stocks-today-sp-500-nasdaq-push-to-closing-records-on-earnings-and-middle-east-optimism/articleshow/130293102.cms,,
"Iran war puts US companies in wait-and-see mode, Fed Beige Book says",2026-04-15,The Times of India,https://economictimes.indiatimes.com/markets/us-stocks/news/iran-war-puts-us-companies-in-wait-and-see-mode-fed-beige-book-says/articleshow/130292594.cms,,
"‘I’ll Have To Fire Him’: Trump Won’t End Probe, Says Fed Chair Must Step Down Or Else",2026-04-15,The Daily Caller,https://dailycaller.com/2026/04/15/ill-have-to-fire-him-trump-wont-end-probe-says-fed-chair-must-step-down-or-else/,,
What is happening with Trump and Fed Powell? #world,2026-04-15,Alltoc.com,https://alltoc.com/world/what-is-happening-with-trump-and-fed-powell,,
Goldman Sachs bond traders stumbled as Wall Street rivals thrived: 'A fire is being lit under' them,2026-04-15,CNBC,https://www.cnbc.com/2026/04/15/goldman-sachs-bond-traders-wall-street-rivals.html,,
CNN panel busts out laughing as Trump DOJ makes president's life harder,2026-04-15,Raw Story,https://www.rawstory.com/trump-doj-2676748820/,,
"Gold price drops 0.7% to $4,807 today—should investors panic now as gold and silver prices risk a 10% crash with US-Iran deal still out of sight and crude oil threat rising?",2026-04-15,The Times of India,https://economictimes.indiatimes.com/news/international/us/gold-price-drops-0-7-to-4807-todayshould-investors-panic-now-as-gold-and-silver-prices-risk-a-10-crash-with-us-iran-deal-still-out-of-sight-and-crude-oil-threat-rising/articleshow/130291567.cms,,
IMF: War threatens to turbocharge looming government debt crisis,2026-04-15,POLITICO.eu,https://www.politico.eu/article/imf-war-threatens-turbocharge-looming-government-debt-crisis/,,
Pirro Prosecutors Turned Away From Fed Headquarters,2026-04-15,Daily Signal,https://www.dailysignal.com/2026/04/15/pirro-prosecutors-turned-away-from-fed-headquarters/,,
Here are all the ways the Iran war has affected the U.S. economy so far,2026-04-15,CNBC,https://www.cnbc.com/2026/04/15/here-are-all-the-ways-the-iran-war-has-affected-the-us-economy-so-far.html,,
Trump Threatens To Fire Powell If He Stays Beyond May,2026-04-15,OilPrice.com,https://oilprice.com/Latest-Energy-News/World-News/Trump-Threatens-To-Fire-Powell-If-He-Stays-Beyond-May.html,,
"WATCH LIVE: Bessent, Loeffler join White House briefing on Tax Day",2026-04-15,PBS,https://www.pbs.org/newshour/politics/watch-live-bessent-loeffler-join-white-house-briefing-on-tax-day,,
Trump Steers Right Into Damaging Feud With Jerome Powell,2026-04-15,New York Magazine,http://nymag.com/intelligencer/article/trump-steers-right-into-damaging-feud-with-jerome-powell.html,,
Treasuries Rally Stalls With Yields Near Past Month’s Lows,2026-04-15,Financial Post,https://financialpost.com/pmn/business-pmn/treasuries-rally-stalls-with-yields-near-past-months-lows,,
Citi’s new CFO touts AI gains as bank posts record $24.6 billion revenue quarter: ‘This is not the spell-checker working better’,2026-04-15,Fortune,https://fortune.com/2026/04/15/citi-new-cfo-touts-ai-gains-bank-posts-record-24-6-billion-revenue-quarter/,,
Trump escalates threats to fire US Federal Reserve Chair Powell,2026-04-15,Al Jazeera English,https://www.aljazeera.com/economy/2026/4/15/trump-escalates-threats-to-fire-us-federal-reserve-chair-powell,,
Once again Trump threatens to fire Fed Chair Jerome Powell,2026-04-15,NPR,https://www.npr.org/2026/04/15/nx-s1-5786478/trump-federa-reserve-jerome-powell,,
"Donald Trump threatens to fire Fed Chair Jerome Powell after May 15, $3–4 billion building probe and Senate delay deepen crisis",2026-04-15,The Times of India,https://economictimes.indiatimes.com/news/international/us/donald-trump-threatens-to-fire-fed-chair-jerome-powell-after-may-15-34-billion-building-probe-and-senate-delay-deepen-crisis/articleshow/130287653.cms,,
"Crypto, AI Investments Surface In Fed Chair Nominee’s Financial Disclosure",2026-04-15,Bitcoinist,https://bitcoinist.com/crypto-ai-investments-surface-in-fed-chair-nominees-financial-disclosure/,,
Fed Beige Book Shows America Has 2 Economies Right Now,2026-04-15,pymnts.com,https://www.pymnts.com/economy/2026/fed-beige-book-shows-america-has-2-economies-right-now/,,
Should you lock in a mortgage rate before the April Fed meeting?,2026-04-15,CBS News,https://www.cbsnews.com/news/lock-mortgage-rate-april-2026-fed-meeting/,,
Gold Pares Gains as Traders Assess Progress on War Truce,2026-04-16,Financial Post,https://financialpost.com/pmn/business-pmn/gold-pares-gains-as-traders-assess-progress-on-war-truce,,
"UK bond yield hits highest since 2008 amid inflation, geopolitical tensions",2026-04-16,Crypto Briefing,https://cryptobriefing.com/uk-bond-yield-hits-highest-since-2008-amid-inflation-geopolitical-tensions/,,
FFB Bancorp Announces First Quarter 2026 Results:,2026-04-16,GlobeNewswire,https://www.globenewswire.com/news-release/2026/04/16/3275790/0/en/FFB-Bancorp-Announces-First-Quarter-2026-Results.html,,
Goldman’s bond desk posts embarrassing drop as Wall Street rivals soar: ‘A fire is being lit under the traders’,2026-04-16,New York Post,https://nypost.com/2026/04/16/business/goldmans-bond-desk-posts-embarrassing-drop-as-wall-street-rivals-soar/,,
Bitcoin funding rate stays negative even as BTC price trades above $75K: What gives?,2026-04-16,Cointelegraph,https://cointelegraph.com/markets/bitcoin-funding-rate-stays-negative-even-as-btc-price-trades-above-75k-what-gives,,
S&P 500 Climbs to Fresh Record High Near 7038 as Tech Earnings Optimism Overshadows Geopolitical Risks,2026-04-16,Ibtimes.com.au,https://www.ibtimes.com.au/sp-500-climbs-fresh-record-high-near-7038-tech-earnings-optimism-overshadows-geopolitical-risks-1866774,,
When will mortgage rates reach 5%? #world,2026-04-16,Alltoc.com,https://alltoc.com/world/when-will-mortgage-rates-reach-5,,
Peter Schiff was right about the 2008 housing market crash. Now he’s predicting the next crisis. Are you prepared?,2026-04-16,Yahoo Entertainment,https://finance.yahoo.com/economy/policy/articles/peter-schiff-2008-housing-market-121500940.html,,
US Fed's John Williams says Iran war is already driving up inflation pressures,2026-04-16,The Times of India,https://economictimes.indiatimes.com/markets/us-stocks/news/us-feds-john-williams-says-iran-war-is-already-driving-up-inflation-pressures/articleshow/130311248.cms,,
Sen. Warren calls for greater transparency into Federal Reserve nominee's financial holdings,2026-04-16,TwinCities.com-Pioneer Press,https://www.twincities.com/2026/04/16/warsh-fed-nominee-assets-disclosure-hearing-warren/,,
Trading Day: Nasdaq notches 12-day winning streak as Middle East peace talks progress,2026-04-16,CNA,https://www.channelnewsasia.com/business/trading-day-nasdaq-notches-12-day-winning-streak-middle-east-peace-talks-progress-6062136,,
Paying for a funeral would force more than half of Americans into debt: study,2026-04-16,New York Post,https://nypost.com/2026/04/16/business/paying-for-a-funeral-would-force-more-than-half-of-americans-into-debt-study/,,
Bitcoin hits $75K as US-Iran de-escalation boosts risk appetite,2026-04-16,Crypto Briefing,https://cryptobriefing.com/bitcoin-hits-75k-as-us-iran-de-escalation-boosts-risk-appetite/,,
"Dow Jones Hits 48,592 Amid Iran Ceasefire Hopes as Markets Eye Diplomatic Breakthrough",2026-04-16,Ibtimes.com.au,https://www.ibtimes.com.au/dow-jones-hits-48592-amid-iran-ceasefire-hopes-markets-eye-diplomatic-breakthrough-1866755,,
Trump caught in no-win situation as his plot to oust his own nominee said to be backfiring,2026-04-16,Raw Story,https://www.rawstory.com/trump-powell-2676750780/,,
How Trump’s repeated efforts to fire Federal Reserve Chair Powell harm the economy – and make battling inflation harder,2026-04-16,The Conversation Africa,https://theconversation.com/how-trumps-repeated-efforts-to-fire-federal-reserve-chair-powell-harm-the-economy-and-make-battling-inflation-harder-280766,,
Bitcoin’s recovery hits a Fed ceiling with no sign of cheaper money,2026-04-16,CryptoSlate,https://cryptoslate.com/bitcoins-recovery-hits-fed-ceiling-with-no-cheaper-money-rates/,,
"What are today's mortgage interest rates: April 16, 2026?",2026-04-16,CBS News,https://www.cbsnews.com/news/todays-mortgage-interest-rates-april-16-2026/,,
"Stocks are back at records, but some investing pros think the oil shock is still a big problem for markets",2026-04-16,Business Insider,https://www.businessinsider.com/stock-market-record-high-oil-prices-iran-war-trump-inflation-2026-4,,
"Why are gold and silver prices up today, and will precious metals continue to rise or fall again? Analysts insights, market outlook and what should investors do now",2026-04-16,The Times of India,https://economictimes.indiatimes.com/news/international/us/why-are-gold-and-silver-prices-up-today-and-will-precious-metals-continue-to-rise-or-fall-again-analysts-insights-market-outlook-and-what-should-investors-do-now/articleshow/130301374.cms,,
Upstart Stock Down 44% in 2026: Buy the AI Lending Recovery or Sell Before Q1 Earnings Reality Hits?,2026-04-16,Ibtimes.com.au,https://www.ibtimes.com.au/upstart-stock-down-44-2026-buy-ai-lending-recovery-sell-before-q1-earnings-reality-hits-1866728,,
"Trump puts Fed Chair Jerome Powell on notice, threatens to fire him if he doesn’t resign by May 15",2026-04-16,Naturalnews.com,https://www.naturalnews.com/2026-04-16-trump-threatens-to-fire-fed-chair.html,,
GOP senator refuses to be bullied by Trump in nomination fight: 'I'm not dead yet',2026-04-16,Raw Story,https://www.rawstory.com/trump-tillis-2676750794/,,
"Tech stocks drive NASDAQ, S&P 500 to records; Bitcoin hits $75K",2026-04-16,Crypto Briefing,https://cryptobriefing.com/tech-stocks-drive-nasdaq-sp-500-to-records-bitcoin-hits-75k/,,
Bitcoin exchange inflows hit 11K BTC/hour as price reaches $76K resistance,2026-04-16,Crypto Briefing,https://cryptobriefing.com/bitcoin-exchange-inflows-hit-11k-btchour-as-price-reaches-76k-resistance/,,
SoundHound AI Stock Soars 12% on Short Squeeze Hopes: Buy the Voice AI Momentum or Sell?,2026-04-16,Ibtimes.com.au,https://www.ibtimes.com.au/soundhound-ai-stock-soars-12-short-squeeze-hopes-buy-voice-ai-momentum-sell-1866725,,
"Bitcoin accumulation hits 373,000 BTC amid geopolitical tensions",2026-04-16,Crypto Briefing,https://cryptobriefing.com/bitcoin-accumulation-hits-373000-btc-amid-geopolitical-tensions/,,
"Bitcoin rally pauses near $75K amid US-Iran tensions, inflation hedge role",2026-04-16,Crypto Briefing,https://cryptobriefing.com/bitcoin-rally-pauses-near-75k-amid-us-iran-tensions-inflation-hedge-role/,,
'Why is this so hard to understand?' WSJ editors fed up as Trump reopens 'vendetta',2026-04-16,Raw Story,https://www.rawstory.com/trump-fed-2676749591/,,
The Minimum Net Worth of Middle-Class Couples Approaching Retirement,2026-04-17,Yahoo Entertainment,https://finance.yahoo.com/markets/articles/minimum-net-worth-middle-class-105505232.html,,
"Gold price market eyes $8,000 by June amid oil price surge",2026-04-17,Crypto Briefing,https://cryptobriefing.com/gold-price-market-eyes-8000-by-june-amid-oil-price-surge/,,
"Iran’s Oil Crisis Is Fueling Inflation, Major Banks Say Gold Is Next",2026-04-17,Breitbart News,https://www.breitbart.com/politics/2026/04/17/irans-oil-crisis-is-fueling-inflation-major-banks-say-gold-is-next/,,
Here’s how Wall Street is betting Trump’s battle over the Fed will pan out,2026-04-17,New York Post,https://nypost.com/2026/04/17/business/heres-how-wall-street-is-betting-trumps-battle-over-the-fed-will-pan-out/,,
"Best money market account rates today, April 17, 2026 (up to 4.01% APY return)",2026-04-17,Yahoo Entertainment,https://finance.yahoo.com/personal-finance/banking/article/best-money-market-account-rates-today-friday-april-17-2026-100000051.html,,
"Why are US stock market futures up now, and will Dow Jones, S&P 500 and Nasdaq continue to stay in green or turn red again? Wall Street futures, US stocks to watch, analysts insights, market outlook and what should investors do now",2026-04-17,The Times of India,https://economictimes.indiatimes.com/news/international/us/why-are-us-stock-market-futures-up-now-and-will-dow-jones-sp-500-and-nasdaq-continue-to-stay-in-green-or-turn-red-again-wall-street-futures-us-stocks-to-watch-analysts-insights-market-outlook-and-what-should-investors-do-now/articleshow/130329618.cms,,
"Private Bancorp of America, Inc. Announces Continued Strong Net Income for First Quarter 2026",2026-04-17,GlobeNewswire,https://www.globenewswire.com/news-release/2026/04/17/3276117/0/en/Private-Bancorp-of-America-Inc-Announces-Continued-Strong-Net-Income-for-First-Quarter-2026.html,,
"Will gold price reach $4,900 or fall towards $4,500 and silver rate touch $90 or slip below $60 this month? Market outlook, analysts insights and investor strategy",2026-04-17,The Times of India,https://economictimes.indiatimes.com/news/international/us/will-gold-price-reach-4900-or-fall-towards-4500-and-silver-rate-touch-90-or-slip-below-60-this-month-market-outlook-analysts-insights-and-investor-strategy/articleshow/130328710.cms,,
The Financial Product That Blew Up the Global Economy Is Back,2026-04-17,The New Republic,https://newrepublic.com/article/209166/credit-default-swaps-financial-crisis,,
"Bitcoin Price Today: BTC Surges Past $75,000 in 2026 Amid Geopolitical Tensions and ETF Inflows",2026-04-17,Ibtimes.com.au,https://www.ibtimes.com.au/bitcoin-price-today-btc-surges-past-75000-2026-amid-geopolitical-tensions-etf-inflows-1866850,,
The Scapegoat Scam,2026-04-17,The Atlantic,https://www.theatlantic.com/ideas/2026/04/hungary-orban-loss/686832/,,
Sen. Warren calls for greater transparency into Federal Reserve nominee's financial holdings,2026-04-17,Abcnews.com,https://abcnews.com/Business/wireStory/sen-warren-calls-greater-transparency-federal-reserve-nominees-132115422,,
Dollar set for second weekly loss on Iran war peace hopes,2026-04-17,CNA,https://www.channelnewsasia.com/business/dollar-set-second-weekly-loss-iran-war-peace-hopes-6062516,,
Beyond the memes: Understanding the unique roles of gold and Bitcoin,2026-04-17,New York Post,https://nypost.com/business/gold-vs-bitcoin-inflation-hedge/,,
Is the Dollar Collapsing? 8 Key Indicators You Can’t Ignore,2026-04-17,Activistpost.com,https://www.activistpost.com/is-the-dollar-collapsing-8-key-indicators-you-cant-ignore/,,
9 Reasons Why The Bitcoin Bottom May Already Be In: Expert,2026-04-17,newsBTC,http://www.newsbtc.com/bitcoin-news/9-reasons-why-bitcoin-bottom-may-be-in-expert/,,
Iran peace talk optimism trips dollar for second straight week,2026-04-17,CNA,https://www.channelnewsasia.com/business/iran-peace-talk-optimism-trips-dollar-second-straight-week-6062516,,
"Ex-Treasury chief warns of US bond crash, calls for contingency plan",2026-04-17,Cointelegraph,https://cointelegraph.com/news/ex-treasury-chief-warns-us-treasurys-crash-calls-emergency-debt-plan,,
"Gold holds steady, eyes fourth weekly gain on US-Iran peace deal hopes",2026-04-17,BusinessLine,https://www.thehindubusinessline.com/markets/gold/gold-holds-steady-eyes-fourth-weekly-gain-on-us-iran-peace-deal-hopes/article70872364.ece,,
The American Empire Will End in Poverty and Despair,2026-04-17,Naturalnews.com,https://www.naturalnews.com/2026-04-17-american-empire-will-end-in-poverty-despair.html,,
BlackRock clients buy $81.7M Bitcoin amid geopolitical tensions,2026-04-17,Crypto Briefing,https://cryptobriefing.com/blackrock-clients-buy-817m-bitcoin-amid-geopolitical-tensions/,,
Gold Heads for Fourth Weekly Gain on Optimism for US-Iran Truce,2026-04-17,Financial Post,https://financialpost.com/pmn/business-pmn/gold-heads-for-fourth-weekly-gain-on-optimism-for-us-iran-truce,,
"Breitbart Business Digest: What Economic Uncertainty? Jobless Data Exceeds Expectations, Shows Resilient Labor Market",2026-04-17,Breitbart News,https://www.breitbart.com/economy/2026/04/16/breitbart-business-digest-what-economic-uncertainty-jobless-data-exceeds-expectations-shows-resilient-labor-market/,,
Market shock ahead? Ex-Treasury secretary warns of ‘vicious’ bond crash coming,2026-04-17,The Times of India,https://economictimes.indiatimes.com/news/international/us/market-shock-ahead-ex-treasury-secretary-warns-of-vicious-bond-crash-coming/articleshow/130332784.cms,,
Gold eyes fourth weekly gain on hopes of US-Iran peace deal,2026-04-17,The Times of India,https://economictimes.indiatimes.com/markets/commodities/news/gold-eyes-fourth-weekly-gain-on-hopes-of-us-iran-peace-deal/articleshow/130320810.cms,,
"Take Five - Warsh, war and worsening conditions?",2026-04-17,RTE,https://www.rte.ie/news/business/2026/0417/1568733-take-five-warsh-war-and-worsening-conditions/,,
"The $39 trillion national debt could break the all-important U.S. bond market, sparking a ‘vicious’ emergency, former Treasury secretary warns",2026-04-17,Fortune,https://fortune.com/2026/04/17/us-national-debt-threatens-treasury-market-henry-paulson/,,
What’s happening with mortgage rate right now— should you lock before the April Fed meeting or wait for lower home loan rates?,2026-04-17,The Times of India,https://economictimes.indiatimes.com/news/international/us/whats-happening-with-mortgage-rate-right-now-should-you-lock-before-the-april-fed-meeting-or-wait-for-lower-home-loan-rates/articleshow/130339730.cms,,
What crisis? Why stocks are ignoring the economy,2026-04-17,ABC News (AU),https://www.abc.net.au/news/2026-04-18/why-the-stock-market-is-surging-and-ignoring-the-economy/106573058,,
Fed’s Waller signals caution on rate cuts,2026-04-17,OCRegister,https://www.ocregister.com/2026/04/17/feds-waller-signals-caution-on-rate-cuts-sees-risk-of-longer-conflict/,,
"VALUE LINE, INC. DIVIDEND HAS JUST BEEN RAISED FROM $1.30 TO $1.40 (ANNUALIZED) – ITS 12TH CONSECUTIVE INCREASE",2026-04-17,GlobeNewswire,https://www.globenewswire.com/news-release/2026/04/17/3276480/0/en/VALUE-LINE-INC-DIVIDEND-HAS-JUST-BEEN-RAISED-FROM-1-30-TO-1-40-ANNUALIZED-ITS-12TH-CONSECUTIVE-INCREASE.html,,
Sounding the Alarm on American Debt,2026-04-17,Dailyreckoning.com,https://dailyreckoning.com/sounding-the-alarm-on-american-debt/,,
"News of the day: Gas price shock, AI risks, 10-year mortgages, retirement savings, internal job postings and more",2026-04-17,Financial Post,https://financialpost.com/uncategorized/news-of-the-day-gas-price-shock-ai-risks-10-year-mortgages-retirement-savings-internal-job-postings-and-more,,
"US import prices rise amid Iran tensions, fueling gold’s appeal as inflation hedge",2026-04-17,Crypto Briefing,https://cryptobriefing.com/us-import-prices-rise-amid-iran-tensions-fueling-golds-appeal-as-inflation-hedge/,,
The American Empire Will End in Poverty and Despair,2026-04-17,Shtfplan.com,https://www.shtfplan.com/headline-news/the-american-empire-will-end-in-poverty-and-despair,,
"What are today's mortgage interest rates: April 17, 2026?",2026-04-17,CBS News,https://www.cbsnews.com/news/todays-mortgage-interest-rates-april-17-2026/,,
"Dow Surges Toward 49,000 Milestone as Ceasefire Hopes Ease Geopolitical Fears on Wall Street",2026-04-17,Ibtimes.com.au,https://www.ibtimes.com.au/dow-surges-toward-49000-milestone-ceasefire-hopes-ease-geopolitical-fears-wall-street-1866867,,
"Oil is back to early war days, S&P 500 jumps to all-time high",2026-04-17,Fortune,https://fortune.com/2026/04/17/oil-is-back-to-early-war-days-sp-500-jumps-to-all-time-high/,,
"Waller, One Transitory Shock After Another",2026-04-17,Federalreserve.gov,https://www.federalreserve.gov/newsevents/speech/waller20260417a.htm,,
Analysis:BOJ's hawkish hints keep rate hike on the cards,2026-04-17,CNA,https://www.channelnewsasia.com/business/analysisbojs-hawkish-hints-keep-rate-hike-cards-6063991,,
Fed Governor Waller says Iran war and labor market risks are keeping central bank on hold,2026-04-17,CNBC,https://www.cnbc.com/2026/04/17/fed-governor-waller-says-iran-war-and-labor-market-risks-are-keeping-central-bank-on-hold.html,,
US-Iran conflict impacts Fed rate cut expectations for December 2026,2026-04-17,Crypto Briefing,https://cryptobriefing.com/us-iran-conflict-impacts-fed-rate-cut-expectations-for-december-2026/,,
How Trump Undermines Trump,2026-04-17,The American Prospect,http://prospect.org/2026/04/17/how-trump-undermines-trump-jerome-powell-federal-reserve/,,
Apple Stock: Why the Dow’s Best-Looking Chart Is Rotting from the Inside Out,2026-04-17,Barchart.com,https://www.barchart.com/story/news/1371238/apple-stock-why-the-dows-best-looking-chart-is-rotting-from-the-inside-out,,
"How much interest can a $10,000 CD account earn now vs. April 2025?",2026-04-17,CBS News,https://www.cbsnews.com/news/interest-10000-cd-account-earn-april-2026-2025/,,
Tesla Stock Rockets 4.7% to $407 as AI Chip Hopes and Autonomy Bets Ignite Investor Optimism,2026-04-17,Ibtimes.com.au,https://www.ibtimes.com.au/tesla-stock-rockets-47-407-ai-chip-hopes-autonomy-bets-ignite-investor-optimism-1866895,,
Foam cup heir Kenneth Dart hits 25% stake in Flutter,2026-04-17,The Irish Times,https://www.irishtimes.com/business/2026/04/18/foam-cup-heir-kenneth-dart-nears-25-stake-in-flutter/,,
Treasuries Rally as Oil Tumbles on Mideast Peace Deal Optimism,2026-04-17,Financial Post,https://financialpost.com/pmn/business-pmn/treasuries-rally-as-oil-tumbles-on-mideast-peace-deal-optimism,,
How to use money market funds in your portfolio,2026-04-17,OCRegister,https://www.ocregister.com/2026/04/17/how-to-use-money-market-funds/,,
World shares mixed and oil falls after Wall Street sets another record on cease-fire hopes,2026-04-17,The Boston Globe,https://www.bostonglobe.com/2026/04/17/business/global-markets-oil-war-iran/,,
Henry Paulson suggests U.S. make a break-glass Treasuries plan,2026-04-17,Financial Post,https://financialpost.com/news/economy/henry-paulson-suggests-u-s-treasuries-plan,,
Chino Commercial Bancorp Reports 24.7% Increase in Net Earnings,2026-04-17,GlobeNewswire,https://www.globenewswire.com/news-release/2026/04/17/3276421/0/en/Chino-Commercial-Bancorp-Reports-24-7-Increase-in-Net-Earnings.html,,
Stocks Rally as Oil Plunges on Reopening of Hormuz Strait,2026-04-17,Financial Post,https://financialpost.com/pmn/business-pmn/stocks-rally-as-oil-plunges-on-reopening-of-hormuz-strait,,
5 world market themes for the week ahead,2026-04-18,The Times of India,https://economictimes.indiatimes.com/markets/us-stocks/news/5-world-market-themes-for-the-week-ahead/articleshow/130346710.cms,,
Akshaya Tritiya 2026 gold outlook: Which trends are expected to shape gold purchases this Akshaya Tritiya?,2026-04-18,The Times of India,https://economictimes.indiatimes.com/wealth/invest/akshaya-tritiya-2026-gold-outlook-which-trends-are-expected-to-shape-gold-purchases-this-akshaya-tritiya/articleshow/130348961.cms,,
XRP Rallies Toward $1.50—Expert Cites 3 Dates That Could Decide The Next Direction,2026-04-18,newsBTC,http://www.newsbtc.com/xrp-news/xrp-rallies-toward-1-50-expert-cites-3-dates-that-could-decide-the-next-direction/,,
"Oil Plunges Below $95 As The Dow Surges 1,300 In A Worldwide Rally After Ceasefire With Iran",2026-04-18,HuffPost,https://www.huffpost.com/entry/oil-plunges-below-95-as-the-dow-surges-1300-in-a-worldwide-rally-after-ceasefire-with-iran_n_69e2c7dae4b0555d213c5117,,
The Theft of Your Good Deflation,2026-04-18,Activistpost.com,https://www.activistpost.com/the-theft-of-your-good-deflation/,,
Wall Street Week Ahead: Surging record-high US stocks to wade deeper into earnings season,2026-04-18,The Times of India,https://economictimes.indiatimes.com/markets/us-stocks/news/wall-street-week-ahead-surging-record-high-us-stocks-to-wade-deeper-into-earnings-season/articleshow/130346693.cms,,
The IRS Deception: A radical blueprint for financial liberation,2026-04-18,Naturalnews.com,https://www.naturalnews.com/2026-04-18-the-irs-deception-radical-blueprint-financial-liberation.html,,
Gold surges on Hormuz news: Here’s what comes next,2026-04-18,TheStreet,https://www.thestreet.com/investing/gold-price-surges-on-hormuz-news-heres-what-comes-next,,
"US oil prices may cross $100 as Iran restricts Strait of Hormuz, surge odds hit 44%",2026-04-18,The Times of India,https://economictimes.indiatimes.com/news/international/us/us-oil-prices-may-cross-100-as-iran-restricts-strait-of-hormuz-surge-odds-hit-44/articleshow/130360078.cms,,
Gold price prediction: Bullion experts predict likely gold rate for next few months. Details here,2026-04-18,The Times of India,https://economictimes.indiatimes.com/news/international/us/gold-price-prediction-bullion-experts-predict-likely-gold-rate-for-next-few-months-details-here/articleshow/130353815.cms,,
Trump's 'out there' UFO rally outburst sets off laughter on MS NOW,2026-04-18,Raw Story,https://www.rawstory.com/trump-ufos/,,
Trump's Fed chair pressure has reached a 'disturbing' new level: analysis,2026-04-18,Raw Story,https://www.rawstory.com/trump-fed-2676761793/,,
Oil Prices Plunge Below $85 as Iran Reopens Strait of Hormuz in Major Market Relief,2026-04-18,Ibtimes.com.au,https://www.ibtimes.com.au/oil-prices-plunge-below-85-iran-reopens-strait-hormuz-major-market-relief-1866958,,
Market pros say load up on these 3 investments as the Strait of Hormuz reopening sets the economy up to roar,2026-04-18,Business Insider,https://www.businessinsider.com/where-to-invest-iran-war-strait-of-hormuz-stock-market-2026-4,,
"Jordi Visser: Secular bull market resilience, the Federal Reserve’s role in preventing downturns, and AI’s physical limits due to resource shortages | The Pomp Podcast",2026-04-18,Crypto Briefing,https://cryptobriefing.com/jordi-visser-secular-bull-market-resilience-the-federal-reserves-role-in-preventing-downturns-and-ais-physical-limits-due-to-resource-shortages-the-pomp-podcast/,,
Inflation Was Already Rising Before the War – Now the Real Surge Begins,2026-04-19,Activistpost.com,https://www.activistpost.com/inflation-was-already-rising-before-the-war-now-the-real-surge-begins/,,
US-Iran war and oil shock: What it means for markets and investors – Mark Lister,2026-04-19,New Zealand Herald,https://www.nzherald.co.nz/rotorua-daily-post/business/usiran-war-and-oil-shock-what-it-means-for-markets-and-investors/premium/LTX6MXADURDEZLVWA7SQ2LV4Y4/,,
Record $172.2B outflow from money markets as investors eye riskier assets,2026-04-19,Crypto Briefing,https://cryptobriefing.com/record-1722b-outflow-from-money-markets-as-investors-eye-riskier-assets/,,
Bitcoin falls below $75K as US-Iran peace talks collapse,2026-04-19,Crypto Briefing,https://cryptobriefing.com/bitcoin-falls-below-75k-as-us-iran-peace-talks-collapse/,,
"Bitcoin Holds Steady Above $74,000 as U.S. Inflation Climbs to 3.3%",2026-04-19,ZyCrypto,https://zycrypto.com/bitcoin-holds-steady-above-74000-as-u-s-inflation-climbs-to-3-3/,,
War revives stagflation dangers for global economy,2026-04-19,The Times of India,https://economictimes.indiatimes.com/news/international/world-news/war-revives-stagflation-dangers-for-global-economy/articleshow/130364453.cms,,
The case against raising the minimum wage,2026-04-19,Wnd.com,https://www.wnd.com/2026/04/case-against-raising-minimum-wage/,,
Next Catalyst for Treasury Bonds Is Named Kevin Warsh,2026-04-19,Financial Post,https://financialpost.com/pmn/business-pmn/next-catalyst-for-treasury-bonds-is-named-kevin-warsh,,
Private Credit’s Consumer Debt Holdings Jump $150 Billion Since 2019,2026-04-19,pymnts.com,https://www.pymnts.com/news/investment-tracker/2026/private-credits-consumer-debt-holdings-jump-150-billion-since-2019/,,
Sick Behavior From Financial Psychopaths,2026-04-19,Activistpost.com,https://www.activistpost.com/sick-behavior-from-financial-psychopaths/,,
Thousands of CEOs admit AI had no impact on employment or productivity—and it has economists resurrecting a paradox from 40 years ago,2026-04-19,Fortune,https://fortune.com/article/why-do-thousands-of-ceos-believe-ai-not-having-impact-productivity-employment-study/,,
War crisis revives stagflation dangers for global economy,2026-04-19,The Times of India,https://economictimes.indiatimes.com/news/international/business/war-crisis-revives-stagflation-dangers-for-global-economy/articleshow/130376821.cms,,
Jim Cramer Discusses D.R. Horton and Hopes for Rate Cuts,2026-04-19,Yahoo Entertainment,https://finance.yahoo.com/markets/stocks/articles/jim-cramer-discusses-d-r-185121063.html,,
Jim Cramer gives four reasons why the market keeps shrugging off the Iran war,2026-04-20,CNBC,https://www.cnbc.com/2026/04/20/jim-cramer-explains-why-the-market-keeps-shrugging-off-the-iran-war.html,,
Kevin Warsh set to face lawmakers in Fed chair confirmation hearing,2026-04-20,CBS News,https://www.cbsnews.com/news/kevin-warsh-federal-reserve-chair-senate-confirmation-hearing/,,
Farmers & Merchants Bancorp (FMCB) Reports Record Quarter,2026-04-20,GlobeNewswire,https://www.globenewswire.com/news-release/2026/04/20/3277494/0/en/Farmers-Merchants-Bancorp-FMCB-Reports-Record-Quarter.html,,
"Fed nominee Kevin Warsh to face Senate grilling over independence, interest rates at Tuesday confirmation hearing",2026-04-20,New York Post,https://nypost.com/2026/04/20/business/fed-nominee-kevin-warsh-to-face-senate-grilling-over-independence-interest-rates/,,
Fed pick Warsh to face Senate grilling with nomination in limbo,2026-04-20,OCRegister,https://www.ocregister.com/2026/04/20/fed-pick-warsh-to-face-senate-grilling-with-confirmation-in-limbo/,,
Wintrust Financial Corporation Reports Record Quarterly Net Income,2026-04-20,GlobeNewswire,https://www.globenewswire.com/news-release/2026/04/20/3277484/11955/en/Wintrust-Financial-Corporation-Reports-Record-Quarterly-Net-Income.html,,
Trump Fed chair pick to vow interest rate independence at key hearing,2026-04-20,Digital Journal,https://www.digitaljournal.com/business/trump-fed-chair-pick-to-vow-interest-rate-independence-at-key-hearing/article,,
"The difficult week, the Parliamentary Group and the (many) “No” votes on lifting immunity for ND MPs, Kövesi and the terms of office, and the “Mylonas joke” with Allianz",2026-04-20,Protothema.gr,https://en.protothema.gr/2026/04/20/the-difficult-week-the-parliamentary-group-and-the-many-no-votes-on-lifting-immunity-for-nd-mps-kovesi-and-the-terms-of-office-and-the-mylonas-joke-with-allian/,,
"High Schoolers Need Economics, Not Just ‘Financial Literacy’",2026-04-20,Daily Signal,https://www.dailysignal.com/2026/04/20/high-schoolers-need-economics-not-just-financial-literacy/,,
"Long-term bonds are cheap now; patient investors may gain big, says Rahul Goswami of Franklin Templeton",2026-04-20,The Times of India,https://economictimes.indiatimes.com/wealth/invest/long-term-bonds-are-cheap-now-patient-investors-may-gain-big-says-rahul-goswami-of-franklin-templeton/articleshow/130346901.cms,,
"Fed Chair nominee Warsh says monetary policy must remain independent, but Fed must 'stay in its lane'",2026-04-20,CNBC,https://www.cnbc.com/2026/04/20/kevin-warsh-fed-confirmation-senate.html,,
"Trump nominates Warsh for Fed chair, signaling potential rate hikes",2026-04-20,Crypto Briefing,https://cryptobriefing.com/trump-nominates-warsh-for-fed-chair-signaling-potential-rate-hikes/,,
"Why is the US stock market crashing today and Dow Jones, S&P 500, Nasdaq down? Dow falls more than 130 points while S&P 500, Nasdaq also negative",2026-04-20,The Times of India,https://economictimes.indiatimes.com/news/international/us/why-is-the-us-stock-market-crashing-today-and-dow-jones-sp-500-nasdaq-down-dow-falls-more-than-130-points-while-sp-500-nasdaq-also-negative/articleshow/130396084.cms,,
Treasuries Slip as Renewed Ceasefire Tensions Lift Oil Prices,2026-04-20,Financial Post,https://financialpost.com/pmn/business-pmn/treasuries-slip-as-renewed-ceasefire-tensions-lift-oil-prices,,
U.S. stocks decline amid fading U.S.-Iran peace talk prospects,2026-04-20,Financial Post,https://financialpost.com/investing/us-stocks-decline-fading-us-iran-peace-talk,,
"What are today's mortgage interest rates: April 20, 2026?",2026-04-20,CBS News,https://www.cbsnews.com/news/todays-mortgage-interest-rates-april-20-2026/,,
"600 million barrels gone, gas +47%, jet fuel +100%: is the global energy crisis 2026 from US– Iran war about to trigger inflation shock and global recession?",2026-04-20,The Times of India,https://economictimes.indiatimes.com/news/international/us/600-million-barrels-gone-gas-47-jet-fuel-100-is-the-global-energy-crisis-2026-from-us-iran-war-about-to-trigger-inflation-shock-and-global-recession/articleshow/130398244.cms,,
"For Confirmation, Warsh Plans to Tout Fed Autonomy on Rates",2026-04-20,Newser,https://www.newser.com/story/387663/for-confirmation-warsh-plans-to-tout-fed-autonomy-on-rates.html,,
"US Fed nominee Warsh commits to central bank's independence, with limits",2026-04-20,The Times of India,https://economictimes.indiatimes.com/markets/us-stocks/news/us-fed-nominee-warsh-commits-to-central-banks-independence-with-limits/articleshow/130399521.cms,,
"Dow Jones Slips Near 49,428 as Renewed US-Iran Tensions Trigger Early Selling Pressure",2026-04-20,Ibtimes.com.au,https://www.ibtimes.com.au/dow-jones-slips-near-49428-renewed-us-iran-tensions-trigger-early-selling-pressure-1867082,,
"Kevin Warsh emphasizes Fed independence, impacting rate expectations for 2026",2026-04-20,Crypto Briefing,https://cryptobriefing.com/kevin-warsh-emphasizes-fed-independence-impacting-rate-expectations-for-2026/,,
It’s crunch time for Kevin Warsh: Here’s how he might begin selling the idea of rate cuts—it requires some complex economic gymnastics,2026-04-20,Fortune,https://fortune.com/2026/04/20/kevin-warsh-rate-cut-yield-balance-sheet-reduction-ideas/,,
"Gold falls over 1% as dollar strengthens, oil surge fuels inflation fears",2026-04-20,BusinessLine,https://www.thehindubusinessline.com/markets/gold/gold-falls-over-1-as-dollar-strengthens-oil-surge-fuels-inflation-fears/article70882996.ece,,
"The S&P 500 has blown past 7,000 in an epic comeback rally. Here’s why it can keep going.",2026-04-20,MarketWatch,https://www.marketwatch.com/story/the-s-p-500-blowed-past-7-000-in-an-epic-comeback-rally-heres-why-it-can-keep-going-higher-632d6a38,,
The Strait of Hormuz: A Twenty-mile Mirror,2026-04-20,Globalresearch.ca,https://www.globalresearch.ca/strait-hormuz-twenty-mile-mirror/5922950,,
"Gold falls on inflation fears, firmer dollar amid renewed US-Iran tensions",2026-04-20,BusinessLine,https://www.thehindubusinessline.com/markets/gold/gold-falls-on-inflation-fears-firmer-dollar-amid-renewed-us-iran-tensions/article70884357.ece,,
Central bank independence in focus as Fed chair nominee Kevin Warsh faces confirmation hearing,2026-04-20,Yahoo Entertainment,https://finance.yahoo.com/economy/policy/article/central-bank-independence-in-focus-as-fed-chair-nominee-kevin-warsh-faces-confirmation-hearing-112647540.html,,
Fed Pick Warsh to Face Senate Grilling With Confirmation in Limbo,2026-04-20,Financial Post,https://financialpost.com/pmn/business-pmn/fed-pick-warsh-to-face-senate-grilling-with-confirmation-in-limbo,,
"Why are gold and silver prices down today, and will precious metals continue to fall or rise again? Full market outlook, analysts insights and investor guide",2026-04-20,The Times of India,https://economictimes.indiatimes.com/news/international/us/why-are-gold-and-silver-prices-down-today-and-will-precious-metals-continue-to-fall-or-rise-again-full-market-outlook-analysts-insights-and-investor-guide/articleshow/130390049.cms,,
Quinn Barton Is a True Expert of CMBS,2026-04-20,Commercial Observer,http://commercialobserver.com/2026/04/quinn-barton-400-capital-cmbs/,,
Kevin Warsh would be the first tech bro Fed chair. How Silicon Valley shaped him,2026-04-20,CNBC,https://www.cnbc.com/2026/04/20/fed-silicon-valley-kevin-warsh.html,,
Inflation and strong dollar drag gold prices lower amid US-Iran tensions,2026-04-20,Crypto Briefing,https://cryptobriefing.com/inflation-and-strong-dollar-drag-gold-prices-lower-amid-us-iran-tensions/,,
US Federal Reserve nominee Kevin Warsh faces Senate test on monetary policy,2026-04-20,The Times of India,https://economictimes.indiatimes.com/news/international/business/us-federal-reserve-nominee-kevin-warsh-faces-senate-test-on-monetary-policy/articleshow/130389054.cms,,
Asia bond outflows surge to four-year highs on inflation concerns,2026-04-20,CNA,https://www.channelnewsasia.com/business/asia-bond-outflows-surge-four-year-highs-inflation-concerns-6067686,,
The director of the Congressional Budget Office—known for its gloomy national debt data—is very optimistic that a crisis will be avoided entirely,2026-04-20,Fortune,https://fortune.com/2026/04/20/director-cbo-phillip-swagel-optimistic-national-debt-outlook-crisis-avoided/,,
Global Markets: Uncertain global outlook keeps investors balancing risk and opportunity,2026-04-20,The Times of India,https://economictimes.indiatimes.com/markets/us-stocks/news/global-markets-uncertain-global-outlook-keeps-investors-balancing-risk-and-opportunity/articleshow/130383279.cms,,
US Stock Market: Investors turn to corporate earnings for clues on future market direction,2026-04-20,The Times of India,https://economictimes.indiatimes.com/markets/us-stocks/news/us-stock-market-investors-turn-to-corporate-earnings-for-clues-on-future-market-direction/articleshow/130382044.cms,,
UAE asks US for a wartime financial lifeline as Iran conflict drags: Report,2026-04-20,The Times of India,https://economictimes.indiatimes.com/news/international/world-news/uae-asks-us-about-a-wartime-financial-lifeline-as-israel-iran-conflict-drags-report-donald-trump-central-bank-currency-swap-line/articleshow/130381408.cms,,
Gold falls on stronger dollar amid renewed US-Iran tensions,2026-04-20,The Times of India,https://economictimes.indiatimes.com/markets/commodities/news/gold-falls-on-stronger-dollar-amid-renewed-us-iran-tensions/articleshow/130380503.cms,,
"Rich Clarida: Persistent inflation exceeds 2% target, a deep recession may be needed to curb core inflation, and the US faces an unsustainable fiscal path | Macro Musings",2026-04-20,Crypto Briefing,https://cryptobriefing.com/rich-clarida-persistent-inflation-exceeds-2-target-a-deep-recession-may-be-needed-to-curb-core-inflation-and-the-us-faces-an-unsustainable-fiscal-path-macro-musings/,,
"Best CD rates today, April 20, 2026 (Lock in up to 4.05% APY)",2026-04-20,Yahoo Entertainment,https://finance.yahoo.com/personal-finance/banking/article/best-cd-rates-today-monday-april-20-2026-100000576.html,,
Fed nominee Warsh prepares for monetary policy road test before Senate panel,2026-04-20,The Times of India,https://economictimes.indiatimes.com/markets/us-stocks/news/fed-nominee-warsh-prepares-for-monetary-policy-road-test-before-senate-panel/articleshow/130389311.cms,,
"U.S. CPI rose 3.8% in April 2026, highest since May 2023",2026-05-12,Quartz India,https://qz.com/us-cpi-inflation-april-2026-energy-gas-prices-051226,,
Why Kevin Warsh might still prove to be an independent Federal Reserve chair,2026-05-12,The Conversation Africa,https://theconversation.com/why-kevin-warsh-might-still-prove-to-be-an-independent-federal-reserve-chair-281720,,
Wall Street reacts as reports shows prices rising at their fastest clip in four years,2026-05-12,Dailymail.com,https://www.dailymail.com/yourmoney/article-15809191/april-CPI-inflation-report-shows-prices-going-higher.html,,
"Bitcoin struggles at key technical levels, awaits US CPI data for fresh volatility",2026-05-12,Coinjournal.net,https://coinjournal.net/news/bitcoin-struggles-at-key-technical-levels-awaits-us-cpi-data-for-fresh-volatility/,,
"April US inflation YoY, above expectations, complicates Fed rate outlook",2026-05-12,Crypto Briefing,https://cryptobriefing.com/april-us-inflation-yoy-above-expectations-complicates-fed-rate-outlook/,,
"US CPI rise, geopolitical tensions lower 2026 Fed rate cut odds",2026-05-12,Crypto Briefing,https://cryptobriefing.com/us-cpi-rise-geopolitical-tensions-lower-2026-fed-rate-cut-odds/,,
"Consumer prices rose 3.8% annually in April, the highest since May 2023",2026-05-12,CNBC,https://www.cnbc.com/2026/05/12/cpi-inflation-april-2026-.html,,
"US inflation in April, highest in three years amid oil price surge",2026-05-12,Crypto Briefing,https://cryptobriefing.com/us-inflation-in-april-highest-in-three-years-amid-oil-price-surge/,,
Turmoil at the Fed Won’t End Anytime Soon,2026-05-12,Project Syndicate,https://www.project-syndicate.org/commentary/radicalized-conservative-parties-responsible-for-central-bank-turmoil-by-nicolas-jabko-2026-05,,
Hot inflation data pours cold water on Federal Reserve rate cut hopes,2026-05-12,CoinDesk,https://www.coindesk.com/markets/2026/05/12/hot-inflation-data-pours-cold-water-on-federal-reserve-rate-cut-hopes,,
"Goolsbee warns US economy overheating amid Iran conflict, complicating Fed policy",2026-05-12,Crypto Briefing,https://cryptobriefing.com/goolsbee-warns-us-economy-overheating-amid-iran-conflict-complicating-fed-policy/,,
Federal Student Loan Defaults Return After Pandemic Pause,2026-05-12,Newyorkfed.org,https://libertystreeteconomics.newyorkfed.org/2026/05/federal-student-loan-defaults-return-after-pandemic-pause/,,
US consumer prices increase further in April,2026-05-12,RTE,https://www.rte.ie/news/business/2026/0512/1572980-us-consumer-prices/,,
US consumer inflation hits three-year high,2026-05-12,The Punch,https://punchng.com/us-consumer-inflation-hits-three-year-high/,,
"53% of Americans carry credit card balances to cover essential living expenses, Achieve survey finds",2026-05-12,PRNewswire,https://www.prnewswire.com/news-releases/53-of-americans-carry-credit-card-balances-to-cover-essential-living-expenses-achieve-survey-finds-302769650.html,,
"US stocks today: US stocks fall as hot CPI, Iran tensions weigh on sentiment",2026-05-12,The Times of India,https://economictimes.indiatimes.com/markets/us-stocks/news/us-stocks-today-us-stocks-fall-as-hot-cpi-iran-tensions-weigh-on-sentiment/articleshow/131041146.cms,,
Here's the inflation breakdown for April 2026 — in one chart,2026-05-12,CNBC,https://www.cnbc.com/2026/05/12/inflation-breakdown-for-april-2026-cpi-chart.html,,
US-Iran conflict impacts Fed rate cut expectations amid rising inflation,2026-05-12,Crypto Briefing,https://cryptobriefing.com/us-iran-conflict-impacts-fed-rate-cut-expectations-amid-rising-inflation/,,
"Inflation in U.S. jumps to 3-year high, shows CPI report. How will latest data impact U.S Fed Interest Rate Cut decision?",2026-05-12,The Times of India,https://economictimes.indiatimes.com/news/international/us/inflation-in-u-s-jumps-to-3-year-high-shows-cpi-report-how-will-latest-data-impact-u-s-fed-interest-rate-cut-decision/articleshow/131041494.cms,,
Inflation surged in April to the highest rate since 2023,2026-05-12,Business Insider,https://www.businessinsider.com/cpi-inflation-april-consumer-price-index-2026-5,,
Fed rate hike odds surge amid Iran-US conflict and inflation concerns,2026-05-12,Crypto Briefing,https://cryptobriefing.com/fed-rate-hike-odds-surge-amid-iran-us-conflict-and-inflation-concerns/,,
Soaring Energy Prices Push Consumer Inflation Up To 3.8%,2026-05-12,Breitbart News,https://www.breitbart.com/economy/2026/05/12/consumer-prices-rose-in-april/,,
Flagship Communities Real Estate Investment Trust Expands Presence in Ohio,2026-05-12,Financial Post,https://financialpost.com/globe-newswire/flagship-communities-real-estate-investment-trust-expands-presence-in-ohio,,
"Goldman Sachs, Bank of America delay Fed cut forecasts after jobs data",2026-05-12,Crypto Briefing,https://cryptobriefing.com/goldman-bofa-delay-fed-rate-cut-forecasts/,,
U.S. stock futures fall ahead of April CPI inflation report,2026-05-12,Quartz India,https://qz.com/stock-markets-slip-cpi-inflation-april-051226,,
Bitcoin digests highest US CPI since 2023 as Fed rate hike woes return,2026-05-12,Cointelegraph,https://cointelegraph.com/markets/bitcoin-digests-highest-us-cpi-print-since-2023-fed-rate-hike-nerves-return,,
"Bitcoin briefly hits $82,000, SOL, DOGE higher as Michael Burry warns of stock crash",2026-05-12,CoinDesk,https://www.coindesk.com/markets/2026/05/12/bitcoin-briefly-hits-usd82-000-sol-doge-higher-as-michael-burry-warns-of-stock-crash,,
Asian shares trade mixed after Wall Street rally despite Iran war worries,2026-05-12,WJXT News4JAX,https://www.news4jax.com/business/2026/05/12/asian-shares-trade-mixed-after-wall-street-rally-despite-iran-war-worries/,,
"US Stock Market: BofA, Goldman push back Fed easing forecasts amid inflation risks",2026-05-12,The Times of India,https://economictimes.indiatimes.com/markets/us-stocks/news/us-stock-market-bofa-goldman-push-back-fed-easing-forecasts-amid-inflation-risks/articleshow/131028431.cms,,
Donald Trump considers suspending federal gasoline tax amid rising prices,2026-05-12,Crypto Briefing,https://cryptobriefing.com/trump-federal-gasoline-tax-suspension/,,
"Why are gold and silver prices down today, and will gold drop to $4,600 and silver slip to $80? Gold slips as markets assess Middle East tensions and inflation data",2026-05-12,The Times of India,https://economictimes.indiatimes.com/news/international/us/why-are-gold-and-silver-prices-down-today-and-will-gold-drop-to-4600-and-silver-slip-to-80-gold-slips-as-markets-assess-middle-east-tensions-and-inflation-data/articleshow/131030602.cms,,
Gold steady as markets assess West Asia tensions ahead of US inflation data,2026-05-12,BusinessLine,https://www.thehindubusinessline.com/markets/gold/gold-steady-as-markets-assess-mideast-tensions-ahead-of-us-inflation-data/article70968323.ece,,
AI rally fizzles as Middle East ceasefire goes on 'life support',2026-05-12,Yahoo Entertainment,https://finance.yahoo.com/markets/currencies/articles/ai-rally-pauses-middle-east-022252201.html,,
"Dollar rises but still not far from pre-war levels, data awaited",2026-05-12,CNA,https://www.channelnewsasia.com/business/dollar-rises-still-not-far-pre-war-levels-data-awaited-6114886,,
"Dollar rises but still not far from pre-war levels, await data",2026-05-12,CNA,https://www.channelnewsasia.com/business/dollar-rises-still-not-far-pre-war-levels-await-data-6114886,,
Inflation expected to jump to a 3-year high as Iran war continues to fuel rising prices,2026-05-12,NBC News,https://www.nbcnews.com/business/economy/april-inflation-data-iran-war-rcna344586,,
Kevin Warsh poised for Senate confirmation vote to lead Federal Reserve,2026-05-12,Crypto Briefing,https://cryptobriefing.com/kevin-warsh-fed-chair-confirmation/,,
WFP Chief Cindy McCain warns that the food crisis is a business crisis: ‘Feed them now or fight them later’,2026-05-12,Fortune,https://fortune.com/2026/05/12/cindy-mccain-food-crisis-business-crisis/,,
Why a $31 billion CIO thinks Fed rate cuts are still on the table this year,2026-05-12,Business Insider,https://www.businessinsider.com/fed-rate-cuts-outlook-inflation-oil-prices-iran-war-cpi-2026-5,,
"Best CD rates today, May 12, 2026: Lock in up to 4% APY today",2026-05-12,Yahoo Entertainment,https://finance.yahoo.com/personal-finance/banking/article/best-cd-rates-today-may-12-2026-100000223.html,,
Trump Thinks the Supreme Court Works For Him,2026-05-12,The New Republic,https://newrepublic.com/article/210275/trump-angry-rant-supreme-court,,
The Abundance Paradigm: Why AI Forces a Rethinking of Money Itself — Part 1,2026-05-12,Globalresearch.ca,https://www.globalresearch.ca/ai-forces-rethinking-money-itself-part-1/5925938,,
Stock Futures Fall Amid Mideast Stalemate,2026-05-12,The Wall Street Journal,https://www.wsj.com/finance/oil-rose-on-middle-east-uncertainty-u-s-inflation-eyed-f664c998,,
"Sensex today | Stock Market Highlights: Sensex plunges 1,456 pts, Nifty closes at 23,379, Rupee falls to 95.63/$ on Iran-US deadlock",2026-05-12,BusinessLine,https://www.thehindubusinessline.com/markets/sensex-nifty50-today-stock-market-highlights-12th-may-2026/article70965622.ece,,
Federal Reserve Bank of Minneapolis CEO on consumer prices and inflation,2026-05-12,NPR,https://www.npr.org/2026/05/12/nx-s1-5818430/federal-reserve-bank-of-minneapolis-ceo-on-consumer-prices-and-inflation,,
"Trump heads to China for state visit. And, how the war in Iran has affected inflation",2026-05-12,NPR,https://www.npr.org/2026/05/12/g-s1-121602/up-first-newsletter-trump-china-xi-jinping-inflation-mifepristone-cameron-hamilton,,
"Senate set to vote on Kevin Warsh's nomination to Federal Reserve Board of Governors, ahead of Fed chair vote",2026-05-12,Yahoo Entertainment,https://finance.yahoo.com/economy/policy/article/senate-set-to-vote-on-kevin-warshs-nomination-to-federal-reserve-board-of-governors-ahead-of-fed-chair-vote-113716961.html,,
‘It’s a miserable number’: Inflation surges as the Iran war and breakneck AI spending are crushing consumers,2026-05-12,Fortune,https://fortune.com/2026/05/12/april-cpi-inflation-iran-war-ai-spending-three-year-high-trump/,,
Hot CPI Print Shakes Fed Cut Bets as Inflation Tops Forecasts,2026-05-12,BeInCrypto,https://beincrypto.com/bitcoin-us-april-cpi-inflation/,,
"Live markets: What's next as bitcoin holds $80,000, while stocks sink, yields rise on ugly inflation print",2026-05-12,CoinDesk,https://www.coindesk.com/markets/2026/05/12/live-markets-bitcoin-holds-usd80-000-as-stocks-sink-yields-rise-on-ugly-inflation-print,,
Kevin Warsh Takes Big Step On Path To Becoming Jerome Powell’s Replacement,2026-05-12,The Daily Caller,https://dailycaller.com/2026/05/12/kevin-warsh-confirmed-fed-board/,,
Trump Delays Signing Orders Targeting Beef Prices After 16% Surge In Past Year,2026-05-12,Forbes,https://www.forbes.com/sites/aliciapark/2026/05/12/trump-delays-signing-orders-targeting-beef-prices-after-16-surge-in-past-year/,,
US CPI climbs 3.8% in April as oil prices and energy costs fuel inflation,2026-05-12,BusinessLine,https://www.thehindubusinessline.com/news/world/us-cpi-climbs-38-in-april-as-oil-prices-and-energy-costs-fuel-inflation/article70971393.ece,,
UK bond yields hit 1998 levels as political crisis deepens,2026-05-12,The Irish Times,https://www.irishtimes.com/business/2026/05/12/uk-bond-yields-hit-1998-levels-as-political-crisis-deepens/,,
How will Kevin Warsh shape the Fed? #world,2026-05-12,Alltoc.com,https://alltoc.com/world/how-will-kevin-warsh-shape-the-fed,,
America's paycheck nightmare is back as inflation wipes out wage gains - and small print in today's report exposes worst price shocks,2026-05-12,Dailymail.com,https://www.dailymail.com/yourmoney/article-15811369/small-print-details-price-gains-april-2026-cpi-inflation-report.html,,
Federal Reserve Bank of Chicago CEO on inflation and latest consumer price index,2026-05-12,NPR,https://www.npr.org/2026/05/12/nx-s1-5818504/federal-reserve-bank-of-chicago-ceo-on-inflation-and-latest-consumer-price-index,,
Kevin Warsh confirmed to US Federal Reserve board in close Senate vote,2026-05-12,Al Jazeera English,https://www.aljazeera.com/economy/2026/5/12/kevin-warsh-confirmed-to-us-federal-reserve-board-in-close-senate-vote,,
Traders believe inflation could near 5% this year,2026-05-12,CNBC,https://www.cnbc.com/2026/05/12/traders-believe-inflation-could-near-5percent-this-year.html,,
"US Senate approves Kevin Warsh for Fed Board, chair confirmation next",2026-05-12,The Times of India,https://economictimes.indiatimes.com/news/international/world-news/us-senate-approves-kevin-warsh-for-fed-board-chair-confirmation-next/articleshow/131047931.cms,,
Is a US stock market crash beginning? Nasdaq 100 drops over 2% as Dow Jones and S&P 500 struggle after inflation shock hits investors,2026-05-12,The Times of India,https://economictimes.indiatimes.com/news/international/us/is-a-us-stock-market-crash-beginning-nasdaq-100-drops-over-2-as-dow-jones-and-sp-500-struggle-after-inflation-shock-hits-investors/articleshow/131047449.cms,,
Gold slides lower as U.S. inflation clouds Fed easing outlook,2026-05-12,Financial Post,https://financialpost.com/news/gold-slides-lower-u-s-inflation-clouds-outlook,,
Grocery prices jumped more in April than they had in nearly four years,2026-05-12,NBC News,https://www.nbcnews.com/business/consumer/grocery-prices-jumped-april-iran-war-gas-rcna344762,,
US Treasury yields hit 5%: Why investors are dumping bonds as oil prices and inflation rise amid US-Iran conflict,2026-05-12,The Times of India,https://economictimes.indiatimes.com/news/international/us/us-treasury-yields-hit-5-why-investors-are-dumping-bonds-as-oil-prices-and-inflation-rise-amid-us-iran-conflict/articleshow/131048367.cms,,
"Warsh confirmed to Fed Board, still awaiting vote on chair post",2026-05-12,Financial Post,https://financialpost.com/news/warsh-confirmed-to-fed-board,,
Slump for AI Stocks Halts Wall Street's Rally,2026-05-12,Newser,https://www.newser.com/story/389010/slump-for-ai-stocks-halts-wall-streets-rally.html,,
"Senate confirms Kevin Warsh as Federal Reserve governor, with chair vote expected",2026-05-12,Cointelegraph,https://cointelegraph.com/news/kevin-warsh-fed-governor-confirmation-us-senate,,
Oil prices slip on teetering Iran ceasefire as Trump heads to China,2026-05-12,CNA,https://www.channelnewsasia.com/world/oil-price-iran-ceasefire-trump-china-6114796,,
Jim Cramer says this is the key for stocks to get back into rally mode,2026-05-12,CNBC,https://www.cnbc.com/2026/05/12/jim-cramer-key-for-stocks-rally-mode.html,,
"Stock market today: Dow, S&P 500, Nasdaq futures mixed as PPI inflation data comes in hot",2026-05-12,Yahoo Entertainment,https://finance.yahoo.com/news/live/stock-market-today-dow-sp-500-nasdaq-futures-mixed-as-ppi-inflation-data-comes-in-hot-223045164.html,,
"Why did the US stock market crash today after the CPI inflation report? Dow Jones, S&P 500 and Nasdaq sink deep into red as Iran tensions and soaring oil prices fuel fresh inflation fears across Wall Street",2026-05-12,The Times of India,https://economictimes.indiatimes.com/news/international/us/why-did-the-us-stock-market-crash-today-after-the-cpi-inflation-report-dow-jones-sp-500-and-nasdaq-sink-deep-into-red-as-iran-tensions-and-soaring-oil-prices-fuel-fresh-inflation-fears-across-wall-street/articleshow/131042627.cms,,
"US faces rising costs with Iran war driving energy prices, inflation higher",2026-05-12,Al Jazeera English,https://www.aljazeera.com/economy/2026/5/12/us-faces-rising-costs-with-iran-war-driving-energy-prices-inflation-higher,,
Markets raise chances for a Fed rate hike following hot inflation report,2026-05-12,CNBC,https://www.cnbc.com/2026/05/12/markets-raise-chances-for-a-fed-rate-hike-following-hot-inflation-report.html,,
Fox’s Larry Kudlow Tells Trump Official Inflation Numbers Are ‘Lousy’,2026-05-12,Mediaite,https://www.mediaite.com/media/tv/foxs-larry-kudlow-tells-trump-official-inflation-numbers-are-lousy/,,
Senate confirms Kevin Warsh to Fed board as he clears another hurdle toward becoming chairman,2026-05-12,New York Post,https://nypost.com/2026/05/12/business/senate-confirms-kevin-warsh-to-fed-board-as-he-clears-another-hurdle-toward-becoming-chairman/,,
The hottest inflation print in 3 years has derailed the record-setting rally in stocks,2026-05-12,Business Insider,https://www.businessinsider.com/inflation-april-cpi-stock-market-reaction-fed-rate-hikes-economy-2026-5,,
"Bitcoin holds $80,000 amid inflation and market volatility",2026-05-12,Crypto Briefing,https://cryptobriefing.com/bitcoin-holds-80000-amid-inflation-and-market-volatility/,,
US household debt ticks up to new all-time high as inflation continues to rise,2026-05-12,Abcnews.com,https://abcnews.com/US/us-household-debt-ticks-new-high-inflation-continues/story?id=132881937,,
US bond market turmoil raises doubts over Fed rate cuts in 2026,2026-05-12,Crypto Briefing,https://cryptobriefing.com/us-bond-market-turmoil-raises-doubts-over-fed-rate-cuts-in-2026/,,
Ahead of Market: 10 things that will decide stock market action on Wednesday,2026-05-12,The Times of India,https://economictimes.indiatimes.com/markets/stocks/news/ahead-of-market-10-things-that-will-decide-stock-market-action-on-wednesday/articleshow/131043722.cms,,
"Inflation surges 3.8%, propelled by gas price, outpacing wage gains",2026-05-12,CFO Dive,https://www.cfodive.com/news/inflation-surges-38-percent-propelled-gas-price-outpacing-wage-gains-Fed-Federal-Reserve/820037/,,
US Senate set to finalize nomination of pro-Bitcoin Kevin Warsh as next Fed Chair,2026-05-12,Crypto Briefing,https://cryptobriefing.com/senate-kevin-warsh-fed-chair-bitcoin/,,
Stocks wilt as oil rallies; Iran ceasefire 'on life support',2026-05-12,CNA,https://www.channelnewsasia.com/business/stocks-oil-prices-iran-ceasefire-us-war-life-support-trump-hormuz-6114946,,
Stocks wilt as oil rallies; Iran ceasefire 'on life support',2026-05-12,CNA,https://www.channelnewsasia.com/business/stocks-wilt-oil-rallies-iran-ceasefire-life-support-6114946,,
US inflation as oil disruptions impact Fed rate cut outlook,2026-05-12,Crypto Briefing,https://cryptobriefing.com/us-inflation-as-oil-disruptions-impact-fed-rate-cut-outlook/,,
"Senate confirms Kevin Warsh as Fed governor, clearing path to become chair",2026-05-12,CBS News,https://www.cbsnews.com/news/kevin-warsh-senate-confirms-fed-governor/,,
US Workers’ paychecks lose buying power for first time since 2022: What is crushing middle-class Americans despite rising wages and bigger paychecks running higher?,2026-05-12,The Times of India,https://economictimes.indiatimes.com/news/international/us/us-workers-paychecks-lose-buying-power-for-first-time-since-2022-what-is-crushing-middle-class-americans-despite-rising-wages-and-bigger-paychecks-running-higher/articleshow/131043577.cms,,
Gas pumps up LA-Orange County inflation to 23-month high,2026-05-12,OCRegister,https://www.ocregister.com/2026/05/12/gas-pumps-up-la-orange-county-inflation-to-23-month-high/,,
Treasuries Fall as Rising Oil Prices Herald Sticky Inflation,2026-05-12,Financial Post,https://financialpost.com/pmn/business-pmn/treasuries-fall-as-rising-oil-prices-herald-sticky-inflation,,
"Pentagon reveals US Navy nuclear submarine in Gibraltar as Trump rejects Iran proposal, rattling crypto markets",2026-05-12,Crypto Briefing,https://cryptobriefing.com/pentagon-submarine-gibraltar-iran-crypto-markets/,,
"Senate confirms Kevin Warsh as Fed governor, clears way for chair vote",2026-05-12,CNBC,https://www.cnbc.com/2026/05/12/senate-confirms-kevin-warsh-as-fed-governor-clears-way-for-chair-vote.html,,
"Kevin Warsh wins Senate approval, moves closer to Fed chair role as Powell prepares Friday exit",2026-05-12,Crypto Briefing,https://cryptobriefing.com/kevin-warsh-confirmation-powell-era-ends/,,
Senate confirms Kevin Warsh to US Federal Reserve Board; Fed chair vote likely on Wednesday,2026-05-12,The Times of India,https://economictimes.indiatimes.com/markets/us-stocks/news/senate-confirms-kevin-warsh-to-us-federal-reserve-board-fed-chair-vote-likely-on-wednesday/articleshow/131045095.cms,,
US Household Debt Delinquencies Stay Flat in First Quarter,2026-05-12,Financial Post,https://financialpost.com/pmn/business-pmn/us-household-debt-delinquencies-stay-flat-in-first-quarter,,
"Senate confirms Warsh as Fed governor, one step closer to chair",2026-05-12,USA Today,https://www.usatoday.com/story/money/2026/05/12/senate-confirms-warsh-as-fed-governor/90042468007/,,
"Once doomed, Trump's pick to carry out his economic vision clears first crucial hurdle",2026-05-12,Fox News,https://www.foxnews.com/politics/doomed-trumps-pick-carry-economic-vision-clears-first-crucial-hurdle,,
Senate confirms Kevin Warsh to Fed board ahead of expected Chair vote,2026-05-12,CoinDesk,https://www.coindesk.com/policy/2026/05/12/senate-confirms-kevin-warsh-to-fed-board-ahead-of-expected-chair-vote,,
Clarity Act amendments would remake key parts of crypto bill but have doubtful future,2026-05-13,CoinDesk,https://www.coindesk.com/policy/2026/05/13/clarity-act-amendments-would-remake-key-parts-of-crypto-bill-but-have-doubtful-future,,
Steep Wholesale Inflation Pressures Companies To Raise Prices Further For Customers,2026-05-13,HuffPost,https://www.huffpost.com/entry/steep-wholesale-inflation-pressures-companies-to-raise-prices-for-customers_n_6a048cb1e4b040d76f643ec4,,
Producer prices shot up 6 pc adding to pressure on US companies to raise prices for customers,2026-05-13,THE WEEK,https://www.theweek.in/wire-updates/business/2026/05/13/producer-prices-shot-up-6-pc-adding-to-pressure-on-us-companies-to-raise-prices-for-customers.html,,
US stocks today: S&P 500 opens muted as hot inflation data signals rates to stay on hold,2026-05-13,The Times of India,https://economictimes.indiatimes.com/markets/us-stocks/news/us-stocks-today-sp-500-opens-muted-as-hot-inflation-data-signals-rates-to-stay-on-hold/articleshow/131067780.cms,,
"Awkward! Kevin Warsh May Hike Interest Rates as Fed Chair, Not Cut Them",2026-05-13,24/7 Wall St.,https://247wallst.com/investing/2026/05/13/awkward-kevin-warsh-may-hike-interest-rates-as-fed-chair-not-cut-them/,,
US 10-Year Yield Hits Highest Since July on Inflation Angst,2026-05-13,Financial Post,https://financialpost.com/pmn/business-pmn/us-10-year-yield-hits-highest-since-july-on-inflation-angst,,
Why Nvidia Earnings May Matter More To The S&P 500 Than Fed Minutes Right Now,2026-05-13,Yahoo Entertainment,https://finance.yahoo.com/news/why-nvidia-earnings-may-matter-140129771.html,,
Tokenized Treasuries Reach $15 Billion Of Inflows,2026-05-13,Cryptoprowl.com,https://www.cryptoprowl.com/releases/tokenized-treasuries-reach-15-billion-of-inflows-5468,,
"What are today's mortgage interest rates: May 13, 2026?",2026-05-13,CBS News,https://www.cbsnews.com/news/todays-mortgage-interest-rates-may-13-2026/,,
"Senate is set to confirm Trump pick Warsh as chairman of the Federal Reserve, following Powell",2026-05-13,seattlepi.com,https://www.seattlepi.com/business/article/senate-is-set-to-confirm-trump-pick-warsh-as-22256904.php,,
Fed's Collins says rate hikes may be needed to quell inflation,2026-05-13,The Times of India,https://economictimes.indiatimes.com/markets/us-stocks/news/feds-collins-says-rate-hikes-may-be-needed-to-quell-inflation/articleshow/131071799.cms,,
10-year Treasury yield rises to highest level in 10 months on hotter-than-expected inflation data,2026-05-13,Yahoo Entertainment,https://finance.yahoo.com/news/10-year-treasury-yield-rises-to-highest-level-in-10-months-on-hotter-than-expected-inflation-data-152901840.html,,
US stock market today: Why is Dow Jones crashing while the S&P 500 and Nasdaq rise? Dow falls 260 points as inflation heats up and Trump heads to China,2026-05-13,The Times of India,https://economictimes.indiatimes.com/news/international/us/us-stock-market-today-why-is-dow-jones-crashing-while-the-sp-500-and-nasdaq-rise-dow-falls-260-points-as-inflation-heats-up-and-trump-heads-to-china/articleshow/131069723.cms,,
"Fed likely to maintain restrictive policy amid inflation concerns, Collins says",2026-05-13,Crypto Briefing,https://cryptobriefing.com/fed-likely-to-maintain-restrictive-policy-amid-inflation-concerns-collins-says/,,
Bitcoin price targets $79K as US PPI inflation hits highest since 2022,2026-05-13,Cointelegraph,https://cointelegraph.com/markets/bitcoin-risks-80k-loss-us-ppi-inflation-hits-highest-since-2022,,
"Fed’s Collins warns inflation to persist, no rate cuts expected through 2026",2026-05-13,Crypto Briefing,https://cryptobriefing.com/feds-collins-warns-inflation-to-persist-no-rate-cuts-expected-through-2026/,,
Kevin Warsh takes over a divided Federal Reserve,2026-05-13,Quartz India,https://qz.com/kevin-warsh-fed-chair-jerome-powell-fomc-divides-interest-rates,,
What Happens if the U.S. Defaults?,2026-05-13,The Atlantic,https://www.theatlantic.com/podcasts/2026/05/david-frum-show-lloyd-blankefein-debt-default/687154/,,
Ahead of Market: 10 things that will decide stock market action on Thursday,2026-05-13,The Times of India,https://economictimes.indiatimes.com/markets/stocks/news/ahead-of-market-10-things-that-will-decide-stock-market-action-on-thursday/articleshow/131071109.cms,,
US Producer Prices Rise Most Since 2022 on Energy Costs,2026-05-13,Financial Post,https://financialpost.com/pmn/business-pmn/us-producer-prices-rise-most-since-2022-on-energy-costs,,
"Mergers, Choking Hazards, Energy Prices—Does the Roberts Court Really Want Trump in Charge of All That?",2026-05-13,Mother Jones,https://www.motherjones.com/politics/2026/05/donald-trump-supreme-court-independent-agencies/,,
Wholesale inflation surges 6% — biggest increase since 2022: ‘Alarm bells at the Fed’,2026-05-13,New York Post,https://nypost.com/2026/05/13/business/wholesale-inflation-surges-6-biggest-increase-since-2022-alarm-bells-at-the-fed/,,
Dow Plunges Nearly 250 Points on Hot PPI Inflation Data as Rate Cut Hopes Fade in 2026,2026-05-13,Ibtimes.com.au,https://www.ibtimes.com.au/dow-jones-drops-inflation-concerns-1868743,,
Bitcoin was waiting for cuts. Hot CPI inflation data just put hikes back on the table,2026-05-13,CryptoSlate,https://cryptoslate.com/bitcoin-was-waiting-for-cuts-hot-cpi-just-put-hikes-back-on-the-table/,,
"US-Israeli conflict with Iran disrupts oil markets, Turkey hikes inflation forecast",2026-05-13,Crypto Briefing,https://cryptobriefing.com/us-israeli-conflict-with-iran-disrupts-oil-markets-turkey-hikes-inflation/,,
Asian shares trade mixed as AI excitement fades and war worries continue,2026-05-13,Abcnews.com,https://abcnews.com/Business/wireStory/asian-shares-trade-mixed-ai-excitement-fades-war-132906717,,
Warsh to Become Fed Chair Amid Historic Partisanship,2026-05-13,Daily Signal,https://www.dailysignal.com/2026/05/13/warsh-fed-chair-partisan-senate/,,
Asian shares trade mixed as AI excitement fades and war worries continue,2026-05-13,Abcnews.com,https://abcnews.com/US/wireStory/asian-shares-trade-mixed-ai-excitement-fades-war-132906716,,
Oil prices ease on teetering Iran ceasefire,2026-05-13,RTE,https://www.rte.ie/news/business/2026/0513/1573114-world-oil-prices/,,
Is It Even Real? On the Conflation of Money and Things,2026-05-13,Lithub.com,https://lithub.com/is-it-even-real-on-the-conflation-of-money-and-things/,,
Wall Street Gets More Anxious About Long-Term Inflation,2026-05-13,Politicalwire.com,https://politicalwire.com/2026/05/13/wall-street-gets-more-anxious-about-long-term-inflation/,,
Treasury yields fall as investors digest hotter-than-expected CPI data,2026-05-13,CNBC,https://www.cnbc.com/2026/05/13/treasury-yields-fall-as-investors-digest-hotter-than-expected-cpi-data.html,,
"Why are oil prices down and gas rates steady today, and will Brent crude, US WTI futures, Dutch and British natural gas prices rise or decline in near future? Oil dips as markets watch Iran ceasefire, Trump-Xi China summit and Strait of Hormuz risks",2026-05-13,The Times of India,https://economictimes.indiatimes.com/news/international/us/why-are-oil-prices-down-and-gas-rates-steady-today-and-will-brent-crude-us-wti-futures-dutch-and-british-natural-gas-prices-rise-or-decline-in-near-future-oil-dips-as-markets-watch-iran-ceasefire-trump-xi-china-summit-and-strait-of-hormuz-risks/articleshow/131061019.cms,,
Navigating the Orlando Housing Market: A Guide for First-Time Buyers,2026-05-13,Ahouseinthehills.com,https://ahouseinthehills.com/navigating-the-orlando-housing-market-a-guide-for-first-time-buyers/,,
"Best high-yield savings interest rates today, May 13, 2026: Earn up to 4.1% APY",2026-05-13,Yahoo Entertainment,https://finance.yahoo.com/personal-finance/banking/article/best-high-yield-savings-interest-rates-today-wednesday-may-13-2026-100000635.html,,
"Best CD rates today, May 13, 2026 (Earn up to 4% APY)",2026-05-13,Yahoo Entertainment,https://finance.yahoo.com/personal-finance/banking/article/copy-best-cd-rates-today-wednesday-may-6-2026-100000808.html,,
US releases 53.3M barrels from Strategic Petroleum Reserve as Trump discusses Iran and energy security with Xi Jinping,2026-05-13,Crypto Briefing,https://cryptobriefing.com/us-spr-release-trump-xi-iran-energy/,,
Gold falls as hot US inflation data diminish rate cut bets,2026-05-13,BusinessLine,https://www.thehindubusinessline.com/markets/gold/gold-falls-as-hot-us-inflation-data-diminish-rate-cut-bets/article70973675.ece,,
Bond Traders Renew Bearish Treasuries Bets on Inflation,2026-05-13,Financial Post,https://financialpost.com/pmn/business-pmn/bond-traders-renew-bearish-treasuries-bets-on-inflation,,
"Why are gold and silver prices down today, and will precious metals continue to fall or rise again? Gold falls after US inflation data reduces rate cut hopes",2026-05-13,The Times of India,https://economictimes.indiatimes.com/news/international/us/why-are-gold-and-silver-prices-down-today-and-will-precious-metals-continue-to-fall-or-rise-again-gold-falls-after-us-inflation-data-reduces-rate-cut-hopes/articleshow/131061552.cms,,
"Oil Prices Drive Inflation Above Wages: A Blip, Not A Trend",2026-05-13,Forbes,https://www.forbes.com/sites/billconerly/2026/05/13/oil-prices-drive-inflation-above-wages-a-blip-not-a-trend/,,
"Morning Minute: CPI Comes In Hot; Stocks, Crypto Shrug",2026-05-13,Decrypt,https://decrypt.co/367731/morning-minute-cpi-comes-in-hot-stocks-crypto-shrug,,
"Tokenized Treasuries hit $15 billion as bitcoin stalls, Fed rate-rise concerns build",2026-05-13,CoinDesk,https://www.coindesk.com/daybook-us/2026/05/13/tokenized-treasuries-hit-usd15-billion-as-bitcoin-stalls-fed-rate-rise-concerns-build,,
"Dollar at one-week high on Middle East uncertainty, hot US inflation",2026-05-13,Yahoo Entertainment,https://finance.yahoo.com/news/dollar-one-week-high-middle-121543862.html,,
"Producer prices shot up 6%, adding to pressure on companies to raise prices for customers",2026-05-13,Associated Press,https://apnews.com/article/inflation-consumers-iran-energy-trump-3cbd24e5e977c8d5f4518ece41ac61d8,,
Wall Street inflation fears rise as CPI hits highest since 2022,2026-05-13,Crypto Briefing,https://cryptobriefing.com/wall-street-inflation-fears-rise-as-cpi-hits-highest-since-2022/,,
"Producer Inflation Shock: PPI Spikes To 6%, Fanning Fed Hike Fears (UPDATED)",2026-05-13,Yahoo Entertainment,https://finance.yahoo.com/news/producer-inflation-shock-ppi-spikes-124325191.html,,
Kevin Warsh Stuck Between Rock And Hard Place As He’s Confirmed As Next Fed Chair,2026-05-13,The Daily Caller,https://dailycaller.com/2026/05/13/kevin-warsh-confirmed-fed-chair-trump-democrats/,,
"Best money market account rates today, May 13, 2026: Secure up to 4.01% APY",2026-05-13,Yahoo Entertainment,https://finance.yahoo.com/personal-finance/banking/article/best-money-market-account-rates-today-wednesday-may-13-2026-100000566.html,,
Banks Face A Two-Front War: Inflation And Rising Defaults,2026-05-13,Forbes,https://www.forbes.com/sites/mayrarodriguezvalladares/2026/05/13/banks-face-a-two-front-war-inflation-and-rising-defaults/,,
U.S. Senate votes to approves Trump's pick for Federal Reserve chair,2026-05-13,CBC News,https://www.cbc.ca/news/world/kevin-warsh-senate-approves-federal-reserve-chair-trump-9.7198446,,
"Middle East conflict closes Strait of Hormuz, spikes crude oil prices",2026-05-13,Crypto Briefing,https://cryptobriefing.com/middle-east-conflict-closes-strait-of-hormuz-spikes-crude-oil-prices/,,
"Meet Kevin Warsh, the 56-year-old Stanford and Harvard Law grad who was just named the next Fed chair",2026-05-13,Yahoo Entertainment,https://finance.yahoo.com/news/meet-kevin-warsh-56-old-203000264.html,,
Fetterman and Senate GOP Confirm Trump 'Sock Puppet' Warsh as Fed Chair,2026-05-13,Common Dreams,https://www.commondreams.org/news/kevin-warsh-senate-confirmation,,
CRE Industry Awaits Warsh’s Fed Policies After Senate Approval,2026-05-13,Commercial Observer,http://commercialobserver.com/2026/05/kevin-warsh-fed-chair-senate-approval/,,
Trump's Fed pick Kevin Warsh wins bitter Senate battle as inflation soars and fears grow interest rates could rise again,2026-05-13,Dailymail.com,https://www.dailymail.com/yourmoney/article-15815857/trump-kevin-warsh-fed-chair-confirmation.html,,
Oil settles lower on US rate hike fears; investors watch Trump-Xi meeting,2026-05-13,CNA,https://www.channelnewsasia.com/business/stocks-oil-price-fell-us-china-trump-jinping-beijing-talks-6117306,,
Tech Stocks Carry Wall Street to Records,2026-05-13,Newser,https://www.newser.com/story/389087/tech-stocks-carry-wall-street-to-records.html,,
The Correlation Between Hormuz Strait Reopening and the Inflation Breakeven,2026-05-13,Econbrowser.com,https://econbrowser.com/archives/2026/05/the-correlation-between-hormuz-strait-reopening-and-the-inflation-breakeven,,
Trump’s pick Kevin Warsh replaces Jerome Powell as Fed chair: What will happen to US interest rates next and why financial markets are watching closely,2026-05-13,The Times of India,https://economictimes.indiatimes.com/news/international/us/trumps-pick-kevin-warsh-replaces-jerome-powell-as-fed-chair-what-will-happen-to-us-interest-rates-next-and-why-financial-markets-are-watching-closely/articleshow/131076910.cms,,
US Senate confirms Trump's pick Kevin Warsh to lead Federal Reserve,2026-05-13,ABC News (AU),https://www.abc.net.au/news/2026-05-14/us-senate-confirms-donald-trump-fed-chair-pick-kevin-warsh/106677344,,
"Trump’s CEO-filled China visit can decide whether Bitcoin’s $80,000 risk rally survives this week",2026-05-13,CryptoSlate,https://cryptoslate.com/trump-china-visit-bitcoin-80000-risk-rally/,,
U.S. Senate confirms Kevin Warsh as next Fed chair,2026-05-13,Japan Today,https://japantoday.com/category/world/u.s.-senate-confirms-kevin-warsh-as-next-fed-chair,,
"Senate confirms Trump pick Warsh as chairman of the Federal Reserve, following Powell",2026-05-13,Japan Today,https://japantoday.com/category/world/senate-is-set-to-confirm-trump-pick-warsh-as-chairman-of-the-federal-reserve-following-powell,,
Nothing Stops This Train,2026-05-13,Dailyreckoning.com,https://dailyreckoning.com/nothing-stops-this-train/,,
Stock market today: Live updates,2026-05-13,CNBC,https://www.cnbc.com/2026/05/13/stock-market-today-live-updates.html,,
Who is Fed chair nominee Kevin Warsh?,2026-05-13,Abcnews.com,https://abcnews.com/US/wireStory/fed-chair-nominee-kevin-warsh-132935691,,
The real reason Americans hate the economy so much,2026-05-13,Vox,https://www.vox.com/politics/488565/economy-inflation-trump-expectations-price-level,,
Kevin Warsh confirmed as Fed chair in party-line vote amid Elizabeth Warren’s ‘sock puppet’ criticism,2026-05-13,Fortune,https://fortune.com/2026/05/13/kevin-warsh-fed-chair-jerome-powell-trump-millionaire-investor-palantir/,,
US Senate confirms Kevin Warsh as Federal Reserve chair amid inflation concerns,2026-05-13,BusinessLine,https://www.thehindubusinessline.com/money-and-banking/us-senate-confirms-kevin-warsh-as-federal-reserve-chair-amid-inflation-concerns/article70976024.ece,,
Statement from CREFC President & CEO Lisa Pendergast Regarding Kevin Warsh's Confirmation as Federal Reserve Chair,2026-05-13,PRNewswire,https://www.prnewswire.com/news-releases/statement-from-crefc-president--ceo-lisa-pendergast-regarding-kevin-warshs-confirmation-as-federal-reserve-chair-302771618.html,,
"US stocks today: S&P 500, Nasdaq boosted by chips to record closing highs; hot inflation report kills rate-cut hopes",2026-05-13,The Times of India,https://economictimes.indiatimes.com/markets/us-stocks/news/us-stocks-today-sp-500-nasdaq-boosted-by-chips-to-record-closing-highs-hot-inflation-report-kills-rate-cut-hopes/articleshow/131076710.cms,,
Whale shorts $70M in crypto and tech: Should Bitcoin traders worry?,2026-05-13,Cointelegraph,https://cointelegraph.com/markets/whale-shorts-70m-in-crypto-tech-should-bitcoin-traders-worry,,
Senate confirms Kevin Warsh as chairman of Federal Reserve,2026-05-13,Israelnationalnews.com,https://www.israelnationalnews.com/news/427039,,
Kevin Warsh confirmed as next Fed chair — replacing Trump foe Jerome Powell — by US Senate as inflation mounts,2026-05-13,Freerepublic.com,https://freerepublic.com/focus/f-news/4379103/posts,,
Kevin Warsh confirmed as next Chair of the U.S. Federal Reserve,2026-05-13,Macdailynews.com,https://macdailynews.com/2026/05/13/kevin-warsh-confirmed-as-next-chair-of-the-u-s-federal-reserve/,,
Senate confirms Kevin Warsh as Fed chair as Trump presses for lower rates,2026-05-13,CBS News,https://www.cbsnews.com/news/kevin-warsh-senate-confirmation-fed-chair/,,
Kevin Warsh wins Senate confirmation as the next Federal Reserve chair,2026-05-13,CNBC,https://www.cnbc.com/2026/05/13/kevin-warsh-wins-senate-confirmation-as-the-next-federal-reserve-chair.html,,
Senate confirms Kevin Warsh as Fed chair as Trump's economic vision comes into focus,2026-05-13,Fox News,https://www.foxnews.com/politics/senate-confirms-kevin-warsh-fed-chair-trumps-economic-vision-comes-focus,,
"Kevin Warsh confirmed as Fed chair, succeeding Jerome Powell | CNN Business",2026-05-13,CNN,https://www.cnn.com/2026/05/13/economy/kevin-warsh-confirmation-trump-fed-chair,,
"Warsh wins confirmation as Fed chair, with inflation on the march",2026-05-13,Yahoo Entertainment,https://finance.yahoo.com/news/warsh-wins-confirmation-fed-chair-185050168.html,,
"Fed is 'dead serious' about getting inflation down, Kashkari says",2026-05-13,The Times of India,https://economictimes.indiatimes.com/markets/us-stocks/news/fed-is-dead-serious-about-getting-inflation-down-kashkari-says/articleshow/131075805.cms,,
Kevin Warsh confirmed as new US Federal Reserve chair amid controversy,2026-05-13,Al Jazeera English,https://www.aljazeera.com/economy/2026/5/13/kevin-warsh-confirmed-as-new-us-federal-reserve-chair-amid-controversy,,
"Senate Confirms Trump Pick Warsh As Fed Chairman, Following Powell",2026-05-13,HuffPost,https://www.huffpost.com/entry/federal-reserve-warsh-senate-confirms_n_6a04c937e4b0af4eda407859,,
"US Senate confirms Kevin Warsh as Federal Reserve chair, following Jerome Powell",2026-05-13,The Times of India,https://economictimes.indiatimes.com/news/international/world-news/us-senate-confirms-kevin-warsh-as-federal-reserve-chair-following-jerome-powell/articleshow/131075905.cms,,
Senate confirms Kevin Warsh as next chair of the Federal Reserve,2026-05-13,NPR,https://www.npr.org/2026/05/13/nx-s1-5816235/kevin-warsh-federal-reserve-chair-jerome-powell,,
Kevin Warsh confirmed as next Fed chairman by US Senate as inflation mounts,2026-05-13,New York Post,https://nypost.com/2026/05/13/business/kevin-warsh-confirmed-as-next-fed-chairman-by-us-senate/,,
Senate Confirms Kevin Warsh As Fed Chair,2026-05-13,Forbes,https://www.forbes.com/sites/antoniopequenoiv/2026/05/13/senate-confirms-kevin-warsh-as-fed-chair/,,
One Democrat Joins GOP to Install Trump Puppet as New Fed Chair,2026-05-13,The New Republic,https://newrepublic.com/post/210377/democrats-vote-donald-trump-new-fed-chair,,
Trump's Federal Reserve chair nominee confirmed by Senate,2026-05-13,DW (English),https://www.dw.com/en/trumps-federal-reserve-chair-nominee-confirmed-by-senate/a-77154907,,
"Senate confirms Trump pick Warsh as chairman of the Federal Reserve, following Powell",2026-05-13,PBS,https://www.pbs.org/newshour/politics/senate-confirms-trump-pick-warsh-as-chairman-of-the-federal-reserve-following-powell,,
Kevin Warsh wins Senate confirmation as Fed chair amid inflation pressure,2026-05-13,Crypto Briefing,https://cryptobriefing.com/kevin-warsh-fed-chair-inflation/,,
Warsh clinches Senate approval to be Fed's next chair as inflation intensifies,2026-05-13,The Times of India,https://economictimes.indiatimes.com/markets/us-stocks/news/warsh-clinches-senate-approval-to-be-feds-next-chair-as-inflation-intensifies/articleshow/131076253.cms,,
"Producer prices shot up 6%, adding pressure on companies to hike prices for struggling customers",2026-05-13,PBS,https://www.pbs.org/newshour/economy/producer-prices-shot-up-6-adding-pressure-on-companies-to-hike-prices-for-struggling-customers,,
How much sway will new Fed Chair Kevin Warsh have over interest rates?,2026-05-13,CBS News,https://www.cbsnews.com/news/kevin-warsh-federal-reserve-chair-interest-rates/,,
Analysis: Trump finally gets his man at the Fed. Will Kevin Warsh disappoint him?,2026-05-13,CNBC,https://www.cnbc.com/2026/05/13/warsh-trump-congress-senate-analysis.html,,
Senate approves Warsh to be next Federal Reserve chair as inflation intensifies,2026-05-13,Richmond.com,https://richmond.com/news/nation-world/business/economy/article_3bc6bddf-3898-55cb-b8c6-5d832c6fdcfe.html,,
"Mortgage rates rise again as inflation, Iran undermine confidence",2026-05-13,Yahoo Entertainment,https://finance.yahoo.com/news/mortgage-rates-rise-again-inflation-193000779.html,,
"US supercore CPI rises to 3.3% YoY, up from 3.1%, signaling sticky inflation ahead",2026-05-14,Crypto Briefing,https://cryptobriefing.com/us-supercore-cpi-rises-sticky-inflation/,,
Gold steady as markets focus on Trump-Xi meeting,2026-05-14,BusinessLine,https://www.thehindubusinessline.com/markets/gold/gold-steady-as-markets-focus-on-trump-xi-meeting/article70977936.ece,,
"Best CD rates today, May 14, 2026: Lock in up to 4% APY",2026-05-14,Yahoo Entertainment,https://finance.yahoo.com/personal-finance/banking/article/best-cd-rates-today-thursday-may-14-2026-100000947.html,,
Americans still feel bad about the economy. When will it get better?,2026-05-14,CNBC,https://www.cnbc.com/2026/05/14/consumer-confidence-us-economy-inflation-iran-war-trade.html,,
NASDAQ 100 futures fall 1% as US April CPI meets expectations,2026-05-14,Crypto Briefing,https://cryptobriefing.com/nasdaq-100-futures-fall-april-cpi/,,
"S&P 500, Nasdaq futures rise to new highs as Nvidia jumps",2026-05-14,The Times of India,https://economictimes.indiatimes.com/markets/us-stocks/news/sp-500-nasdaq-futures-rise-to-new-highs-as-nvidia-jumps/articleshow/131089803.cms,,
Xi Warns Trump of Potential Conflict over Taiwan; Senate Confirms Kevin Warsh,2026-05-14,Omny.fm,https://omny.fm/shows/bloomberg-daybreak/xi-warns-trump-of-potential-conflict-over-taiwan-senate-confirms-kevin-warsh,,
China warns U.S. over Taiwan and Murdaugh juror speaks out: Morning Rundown,2026-05-14,NBC News,https://www.nbcnews.com/news/us-news/chinas-warns-taiwan-murdaugh-juror-verdict-morning-rundown-rcna345085,,
"Stocks Rise Before the Open as Tech Rally Rolls On, U.S. Retail Sales Data and Trump-Xi Summit in Focus",2026-05-14,Barchart.com,https://www.barchart.com/story/news/1926293/stocks-rise-before-the-open-as-tech-rally-rolls-on-u-s-retail-sales-data-and-trump-xi-summit-in-focus,,
Bitcoin ETFs Shed $630M in Largest Daily Exit Since January,2026-05-14,Decrypt,https://decrypt.co/367822/bitcoin-etfs-shed-630m-in-largest-daily-exit-since-january,,
Kevin Warsh Is the New Fed Chair: What Crypto Market Can Expect From a Bitcoin Supporter,2026-05-14,Bitcoinfoundation.org,https://bitcoinfoundation.org/news/regulation/warsh-new-fed-chair/,,
"Hot inflation data dims Federal Reserve rate cut prospects, Bitcoin slips 1.2%",2026-05-14,Crypto Briefing,https://cryptobriefing.com/inflation-data-dims-fed-rate-cut-bitcoin-slips/,,
April’s inflation spike is no cause for panic — but only to finish off Iran fast,2026-05-14,New York Post,https://nypost.com/2026/05/14/opinion/aprils-inflation-spike-is-no-cause-for-panic-but-only-to-finish-off-iran-fast/,,
"Trump tries to make deals in China. And, Senate confirms Kevin Warsh as Fed leader",2026-05-14,NPR,https://www.npr.org/2026/05/14/g-s1-122014/up-first-newsletter-china-taiwan-trump-law-firms-kevin-warsh-denise-powell-nebraska,,
Companies want battle-tested CFOs. There aren’t enough of them,2026-05-14,Fortune,https://fortune.com/2026/05/14/companies-want-battle-tested-cfo/,,
Who is incoming Fed chair Kevin Warsh?,2026-05-14,Abcnews.com,https://abcnews.com/Business/wireStory/incoming-fed-chair-kevin-warsh-132935716,,
"Sensex today | Stock Market Highlights: Sensex gains 789 pts, Nifty ends at 23,689 as US-China trade talks lift investor sentiment",2026-05-14,BusinessLine,https://www.thehindubusinessline.com/markets/sensex-nifty50-today-stock-market-highlights-14th-may-2026/article70974643.ece,,
Wall Street no longer believes Kevin Warsh can do what President Trump wants,2026-05-14,Fortune,https://fortune.com/2026/05/14/wall-street-no-longer-believes-that-kevin-warsh-can-do-what-trump-wants/,,
Donald Trump declares Iran ceasefire ‘on life support’ as crude oil tops $105,2026-05-14,Crypto Briefing,https://cryptobriefing.com/trump-iran-ceasefire-crude-oil-105/,,
Gold edges up as Trump-Xi meet,2026-05-14,BusinessLine,https://www.thehindubusinessline.com/markets/gold/gold-edges-up-as-trump-xi-meet/article70977599.ece,,
"Bitcoin Under $80,000: Warsh Confirmed As Next Fed Chair—Here’s The Likely Impact",2026-05-14,Bitcoinist,https://bitcoinist.com/bitcoin-under-80000-warsh-confirmed-as-fed-chair/,,
The Iran Stalemate,2026-05-14,Substack.com,https://niallferguson.substack.com/p/the-iran-stalemate,,
How will Warsh as Fed chair affect rates #world,2026-05-14,Alltoc.com,https://alltoc.com/world/how-will-warsh-as-fed-chair-affect-rates,,
Bond market abandons Kevin Warsh trade as oil prices surge past $105,2026-05-14,Crypto Briefing,https://cryptobriefing.com/bond-market-abandons-warsh-trade-oil-surge/,,
CNBC Daily Open: Trump touches down in Beijing as U.S. inflation heats up,2026-05-14,CNBC,https://www.cnbc.com/2026/05/14/cnbc-daily-open-trump-touches-down-in-beijing-as-us-prices-heat-up.html,,
"Global Market Today: Asian stocks, US futures climb on tech optimism",2026-05-14,The Times of India,https://economictimes.indiatimes.com/markets/us-stocks/news/global-market-update-asian-stocks-us-futures-climb-on-tech-optimism/articleshow/131079942.cms,,
"Nifty, Sensex may see positive opening on Thursday",2026-05-14,BusinessLine,https://www.thehindubusinessline.com/markets/nifty-sensex-may-see-positive-opening-on-thursday/article70976791.ece,,
Gold edges up on weaker dollar ahead of Trump-Xi talks,2026-05-14,The Times of India,https://economictimes.indiatimes.com/markets/commodities/news/gold-edges-up-on-weaker-dollar-ahead-of-trump-xi-talks/articleshow/131080264.cms,,
"Dollar boosted by rate expectations, safe-haven flows as Trump, Xi meet",2026-05-14,The Times of India,https://economictimes.indiatimes.com/markets/forex/dollar-boosted-by-rate-expectations-safe-haven-flows-as-trump-xi-meet/articleshow/131080280.cms,,
"Bonds seen little changed as oil, US yields remain elevated",2026-05-14,BusinessLine,https://www.thehindubusinessline.com/markets/bonds-seen-little-changed-as-oil-us-yields-remain-elevated/article70976871.ece,,
"Stocks Waver as Trump Meets With Xi, Bonds Gain: Markets Wrap",2026-05-14,Financial Post,https://financialpost.com/pmn/business-pmn/stocks-waver-as-trump-meets-with-xi-bonds-gain-markets-wrap,,
"Solana drops 5%, Bitcoin below $80K amid US-China tensions over Taiwan",2026-05-14,Crypto Briefing,https://cryptobriefing.com/solana-drops-5-bitcoin-below-80k-amid-us-china-tensions-over-taiwan/,,
"US Stock Market: Warsh set to lead Fed amid debate over rates, transparency and AI impact",2026-05-14,The Times of India,https://economictimes.indiatimes.com/markets/us-stocks/news/us-stock-market-warsh-set-to-lead-fed-amid-debate-over-rates-transparency-and-ai-impact/articleshow/131082820.cms,,
Warsh confirmed as Fed chair as bank faces Trump assault,2026-05-14,RTE,https://www.rte.ie/news/business/2026/0514/1573272-warsh-confirmed-as-fed-chair-as-bank-faces-trump-assault/,,
Top economist says $39 trillion national debt leaves government worse prepared for recession than ever,2026-05-14,Fortune,https://fortune.com/2026/05/14/national-debt-gdp-recession-39-trillion-torsten-slok/,,
"Why are gold and silver prices down today, and will precious metals decline or rise again in near future? Full market explainer on precious metals outlook",2026-05-14,The Times of India,https://economictimes.indiatimes.com/news/international/us/why-are-gold-and-silver-prices-down-today-and-will-precious-metals-decline-or-rise-again-in-near-future-full-market-explainer-on-precious-metals-outlook/articleshow/131085588.cms,,
Eichengreen: Gold stack-ups by central banks reflect dismal prospects of globalization,2026-05-14,Livemint,https://www.livemint.com/opinion/online-views/eichengreen-gold-holding-central-banks-globalization-deglobalization-rbi-currency-11778675923670.html,,
‘Heightened anxiety’: McDonald’s CEO says the K-shaped economy may be getting worse — and his menu proves it. Here's why,2026-05-14,Yahoo Entertainment,https://finance.yahoo.com/economy/articles/heightened-anxiety-mcdonald-ceo-says-090500630.html,,
Kevin Warsh set to lead Federal Reserve as US inflation climbs toward three-year high,2026-05-14,Crypto Briefing,https://cryptobriefing.com/kevin-warsh-federal-reserve-chair-inflation/,,
Mortgage rates today jump sharply: Is the hidden Treasury yield surge making 2026 home refinancing painfully expensive for Americans?,2026-05-14,The Times of India,https://economictimes.indiatimes.com/news/international/us/mortgage-rates-today-jump-sharply-is-the-hidden-treasury-yield-surge-making-2026-home-refinancing-painfully-expensive-for-americans/articleshow/131092620.cms,,
"Warsh's confirmation, Trump-Xi meeting, Cisco earnings and more in Morning Squawk",2026-05-14,CNBC,https://www.cnbc.com/2026/05/14/5-things-to-know-before-the-market-opens.html,,
‘Disgusting!’ CNBC’s Jim Cramer Torches Trump Over Relentless Attacks on Fed Chair,2026-05-14,Mediaite,https://www.mediaite.com/media/news/disgusting-cnbcs-jim-cramer-torches-trump-over-relentless-attacks-on-fed-chair/,,
Jerome Powell: Steering the US Fed through COVID-19 and political pressures,2026-05-14,Al Jazeera English,https://www.aljazeera.com/economy/2026/5/14/jerome-powell-steering-the-us-fed-through-covid-19-and-political-pressures,,
Is Negative Sentiment in Bonds a Reason to Buy?,2026-05-14,Barchart.com,https://www.barchart.com/story/news/1939986/is-negative-sentiment-in-bonds-a-reason-to-buy,,
Guest Contribution: “Can Professional Forecasters See Productivity Revolutions Coming?”,2026-05-14,Econbrowser.com,https://econbrowser.com/archives/2026/05/guest-contribution-can-professional-forecasters-see-productivity-revolutions-coming,,
Bond market believes Fed behind the curve on inflation as Warsh takes over,2026-05-14,CNBC,https://www.cnbc.com/2026/05/14/bond-market-fed-inflation-warsh-powell.html,,
Kevin Warsh Now Gets to Prove He Isn’t Donald Trump’s ‘Sock Puppet’,2026-05-14,New York Magazine,http://nymag.com/intelligencer/article/kevin-warsh-fed-chair-donald-trump-sock-puppet.html,,
Who is incoming U.S. Federal Reserve chair Kevin Warsh and what will his tenure mean for Canada?,2026-05-14,Financial Post,https://financialpost.com/news/economy/incoming-us-federal-reserve-chair-kevin-warsh,,
JPMorgan CEO Jamie Dimon warns of excessive exuberance in stock market,2026-05-14,Crypto Briefing,https://cryptobriefing.com/jamie-dimon-warns-stock-market-exuberance/,,
Fed Governor Stephen Miran to resign after Kevin Warsh is sworn in,2026-05-14,Fortune,https://fortune.com/2026/05/14/fed-governor-stephen-miran-resign-after-kevin-warsh-sworn-in/,,
Federal Student Loans Are About To Get More Expensive— Here's What To Know,2026-05-14,Yahoo Entertainment,https://finance.yahoo.com/economy/policy/articles/federal-student-loans-more-expensive-213050430.html,,
The Next Inflation Wave is Here,2026-05-14,Dailyreckoning.com,https://dailyreckoning.com/the-next-inflation-wave-is-here/,,
Breitbart Business Digest: Welcome to the New Industrial Boom Cycle,2026-05-14,Breitbart News,https://www.breitbart.com/economy/2026/05/14/breitbart-business-digest-welcome-to-the-new-industrial-boom-cycle/,,
"Stock market today: Dow, S&P 500, Nasdaq sink as yields jump amid inflation jitters",2026-05-14,Yahoo Entertainment,https://finance.yahoo.com/markets/live/stock-market-today-dow-sp-500-nasdaq-sink-as-yields-jump-amid-inflation-jitters-224527705.html,,
"Barr, Efficient and Effective Central Banking: Beyond the Balance Sheet",2026-05-14,Federalreserve.gov,https://www.federalreserve.gov/newsevents/speech/barr20260514a.htm,,
US bond market crisis intensifies as long-term yields surge above 5%,2026-05-14,Crypto Briefing,https://cryptobriefing.com/us-bond-market-yields-surge-above-5/,,
"Bitcoin traders brace for $1 billion liquidation trap after inflation shock breaks $80,000",2026-05-14,CryptoSlate,https://cryptoslate.com/bitcoin-traders-brace-for-1-billion-liquidation-trap-after-inflation-shock-breaks-80000/,,
Who Is Kevin Warsh? Trump’s New Pick Could Replace Jerome Powell As Fed Chair,2026-05-14,Bitcoinfoundation.org,https://bitcoinfoundation.org/news/regulation/who-is-kevin-warsh-trumps-new-pick-could-replace-jerome-powell-as-fed-chair/,,
Donald Trump’s Inflationary Agenda,2026-05-14,The Atlantic,https://www.theatlantic.com/ideas/2026/05/trump-inflation-economy/687175/,,
US stocks today: US stocks end higher on tech rally; investors eye Beijing talks,2026-05-14,The Times of India,https://economictimes.indiatimes.com/markets/us-stocks/news/us-stocks-today-us-stocks-end-higher-on-tech-rally-investors-eye-beijing-talks/articleshow/131102748.cms,,
"Why a $10,000 CD account is worth opening this May",2026-05-14,CBS News,https://www.cbsnews.com/news/why-10000-cd-account-worth-opening-may-2026/,,
"What are today's mortgage interest rates: May 14, 2026?",2026-05-14,CBS News,https://www.cbsnews.com/news/todays-mortgage-interest-rates-may-14-2026/,,
Bessent credits Dem senator with putting 'country before political ideology' in Fed chair confirmation vote,2026-05-14,Fox News,https://www.foxnews.com/politics/bessent-credits-dem-senator-putting-country-political-ideology-fed-chair-confirmation-vote,,
"US filings for jobless benefits hits 211,000 as war in Iran drags on",2026-05-14,Boston Herald,https://www.bostonherald.com/2026/05/14/us-filings-for-jobless-benefits/,,
"US filings for jobless benefits hits 211,000 as the war in Iran drags on",2026-05-14,Abcnews.com,https://abcnews.com/Business/wireStory/us-filings-jobless-benefits-hits-211000-war-iran-132959946,,
Senate confirms Kevin Warsh to succeed Jay Powell as Fed chair,2026-05-14,The Irish Times,https://www.irishtimes.com/business/2026/05/14/senate-confirms-kevin-warsh-to-succeed-jay-powell-as-fed-chair/,,
Federal Reserve Bank of Chicago president warns of inflation risks in US economy,2026-05-14,Crypto Briefing,https://cryptobriefing.com/fed-chicago-goolsbee-inflation-warning/,,
Which debt relief options can lower your monthly payments immediately?,2026-05-14,CBS News,https://www.cbsnews.com/news/debt-relief-that-lowers-monthly-payments-immediately/,,
"Why bitcoin’s recent climb to $80,000 might just be a temporary liquidity squeeze",2026-05-14,CoinDesk,https://www.coindesk.com/markets/2026/05/14/why-bitcoin-s-recent-climb-to-usd80-000-might-just-be-a-temporary-liquidity-squeeze,,
"Dow Jones Surges 406 Points to Record High Above 50,000 on Strong Economic Signals",2026-05-14,Ibtimes.com.au,https://www.ibtimes.com.au/dow-jones-surpasses-50000-earnings-fed-rate-cuts-1868833,,
Warsh confirmed for Fed chair as inflation roils plans,2026-05-14,The Week Magazine,https://theweek.com/politics/warsh-confirmed-fed-chair-inflation-plans,,
Is the Federal Reserve Quietly Fueling a Bubble? U.S. Money Supply Just Hit $22.7 Trillion,2026-05-14,24/7 Wall St.,https://247wallst.com/investing/2026/05/14/is-the-federal-reserve-quietly-fueling-a-bubble-u-s-money-supply-just-hit-22-7-trillion/,,
"US stock market jumps sharply today as Dow Jones reclaims 50,000 — Why the Dow, S&P 500 and Nasdaq are all in green after U.S.-China trade summit boost",2026-05-14,The Times of India,https://economictimes.indiatimes.com/news/international/us/us-stock-market-jumps-sharply-today-as-dow-jones-reclaims-50000-why-the-dow-sp-500-and-nasdaq-are-all-in-green-after-u-s-china-trade-summit-boost/articleshow/131096576.cms,,
"Wells Fargo Investment Institute warns that US debt trajectory is serious, but not a crisis yet",2026-05-14,Freerepublic.com,https://freerepublic.com/focus/f-chat/4379212/posts,,
Scott Bessent made a fortune spotting currency manipulation. He says Beijing’s $2.5 trillion black hole is ‘a problem for the Europeans’,2026-05-14,Fortune,https://fortune.com/2026/05/14/scott-bessent-us-china-summit-yuan-currency-manipulation-reserves/,,
"IMF warns Iran conflict threatens global growth, impacts oil supply",2026-05-14,Crypto Briefing,https://cryptobriefing.com/imf-warns-iran-conflict-threatens-global-growth-impacts-oil-supply/,,
Bessent sees 'substantial disinflation' ahead as Warsh takes over the Fed,2026-05-14,CNBC,https://www.cnbc.com/2026/05/14/bessent-sees-substantial-disinflation-ahead-as-warsh-takes-over-the-fed.html,,
"Cash-out home loans on the rise for debt reduction, renovations",2026-05-14,OCRegister,https://www.ocregister.com/2026/05/14/cash-out-home-loans-on-the-rise-for-debt-reduction-renovations/,,
AI chipmaker soars 90% in year’s biggest IPO so far,2026-05-14,NBC News,https://www.nbcnews.com/business/business-news/ai-chipmaker-cerebras-soars-90-years-biggest-ipo-far-rcna345128,,
"European Central Bank rate hikes increasingly likely due to Iran war, says Nagel",2026-05-15,Crypto Briefing,https://cryptobriefing.com/ecb-rate-hikes-iran-war-nagel/,,
Powell's legacy at the Fed to be shaped by his misjudging inflation and standing up to Trump,2026-05-15,Abcnews.com,https://abcnews.com/Business/wireStory/powells-legacy-fed-shaped-misjudging-inflation-standing-trump-132993601,,
Oil Prices Surge as Hormuz Shutdown Keeps Supply Fears Alive,2026-05-15,OilPrice.com,https://oilprice.com/Energy/Energy-General/Oil-Prices-Surge-as-Hormuz-Shutdown-Keeps-Supply-Fears-Alive.html,,
"Nifty to hit 42,000 by 2028? New paper that studied market cycles says it's possible if these factors align",2026-05-15,The Times of India,https://economictimes.indiatimes.com/markets/stocks/news/nifty-to-hit-42000-by-2028-new-paper-that-studied-market-cycles-says-its-possible-if-these-factors-align/articleshow/131115805.cms,,
NASDAQ 100 extends losses with 2.1% drop as inflation fears rattle tech stocks,2026-05-15,Crypto Briefing,https://cryptobriefing.com/nasdaq-100-extends-losses-inflation-fears/,,
"Takeaways from Fed Chair Jerome Powell's tenure as he steps down - ABC News - Breaking News, Latest News and Videos",2026-05-15,Slashdot.org,https://slashdot.org/firehose.pl?op=view&amp;id=183222053,,
"Bonds, stocks and precious metals slump as inflation fears mount, silver falls 7%",2026-05-15,CNBC,https://www.cnbc.com/2026/05/15/global-markets-stocks-bonds-silver-gold-trump-inflation.html,,
Federal Reserve faces hawkish shift in rate outlook as Iran war reshapes inflation expectations,2026-05-15,Crypto Briefing,https://cryptobriefing.com/fed-hawkish-shift-iran-war-rate-outlook/,,
"US stocks: Nasdaq, S&P 500 futures tumble 1% as yields jump on inflation worries",2026-05-15,The Times of India,https://economictimes.indiatimes.com/markets/us-stocks/news/us-stocks-nasdaq-sp-500-futures-tumble-1-as-yields-jump-on-inflation-worries/articleshow/131115594.cms,,
Takeaways from Fed chair Jerome Powell's legacy,2026-05-15,Abcnews.com,https://abcnews.com/Business/wireStory/takeaways-fed-chair-jerome-powells-legacy-132993599,,
An inflation-fueled surge in bond yields is knocking stocks down from all-time highs,2026-05-15,Business Insider,https://www.businessinsider.com/bond-yields-treasury-bonds-stock-market-today-oil-prices-inflation-2026-5,,
"Rupee hits all-time low, settles at 95.86 against US dollar",2026-05-15,The Indian Express,https://indianexpress.com/article/business/indian-rupee-record-low-95-86-usd-inr-crude-oil-iran-war-10691338/,,
‘Don’t let anyone control you with money’: Reese Witherspoon opens up about the money lessons she learned,2026-05-15,Yahoo Entertainment,https://finance.yahoo.com/markets/options/articles/don-t-let-anyone-control-122000797.html,,
Hank Paulson’s Emergency Plan,2026-05-15,Forbes,https://www.forbes.com/sites/nathanlewis/2026/05/15/hank-paulsons-emergency-plan/,,
Markets raise odds for Federal Reserve rate hike after inflation report,2026-05-15,Crypto Briefing,https://cryptobriefing.com/fed-rate-hike-odds-inflation-report/,,
Powell ends term as Fed chair: Takeaways from his tenure,2026-05-15,Abcnews.com,https://abcnews.com/Business/takeaways-fed-chair-jerome-powells-tenure-steps/story?id=132918698,,
TREASURIES-Yields surge to one-year high as oil prices and inflation data rattle markets,2026-05-15,The Times of India,https://economictimes.indiatimes.com/markets/us-stocks/news/treasuries-yields-surge-to-one-year-high-as-oil-prices-and-inflation-data-rattle-markets/articleshow/131119893.cms,,
Powell's tenure as Fed chair marked by fight for independence while trying to tame inflation,2026-05-15,The Times of India,https://economictimes.indiatimes.com/markets/us-stocks/news/powells-tenure-as-fed-chair-marked-by-fight-for-independence-while-trying-to-tame-inflation/articleshow/131120030.cms,,
"American Household Debt Reaches New Record, Report Shows",2026-05-15,The Daily Caller,https://dailycaller.com/2026/05/15/american-household-debt-new-record/,,
Court halts order declaring new Trump tariffs unlawful for now,2026-05-15,Crypto Briefing,https://cryptobriefing.com/court-halts-trump-tariffs-ruling/,,
"Best money market account rates today, May 15, 2026: Up to 4.01% APY return",2026-05-15,Yahoo Entertainment,https://finance.yahoo.com/personal-finance/banking/article/best-money-market-account-rates-today-friday-may-15-2026-100000988.html,,
"30-year Treasury yield tops 5.1%, highest in nearly a year",2026-05-15,CNBC,https://www.cnbc.com/2026/05/15/treasury-yields-surge-as-inflation-data-points-to-tricky-rates-path.html,,
Dollar Rallies Toward Best Week Since March on Fed Hike View,2026-05-15,Financial Post,https://financialpost.com/pmn/business-pmn/dollar-rallies-toward-best-week-since-march-on-fed-hike-view,,
"India bonds seen opening lower on higher oil, US yields before debt sale",2026-05-15,BusinessLine,https://www.thehindubusinessline.com/markets/india-bonds-seen-opening-lower-on-higher-oil-us-yields-before-debt-sale/article70981507.ece,,
The Stagflation Narrative: What Doomers Get Wrong – Part II,2026-05-15,Realinvestmentadvice.com,https://realinvestmentadvice.com/resources/blog/the-stagflation-narrative-what-doomers-get-wrong-part-ii-draft/,,
US Industrial Production Rises by Most in Over a Year,2026-05-15,Financial Post,https://financialpost.com/pmn/business-pmn/us-industrial-production-rises-by-most-in-over-a-year,,
What ‘regime change’ does Kevin Warsh have in mind at the US Federal Reserve?,2026-05-15,Livemint,https://www.livemint.com/opinion/online-views/kevin-warsh-us-federal-reserve-regime-change-fed-central-banks-global-economy-11778784504063.html,,
US Stock Market: Fed’s Barr warns against easing bank liquidity rules to shrink balance sheet,2026-05-15,The Times of India,https://economictimes.indiatimes.com/markets/us-stocks/news/us-stock-market-feds-barr-warns-against-easing-bank-liquidity-rules-to-shrink-balance-sheet/articleshow/131107914.cms,,
US Stock Market: Bond markets brace for higher-for-longer yields amid oil price surge,2026-05-15,The Times of India,https://economictimes.indiatimes.com/markets/us-stocks/news/us-stock-market-bond-markets-brace-for-higher-for-longer-yields-amid-oil-price-surge/articleshow/131108036.cms,,
Rupee falls 30 paise to 95.94 against US dollar in early trade,2026-05-15,BusinessLine,https://www.thehindubusinessline.com/markets/forex/rupee-falls-30-paise-to-9594-against-us-dollar-in-early-trade/article70981532.ece,,
Kevin Warsh takes the Fed helm: What it means for global markets,2026-05-15,Economictimes.com,https://m.economictimes.com/markets/us-stocks/news/kevin-warsh-takes-the-fed-helm-what-it-means-for-global-markets/kevin-warsh-takes-charge-of-the-federal-reserve/slideshow/131109755.cms,,
No jet fuel shortage this summer and the future of the insurance market,2026-05-15,The Irish Times,https://www.irishtimes.com/business/2026/05/15/no-jet-fuel-shortage-this-summer-and-the-future-of-the-insurance-market/,,
Silver Shadows: Surviving the great wealth transfer,2026-05-15,Naturalnews.com,https://www.naturalnews.com/2026-05-15-silver-shadows-surviving-the-great-wealth-transfer.html,,
Analysts: Bitcoin Shows Four Signs of Resumed Bullish Momentum,2026-05-15,Naturalnews.com,https://www.naturalnews.com/2026-05-15-bitcoin-shows-four-signs-resumed-bullish-momentum.html,,
"Oil price strain keeps rupee near record low, state banks' dollar sales cushion",2026-05-15,The Times of India,https://economictimes.indiatimes.com/markets/forex/forex-news/oil-price-strain-keeps-rupee-near-record-low-state-banks-dollar-sales-cushion/articleshow/131110250.cms,,
"Rupee slides to record low, crosses 96 vs USD for the first time",2026-05-15,The Times of India,https://economictimes.indiatimes.com/markets/forex/rupee-slides-to-record-low-crosses-96-vs-usd-for-the-first-time/articleshow/131113395.cms,,
"Nikos, the nerves, the property (the “million” is not bad), Zois’ concerns and Samaras, Qatar (and others) is entering PPC, the closed-door lunch of the Greeks",2026-05-15,Protothema.gr,https://en.protothema.gr/2026/05/15/nikos-the-nerves-the-property-the-million-is-not-bad-zois-concerns-and-samaras-qatar-and-others-is-entering-ppc-the-closed-door-lunch-of-the-greeks/,,
"Bank of Korea’s New Board Member Flags Inflation, Housing Risks",2026-05-15,Financial Post,https://financialpost.com/pmn/business-pmn/bank-of-koreas-new-board-member-flags-inflation-housing-risks,,
"US Stock Market on Friday: S&P 500, Dow Jones, Nasdaq to crash today or these factors will uplift Wall Street? details here",2026-05-15,The Times of India,https://economictimes.indiatimes.com/news/international/us/us-stock-market-on-friday-sp-500-dow-jones-nasdaq-to-crash-today-or-these-factors-will-uplift-wall-street-details-here/articleshow/131112035.cms,,
"Gold slips as dollar firms, rate cut hopes fade",2026-05-15,BusinessLine,https://www.thehindubusinessline.com/markets/stock-markets/gold-slips-as-dollar-firms-rate-cut-hopes-fade/article70981915.ece,,
Silver futures slump nearly 6% to ₹2.74 lakh/kg as global selloff deepens,2026-05-15,BusinessLine,https://www.thehindubusinessline.com/markets/commodities/silver-futures-slump-nearly-6-to-274-lakhkg-as-global-selloff-deepens/article70982120.ece,,
"Federal Reserve bids $10B for 10-year notes, and crypto markets should pay attention",2026-05-15,Crypto Briefing,https://cryptobriefing.com/fed-bids-10b-10-year-treasury-notes/,,
How will Jerome Powell be remembered as he exits as Fed chair?,2026-05-15,CBS News,https://www.cbsnews.com/news/jerome-powell-federal-reserve-chair-kevin-warsh-trump/,,
Powell's legacy at the Fed to be shaped by his misjudging inflation and standing up to Trump,2026-05-15,seattlepi.com,https://www.seattlepi.com/news/politics/article/powell-s-legacy-at-the-fed-to-be-shaped-by-his-22260505.php,,
Takeaways from Fed chair Jerome Powell's legacy,2026-05-15,seattlepi.com,https://www.seattlepi.com/news/politics/article/takeaways-from-fed-chair-jerome-powell-s-legacy-22260503.php,,
Inflation in America is rising faster than paychecks — again. Expert warns rest of 2026 is all about ‘belt tightening.’,2026-05-15,Yahoo Entertainment,https://finance.yahoo.com/economy/articles/inflation-america-rising-faster-paychecks-091500126.html,,
"Trump’s economic agenda is testing the institutional foundations of neoliberalism, not just its policies",2026-05-15,Lse.ac.uk,https://blogs.lse.ac.uk/usappblog/2026/05/15/trumps-economic-agenda-is-testing-the-institutional-foundations-of-neoliberalism-not-just-its-policies/,,
Dollar rides rising yields to largest weekly gain in two months,2026-05-15,BusinessLine,https://www.thehindubusinessline.com/markets/forex/dollar-rides-rising-yields-to-largest-weekly-gain-in-two-months/article70981604.ece,,
Gold And Silver Plunge On Inflation Fears After Hitting Highest Prices In Months,2026-05-15,Forbes,https://www.forbes.com/sites/conormurray/2026/05/15/gold-and-silver-plunge-on-inflation-fears-after-hitting-highest-prices-in-months/,,
Donald Trump’s ‘sock puppet’ takes over the Federal Reserve. What happens next?,2026-05-15,The Irish Times,https://www.irishtimes.com/business/2026/05/15/donald-trumps-sock-puppet-takes-over-the-federal-reserve-what-happens-next/,,
Plurality Of Americans Say All Their Money Is Going Toward Living Expenses Amid Affordability Crisis,2026-05-15,The Daily Caller,https://dailycaller.com/2026/05/15/americans-all-their-money-living-expenses-affordability-crisis/,,
Plurality of Americans say all their money is going to living expenses,2026-05-15,Wnd.com,https://www.wnd.com/2026/05/plurality-americans-say-all-their-money-is-going/,,
Takeaways from Fed chair Jerome Powell's legacy,2026-05-15,PBS,https://www.pbs.org/newshour/economy/takeaways-from-fed-chair-jerome-powells-legacy,,
"Honey, Who Shrunk the U.S. Income Surplus?",2026-05-15,Newyorkfed.org,https://libertystreeteconomics.newyorkfed.org/2026/05/honey-who-shrunk-the-u-s-income-surplus/,,
"Iran tensions drive WTI crude oil surge, Fed rate cut odds fall for 2026",2026-05-15,Crypto Briefing,https://cryptobriefing.com/iran-tensions-drive-wti-crude-oil-surge-fed-rate-cut-odds-fall-for-2026/,,
Global indexes fall as bond yields rise,2026-05-15,The Irish Times,https://www.irishtimes.com/business/2026/05/15/global-indexes-fall-as-bond-yields-rise/,,
Traders price in Fed rate hike after inflation surge,2026-05-15,Quartz India,https://qz.com/fed-rate-hike-traders-futures-inflation-cpi-ppi-051526,,
Jerome Powell and the Future of Fed Independence,2026-05-15,NPR,https://www.npr.org/2026/05/15/nx-s1-5823832/jerome-powell-federal-reserve-term-end-future,,
US stocks today: Dow Jones crashes 500 points on mounting inflation worries,2026-05-15,The Times of India,https://economictimes.indiatimes.com/markets/us-stocks/news/us-stocks-today-us-stocks-end-lower-on-mounting-inflation-worries/articleshow/131127334.cms,,
"Global bond yields hit multi-year highs on inflation, oil prices",2026-05-15,Quartz India,https://qz.com/global-bond-yields-surge-inflation-oil-prices-051526,,
"Gold Falls Toward $4,550 as Fed-Cut Hopes Fade",2026-05-15,Yahoo Entertainment,https://finance.yahoo.com/markets/commodities/articles/gold-falls-toward-4-550-201103107.html,,
Report: Freight Market Enters Uncharted Territory as Truck Scarcity and Record Prices Collide,2026-05-15,GlobeNewswire,https://www.globenewswire.com/news-release/2026/05/15/3296063/0/en/Report-Freight-Market-Enters-Uncharted-Territory-as-Truck-Scarcity-and-Record-Prices-Collide.html,,
Treasury Yields Just Hit a 1-Year High—Here’s How You May Feel It,2026-05-15,Investopedia,https://www.investopedia.com/treasury-yields-just-hit-a-high-and-consumers-may-feel-it-11975845,,
Wall Street ends lower on mounting inflation worries,2026-05-15,The Straits Times,https://www.straitstimes.com/business/companies-markets/wall-street-ends-lower-on-mounting-inflation-worries,,
"Dow Jones, S&P 500 and Nasdaq end this week lower as tech stocks slide, Treasury yields and oil prices climb after Trump-Xi China summit disappoints investors - US stock market performance today May 15",2026-05-15,The Times of India,https://economictimes.indiatimes.com/news/international/us/dow-jones-sp-500-and-nasdaq-end-this-week-lower-as-tech-stocks-slide-treasury-yields-and-oil-prices-climb-after-trump-xi-china-summit-disappoints-investors-us-stock-market-performance-today-may-15/articleshow/131127482.cms,,
Jerome H. Powell steps down as Federal Reserve chair after eight years,2026-05-15,Crypto Briefing,https://cryptobriefing.com/powell-steps-down-fed-chair/,,
Weekly Wrap: Crypto Falls Alongside Stocks As Treasury Yields Spike,2026-05-15,Cryptoprowl.com,https://www.cryptoprowl.com/releases/weekly-wrap-crypto-falls-alongside-stocks-as-treasury-yields-spike-5500,,
"How Jerome Powell navigated pandemic, inflation and Trump - Axios",2026-05-15,Slashdot.org,https://slashdot.org/firehose.pl?op=view&amp;id=183228653,,
Stop Obsessing Over Interest Rates. Focus on These 3 Moves Instead,2026-05-15,24/7 Wall St.,https://247wallst.com/investing/2026/05/15/stop-obsessing-over-interest-rates-focus-on-these-3-moves-instead/,,
Jim Cramer: Why the bond market has become a thorn in the market's side,2026-05-15,CNBC,https://www.cnbc.com/2026/05/15/jim-cramer-why-the-bond-market-has-become-a-thorn-in-the-markets-side.html,,
Breitbart Business Digest: Manufacturing Roars While Jerome Powell Cleans Out His Desk,2026-05-15,Breitbart News,https://www.breitbart.com/economy/2026/05/15/breitbart-business-digest-manufacturing-roars-while-jerome-powell-cleans-out-his-desk/,,
"Dow Plunges 395 Points to 49,667 as Tech Sell-Off Triggers Broad Market Pullback",2026-05-15,Ibtimes.com.au,https://www.ibtimes.com.au/dow-jones-drops-400-points-tech-sell-off-interest-rate-concerns-1868906,,
"Latest Inflation Report: What It Could Mean For Bitcoin, Ethereum, And Solana Ahead",2026-05-15,newsBTC,http://www.newsbtc.com/breaking-news-ticker/latest-inflation-report-what-it-could-mean-for-bitcoin-ethereum-and-solana-ahead/,,
Dollar Notches Best Week Since Early March on Fed Hike View,2026-05-15,Yahoo Entertainment,https://finance.yahoo.com/markets/currencies/articles/dollar-rallies-toward-best-week-104919294.html,,
Demand for longer-term U.S. debt gets weaker as one shock after another stokes fear that high inflation is here to stay,2026-05-15,Fortune,https://fortune.com/2026/05/15/us-debt-demand-long-bond-yield-treasury-auction-inflation-iran-war-us-china-summit/,,
Fed Faces Regime Change as Powell's Steps Down as Chair,2026-05-15,Yahoo Entertainment,https://finance.yahoo.com/video/fed-faces-regime-change-powells-183700240.html,,
US-Iran tensions keep Fed rate cuts unlikely in 2026 amid inflation concerns,2026-05-15,Crypto Briefing,https://cryptobriefing.com/us-iran-tensions-keep-fed-rate-cuts-unlikely-in-2026-amid-inflation-concerns/,,
The Weekly Wrap: Lowering City Speed Limits Isn’t Leading to Traffic Congestion,2026-05-15,Nextcity.org,https://nextcity.org/urbanist-news/the-weekly-wrap-lowering-city-speed-limits-isnt-leading-to-traffic-congesti,,
"Inflation rate projected to hit 6% in the second quarter, top economic forecasters say",2026-05-15,CNBC,https://www.cnbc.com/2026/05/15/inflation-rate-projected-to-hit-6percent-in-the-second-quarter-top-economic-forecasters-say.html,,
Foresight Adopts Stock Repurchase Plan,2026-05-15,GlobeNewswire,https://www.globenewswire.com/news-release/2026/05/15/3295977/0/en/Foresight-Adopts-Stock-Repurchase-Plan.html,,
Are adjustable-rate mortgages worth considering right now? Here's what experts say,2026-05-15,CBS News,https://www.cbsnews.com/news/adjustable-rate-mortgages-worth-considering-2026/,,
Jerome Powell’s Most Controversial Statements as Ex-Fed Chair: How His Words Shaped Markets,2026-05-15,Bitcoinfoundation.org,https://bitcoinfoundation.org/news/regulation/jerome-powell-most-controversial-statements/,,
Dollar rides rising yields to largest weekly gain in two months,2026-05-15,CNBC,https://www.cnbc.com/2026/05/15/dollar-rides-rising-yields-to-largest-weekly-gain-in-two-months.html,,
"Bitcoin falls below $79,000 amid bond yield, inflation concerns",2026-05-15,Crypto Briefing,https://cryptobriefing.com/bitcoin-falls-below-79000-amid-bond-yield-inflation-concerns/,,
"Why is US stock market falling today? Dow Jones, S&P 500 and Nasdaq crash after Trump concludes China visit - Nvidia and Amazon stocks sink amid inflation fears and Iran war uncertainty shaking Wall Street",2026-05-15,The Times of India,https://economictimes.indiatimes.com/news/international/us/why-is-us-stock-market-falling-today-dow-jones-sp-500-and-nasdaq-crash-after-trump-concludes-china-visit-nvidia-and-amazon-stocks-sink-amid-inflation-fears-and-iran-war-uncertainty-shaking-wall-street/articleshow/131120735.cms,,
Dollar climbs for fifth straight day as Fed rate hike bets grow,2026-05-15,Yahoo Entertainment,https://finance.yahoo.com/markets/currencies/articles/dollar-rides-rising-yields-largest-045936182.html,,
Dollar climbs for fifth straight day as Fed rate hike bets grow,2026-05-15,CNA,https://www.channelnewsasia.com/business/dollar-climbs-fifth-straight-day-fed-rate-hike-bets-grow-6122806,,
Sen. Elizabeth Warren sends letter to incoming Fed Chair Kevin Warsh to press him on asset divestment,2026-05-15,Yahoo Entertainment,https://finance.yahoo.com/economy/article/sen-elizabeth-warren-sends-letter-to-incoming-fed-chair-kevin-warsh-to-press-him-on-asset-divestment-150000242.html,,
SocGen Says Warsh Faces Big Test With Yields Turning ‘Unhinged’,2026-05-15,Financial Post,https://financialpost.com/pmn/business-pmn/socgen-says-warsh-faces-big-test-with-yields-turning-unhinged,,
Fed Rate Cuts Are Over. Expect Hikes as Stagflation Is Ready to Strike,2026-05-15,24/7 Wall St.,https://247wallst.com/investing/2026/05/15/fed-rate-cuts-are-over-expect-hikes-as-stagflation-is-ready-to-strike/,,
BofA’s Hartnett says stock market ripe for profit taking in June,2026-05-15,Financial Post,https://financialpost.com/investing/stock-market-ripe-for-profit-taking,,
"$25,000 short-term CD vs. $25,000 high-yield savings account: Which will earn more this year?",2026-05-15,CBS News,https://www.cbsnews.com/news/25000-short-term-cd-vs-high-yield-savings-which-earn-more-2026/,,
"S&P 500 Drops 0.99% to 7,427 as Tech Sell-Off and Hot Inflation Data Weigh on Markets",2026-05-15,Ibtimes.com.au,https://www.ibtimes.com.au/sp500-drops-tech-selloff-inflation-concerns-1868910,,
Grayscale report: US inflation pressures delay Fed rate cuts until Sept 2027,2026-05-15,Crypto Briefing,https://cryptobriefing.com/grayscale-report-us-inflation-pressures-delay-fed-rate-cuts-until-sept-2027/,,
G-7 to Discuss Bond Selloff Sending Yields to Multi-Decade Highs,2026-05-15,Financial Post,https://financialpost.com/pmn/business-pmn/g-7-to-discuss-bond-selloff-sending-yields-to-multi-decade-highs,,
SolarEdge Stock Surges 13% on Strong Earnings Beat and Upgraded Solar Outlook,2026-05-15,Ibtimes.com.au,https://www.ibtimes.com.au/solaredge-technologies-surges-strong-q1-results-market-recovery-1868908,,
30-year Treasury yield highest level since June 2007!,2026-05-15,Financial Advisor Magazine,https://www.fa-mag.com/news/treasury-buyers-get-5--long-bond-for-first-time-since-2007-87023.html,,
"US consumer inflation rises 3.8% in April, highest in three years",2026-05-15,Crypto Briefing,https://cryptobriefing.com/us-consumer-inflation-april-three-year-high/,,
Stephen Miran exits the Fed. How he set the stage for Kevin Warsh.,2026-05-15,CNBC,https://www.cnbc.com/2026/05/15/stephen-miran-exits-the-fed-how-he-set-the-stage-for-kevin-warsh.html,,
Crypto gives back gains as macro headwinds overwhelm regulatory optimism,2026-05-15,Crypto Briefing,https://cryptobriefing.com/crypto-macro-headwinds-regulatory-optimism/,,
How many Fed chairs were confirmed? #politics,2026-05-16,Alltoc.com,https://alltoc.com/politics/how-many-fed-chairs-were-confirmed,,
"Trump says Xi agrees Iran must open strait, China says war shouldn't have started",2026-05-16,Yahoo Entertainment,https://www.yahoo.com/news/articles/trump-says-xi-agrees-iran-071302260.html,,
Slate Money - We Need to Talk About Kevin (Warsh),2026-05-16,Acast.com,https://shows.acast.com/slate-money/episodes/6a07498fd98ee73f6337e7a1,,
Europe lacks everything needed to make its stock market a winner,2026-05-16,The Times of India,https://economictimes.indiatimes.com/markets/us-stocks/news/europe-lacks-everything-needed-to-make-its-stock-market-a-winner/articleshow/131131403.cms,,
"Trump says Xi agrees Iran must open strait, China says war shouldn't have started",2026-05-16,BusinessLine,https://www.thehindubusinessline.com/news/world/trump-says-xi-agrees-iran-must-open-strait-china-says-war-shouldnt-have-started/article70986288.ece,,
Europe Lacks Everything Needed to Make Its Stock Market a Winner,2026-05-16,Financial Post,https://financialpost.com/pmn/business-pmn/europe-lacks-everything-needed-to-make-its-stock-market-a-winner,,
US Fed board names Powell temporary chief pending Warsh swearing-in,2026-05-16,The Times of India,https://economictimes.indiatimes.com/news/international/world-news/us-fed-board-names-powell-temporary-chief-pending-warsh-swearing-in/articleshow/131130106.cms,,
US Stocks end lower on mounting inflation worries,2026-05-16,The Times of India,https://economictimes.indiatimes.com/markets/us-stocks/news/us-stocks-end-lower-on-mounting-inflation-worries/articleshow/131131912.cms,,
Powell gets temporary Fed chair role as Senate-confirmed Warsh prepares to take over,2026-05-16,Crypto Briefing,https://cryptobriefing.com/powell-temporary-fed-chair-role-senate-confirmed-warsh-prepares-take-over/,,
Stocks fall as inflation jitters lift bond yields: Markets wrap,2026-05-16,Bloomberg,https://www.bloomberg.com/news/articles/2026-05-14/asian-stocks-to-rise-as-ai-rally-spurs-wall-street-markets-wrap,,
"Gold and silver price today, 16 May: Check retail rates of 24K, 22K gold and 999 silver in Delhi, Mumbai, other cities",2026-05-16,Livemint,https://www.livemint.com/money/gold-and-silver-price-today-16-may-check-retail-rates-of-24k-22k-gold-and-999-silver-in-delhi-mumbai-other-cities-11778897288189.html,,
What Does The Rising US Inflation Mean for Bitcoin?,2026-05-16,Bitcoinist,https://bitcoinist.com/rising-us-inflation-on-bitcoin/,,
3 reasons why bond yields could keep surging,2026-05-16,Business Insider,https://www.businessinsider.com/why-are-bond-yields-rising-interest-rates-treasury-bonds-inflation-2026-5,,
Global bonds battered as flaring inflation spooks investors,2026-05-16,The Times of India,https://economictimes.indiatimes.com/markets/bonds/global-bonds-battered-as-flaring-inflation-spooks-investors/articleshow/131131944.cms,,
"'It does feel a little bit casino-like': The AI rally has hit late-1990s extremes, Wall Street warns",2026-05-16,Yahoo Entertainment,https://finance.yahoo.com/markets/stocks/articles/does-feel-little-bit-casino-091500769.html,,
Michael Hudson: US Designs on Iran and the Trump-Xi Summit,2026-05-16,Nakedcapitalism.com,https://www.nakedcapitalism.com/2026/05/michael-hudson-us-designs-on-iran-and-the-trump-xi-summit.html,,
Wolfe Research Flags Central Bank Risks as Oil Prices Stay Elevated,2026-05-16,Advfn.com,https://investorshub.advfn.com/market-news/article/28482/wolfe-research-flags-central-bank-risks-as-oil-prices-stay-elevated,,
Trump returns to the U.S. from China with pressure over rising inflation,2026-05-16,PBS,https://www.pbs.org/newshour/economy/trump-returns-to-the-u-s-from-china-with-pressure-over-rising-inflation,,
"US pending home sales rise 9.6% year-over-year, hitting highest level since September 2022",2026-05-16,Crypto Briefing,https://cryptobriefing.com/us-pending-home-sales-highest-since-2022/,,
"Trump administration allows Russia oil sales waiver to expire, then reverses course days later",2026-05-16,Crypto Briefing,https://cryptobriefing.com/trump-russia-oil-waiver-expires-crypto-impact/,,
Iran warns of readiness for war and economic costs as US talks falter,2026-05-16,Al Jazeera English,https://www.aljazeera.com/news/2026/5/16/iran_warns_of_readiness_for_war_and_economic_costs_as_us_talks_falter,,
Brass bands in Beijing make way for sticker shock at home as Trump returns to escalating inflation,2026-05-16,Abcnews.com,https://abcnews.com/Business/wireStory/brass-bands-beijing-make-sticker-shock-home-trump-133028920,,
"Why Is the US Job Market So Tough, Especially for Recent College Grads?",2026-05-16,Slashdot.org,https://it.slashdot.org/story/26/05/16/0451234/why-is-the-us-job-market-so-tough-especially-for-recent-college-grads,,
Federal Reserve and the story of gold vs equities,2026-05-16,BusinessLine,https://www.thehindubusinessline.com/portfolio/personal-finance/federal-reserve-and-the-story-of-gold-vs-equities/article70986454.ece,,
The bond market is flashing a warning over Iran. A veteran of energy geopolitics explains the risk,2026-05-16,CNBC,https://www.cnbc.com/2026/05/16/the-bond-market-is-flashing-a-warning-energy-geopolitics-expert-warns.html,,
Kevin Warsh comes into the Fed facing a big 'family fight' over cutting interest rates,2026-05-16,CNBC,https://www.cnbc.com/2026/05/16/kevin-warsh-comes-into-the-fed-facing-a-big-family-fight-over-cutting-interest-rates.html,,
Meta Stock 2026: Buy Recommendation as AI and Advertising Drive Momentum,2026-05-16,Ibtimes.com.au,https://www.ibtimes.com.au/meta-platforms-investment-opportunity-2026-1868957,,
Brass bands in Beijing make way for sticker shock at home as Trump returns to escalating inflation,2026-05-16,seattlepi.com,https://www.seattlepi.com/business/article/brass-bands-in-beijing-make-way-for-sticker-shock-22262286.php,,
Kevin (Warsh) Can Wait,2026-05-16,Slate Magazine,https://slate.com/podcasts/slate-money/2026/05/business-kevin-warsh-donald-trump-fed-chair-china-xi-chips-artificial-intelligence,,
Iranian leader warns of 'brand new' financial crisis hitting America — mocks 5% Treasury yield and $39T debt,2026-05-16,Yahoo Entertainment,https://finance.yahoo.com/economy/policy/articles/iranian-leader-warns-brand-financial-110000904.html,,
Rising yields threaten to derail tech and AI stock rally,2026-05-16,Crypto Briefing,https://cryptobriefing.com/rising-yields-threaten-tech-ai-rally/,,
"Emerging Carry Trade Rebounds With Real, Rand Among Favorites",2026-05-17,Financial Post,https://financialpost.com/pmn/business-pmn/emerging-carry-trade-rebounds-with-real-rand-among-favorites,,
Kevin Warsh’s first challenge as Fed Chair is to fight inflation — while keeping Trump happy,2026-05-17,New York Post,https://nypost.com/2026/05/16/business/kevin-warshs-first-challenge-as-fed-chair-is-to-fight-inflation-while-keeping-trump-happy/,,
"US Treasury allows sanctions waiver on Russian seaborne oil to lapse, raising global supply concerns",2026-05-17,Crypto Briefing,https://cryptobriefing.com/us-treasury-russian-oil-sanctions-waiver-lapse-2/,,
"Why patience, value and mean reversion could define the next market cycle",2026-05-17,The Times of India,https://economictimes.indiatimes.com/markets/stocks/news/why-patience-value-and-mean-reversion-could-define-the-next-market-cycle/articleshow/131148611.cms,,
US Fed likely to keep rates unchanged through 2026 amid inflation risks: Report,2026-05-17,BusinessLine,https://www.thehindubusinessline.com/markets/us-fed-likely-to-keep-rates-unchanged-through-2026-amid-inflation-risks-report/article70989725.ece,,
US Fed likely to hold rates through 2026 as inflation risks overshadow labour market weakness: Report,2026-05-17,The Times of India,https://economictimes.indiatimes.com/markets/us-stocks/news/us-fed-likely-to-hold-rates-through-2026-as-inflation-risks-overshadow-labour-market-weakness-report/articleshow/131150163.cms,,
"Opening Strait of Hormuz is of 'utmost importance', Eurogroup head says ahead of G7 finance ministers' meeting",2026-05-17,CNBC,https://www.cnbc.com/2026/05/17/opening-strait-of-hormuz-is-of-utmost-importance-eurogroup-head.html,,
Do you know the net worth needed to join the 1%? How to build a first-class portfolio to set yourself up for success,2026-05-17,Yahoo Entertainment,https://finance.yahoo.com/markets/stocks/articles/know-net-worth-needed-join-120000708.html,,
100 Things Thomas Massie Has Done to Protect Americans’ Freedoms,2026-05-17,Freerepublic.com,https://freerepublic.com/focus/f-bloggers/4379688/posts,,
Why Does It Seem Like Everybody Trades Futures Now? Is It Really 'The End Game For All Successful Traders?',2026-05-17,Yahoo Entertainment,https://finance.yahoo.com/markets/options/articles/why-does-seem-everybody-trades-133046678.html,,
Stock market today: Live updates,2026-05-17,CNBC,https://www.cnbc.com/2026/05/17/stock-market-today-live-updates.html,,
BlackRock's Jeff Rosenberg Pushes Back On Inflation Panic After CPI And PPI Shock— 'Better In The Details',2026-05-17,Yahoo Entertainment,https://finance.yahoo.com/economy/policy/articles/blackrocks-jeff-rosenberg-pushes-back-163029528.html,,
What Is A 'C-Shaped' Economy? Wall Street's New Buzzword Explained,2026-05-17,Yahoo Entertainment,https://finance.yahoo.com/economy/articles/c-shaped-economy-wall-streets-173144457.html,,
"Kevin Warsh confirmed as new Federal Reserve Chair, succeeding Jerome Powell",2026-05-17,Crypto Briefing,https://cryptobriefing.com/kevin-warsh-confirmed-as-new-federal-reserve-chair-succeeding-jerome-powell/,,
How some countries dodged interest rate rises for years,2026-05-17,ABC News (AU),https://www.abc.net.au/news/2026-05-18/why-is-australias-interest-rate-high-compared-to-other-countries/106655098,,
"Supply shocks weren’t random. They were strategic—and should be seen as ‘supply coercion’ instead, former Fed official says",2026-05-17,Fortune,https://fortune.com/2026/05/17/supply-shocks-coercion-random-strategic-russia-gas-hormuz-oil-china-rare-earths-fed-rates/,,
Stocks in Focus After Bonds Send Inflation Alarm,2026-05-17,Financial Post,https://financialpost.com/pmn/business-pmn/stocks-in-focus-after-bonds-send-inflation-alarm,,
Gundlach says it’s ‘just not possible’ for the Fed to cut rates,2026-05-17,Fortune,https://fortune.com/2026/05/17/jeffrey-gundlach-doubleline-fed-rate-cuts-not-possible-inflation-kevin-warsh/,,
What Lies Ahead for AI and Semiconductor Shares?,2026-05-17,Newsonjapan.com,https://newsonjapan.com/article/149240.php,,
"Bitcoin slides below $76,800 as ETF outflows and inflation fears pressure crypto markets",2026-05-18,Coinjournal.net,https://coinjournal.net/news/bitcoin-slides-below-76800-as-etf-outflows-and-inflation-fears-pressure-crypto-markets/,,
"Why gold weakens below ₹1,58,500 amid Fed rate hike fears",2026-05-18,BusinessLine,https://www.thehindubusinessline.com/markets/gold/why-gold-weakens-below-158500-amid-fed-rate-hike-fears/article70992949.ece,,
Treasury yields rise amid global bond rout as inflation fears grip investors,2026-05-18,CNBC,https://www.cnbc.com/2026/05/18/treasury-yields-inflation-bond-rout-oil.html,,
No Deal In Sight to End Iran War,2026-05-18,Rigzone,https://www.rigzone.com/news/wire/no_deal_in_sight_to_end_iran_war-18-may-2026-183708-article/,,
"EXCLUSIVE: An hour in the Oval Office with the CEO-in-Chief, President Trump",2026-05-18,Fortune,https://fortune.com/2026/05/18/trump-interview-economic-strategy-tariffs-ai-dealmaking-china-summit/,,
Commodity Radar: Rupee's record lows support gold prices. Can fresh base formation trigger upside?,2026-05-18,The Times of India,https://economictimes.indiatimes.com/markets/commodities/news/commodity-radar-rupees-record-lows-support-gold-prices-can-fresh-base-formation-trigger-upside/articleshow/131172330.cms,,
Gold steadies after hitting over 1-1/2-month low on robust yields,2026-05-18,Yahoo Entertainment,https://sg.finance.yahoo.com/news/gold-slips-1-1-2-013510310.html,,
German 10-year bond yield stays at 15-year high amid global bond rout,2026-05-18,The Times of India,https://economictimes.indiatimes.com/markets/bonds/german-10-year-bond-yield-stays-at-15-year-high-amid-global-bond-rout/articleshow/131172630.cms,,
New era begins: Warsh steps into Fed role; Prepares for inflation battle and potential rate hikes,2026-05-18,The Times of India,https://economictimes.indiatimes.com/news/international/new-era-begins-warsh-steps-into-fed-role-prepares-for-inflation-battle-and-potential-rate-hikes/articleshow/131173386.cms,,
"When Will Americans Realize the Truth?
Republicans Wreck the Economy.",2026-05-18,The New Republic,https://newrepublic.com/article/210550/trump-economy-republicans-tariffs-taxes,,
"Best CD rates today, May 18, 2026: Lock in up to 4% APY",2026-05-18,Yahoo Entertainment,https://finance.yahoo.com/personal-finance/banking/article/best-cd-rates-today-monday-may-18-2026-100000567.html,,
Global bond selloff drives yields to multi-year highs amid market turmoil,2026-05-18,Crypto Briefing,https://cryptobriefing.com/global-bond-selloff-yields-multi-year-highs/,,
Morgan Stanley warns stock rally at risk from bond selloff,2026-05-18,Crypto Briefing,https://cryptobriefing.com/morgan-stanley-warns-stock-rally-bond-selloff/,,
Global bond rout deepens as Iran war drags on and underscores inflation fears,2026-05-18,The Times of India,https://economictimes.indiatimes.com/markets/bonds/global-bond-rout-deepens-as-iran-war-drags-on-and-underscores-inflation-fears/articleshow/131174756.cms,,
BTC Price Drops Below $77K: What Is Happening With Bitcoin and Crypto on May 18?,2026-05-18,Bitcoinfoundation.org,https://bitcoinfoundation.org/news/bitcoin/btc-may-18/,,
"Rising bond yields and oil prices weigh on markets as Samsung gains on government intervention: Dow Jones, S&P, Nasdaq, Wall Street Futures",2026-05-18,Advfn.com,https://investorshub.advfn.com/market-news/article/28505/rising-bond-yields-and-oil-prices-weigh-on-markets-as-samsung-gains-on-government-intervention-dow-jones-sp-nasdaq-wall-street-futures,,
US Stock Market: Sticky inflation complicates Kevin Warsh’s Fed transition as rate hike odds jump,2026-05-18,The Times of India,https://economictimes.indiatimes.com/markets/us-stocks/news/us-stock-market-sticky-inflation-complicates-kevin-warshs-fed-transition-as-rate-hike-odds-jump/articleshow/131169016.cms,,
Gold consolidates as Fed rate hike expectations weigh on prices,2026-05-18,Crypto Briefing,https://cryptobriefing.com/gold-consolidates-fed-rate-expectations/,,
"Global stocks skid, bonds buckle as oil climbs",2026-05-18,Yahoo Entertainment,https://finance.yahoo.com/markets/commodities/articles/asia-shares-slip-oil-prices-002634344.html,,
Ominous bond trades point to much higher rates,2026-05-18,CNBC,https://www.cnbc.com/2026/05/18/ominous-bond-trades-point-to-much-higher-rates.html,,
"Global Market Today: Asian shares slip, oil prices pile pressure on bonds",2026-05-18,The Times of India,https://economictimes.indiatimes.com/markets/us-stocks/news/global-market-today-asian-shares-slip-oil-prices-pile-pressure-on-bonds/articleshow/131164028.cms,,
"Dollar firms as oil climbs, bond rout saps risk appetite",2026-05-18,CNA,https://www.channelnewsasia.com/business/dollar-firms-oil-climbs-bond-rout-saps-risk-appetite-6127456,,
"Dollar firms as oil climbs, bond rout saps risk appetite",2026-05-18,The Times of India,https://economictimes.indiatimes.com/markets/forex/forex-news/dollar-firms-as-oil-climbs-bond-rout-saps-risk-appetite/articleshow/131164355.cms,,
"Gold slips to 1-1/2-month low as Middle East tensions lift oil, cloud rate outlook",2026-05-18,The Times of India,https://economictimes.indiatimes.com/markets/commodities/news/gold-slips-to-1-1/2-month-low-as-middle-east-tensions-lift-oil-cloud-rate-outlook/articleshow/131164376.cms,,
"Bitcoin Price Today, May 16, 2026: BTC Price Down to USD 76,869 Amid Rate Hike Fears and Whale Profit-Taking Liquidate Long Positions",2026-05-18,LatestLY,https://www.latestly.com/business/bitcoin-price-today-may-16-2026-btc-price-down-to-usd-76869-amid-rate-hike-fears-and-whale-profit-taking-liquidate-long-positions-7434711.html,,
US Long Bond Yield Hits Highest Since 2023 on Inflation Concern,2026-05-18,Financial Post,https://financialpost.com/pmn/business-pmn/us-long-bond-yield-hits-highest-since-2023-on-inflation-concern,,
"Stocks skid in Asia, bonds buckle as oil climbs",2026-05-18,CNA,https://www.channelnewsasia.com/business/stocks-skid-in-asia-bonds-buckle-oil-climbs-6127386,,
"Silver import curbs, US-Iran tensions to keep bullion market volatile next week: Analysts",2026-05-18,BusinessLine,https://www.thehindubusinessline.com/markets/gold/silver-import-curbs-us-iran-tensions-to-keep-bullion-market-volatile-next-week-analysts/article70992324.ece,,
"For Now at Least, Retail Property Owners Remain on Steady Ground Despite Global Economic and Political Turmoil",2026-05-18,WWD,http://wwd.com/business-news/retail/icsc-las-vegas-retail-real-estate-ai-redevelopments-1238933437/,,
ASX 200 Tumbles 124 Points (1.44%) in Sharp Sell-Off Amid Global Market Concerns,2026-05-18,Ibtimes.com.au,https://www.ibtimes.com.au/asx-200-plummets-global-economic-concerns-1869063,,
"Why is market falling today? Sensex crashes 900 points, Nifty below 23,400; 5 key factors behind bloodbath",2026-05-18,The Times of India,https://economictimes.indiatimes.com/markets/stocks/news/why-is-market-falling-today-sensex-crashes-850-points-nifty-below-23400-5-key-factors-behind-bloodbath/articleshow/131166047.cms,,
Gold steadies on dip-buying after hitting over one-month low on higher oil prices,2026-05-18,BusinessLine,https://www.thehindubusinessline.com/markets/gold/gold-steadies-on-dip-buying-after-hitting-over-one-month-low-on-higher-oil-prices/article70992422.ece,,
"New sell-off in markets after Trump’s threats toward Iran: Asian markets fall, oil rises, fears over inflation and pressure on stocks and bonds",2026-05-18,Protothema.gr,https://en.protothema.gr/2026/05/18/new-sell-off-in-markets-after-trumps-threats-toward-iran-asian-markets-fall-oil-rises-fears-over-inflation-and-pressure-on-stocks-and-bonds/,,
"Forget the bubble. Wall Street is treating AI like a defensive trade, Goldman Sachs says.",2026-05-18,Business Insider,https://www.businessinsider.com/goldman-sachs-ai-defensive-trade-next-big-winner-cooling-systems-2026-5,,
US Stock Market: Bond market pressure clouds Kevin Warsh’s plans to shrink Fed balance sheet,2026-05-18,The Times of India,https://economictimes.indiatimes.com/markets/us-stocks/news/us-stock-market-bond-market-pressure-clouds-kevin-warshs-plans-to-shrink-fed-balance-sheet/articleshow/131168067.cms,,
"Here Are Monday’s Top Wall Street Analyst Research Calls: Applied Materials, CoreWeave, Deckers Outdoor, F5, Lam Research, Salesforce, ServiceNow, Zscaler, and More",2026-05-18,24/7 Wall St.,https://247wallst.com/investing/2026/05/18/here-are-mondays-top-wall-street-analyst-research-calls-applied-materials-coreweave-deckers-outdoor-f5-lam-research-salesforce-servicenow-zscaler-and-more/,,
BTC price ‘bull trap’ at $76.5K? Five things to know in Bitcoin this week,2026-05-18,Cointelegraph,https://cointelegraph.com/markets/btc-price-bull-trap-76-5k-five-things-bitcoin-this-week,,
"Is a deeper bond crash ahead? From Washington to Tokyo, governments are paying the highest borrowing costs in decades as global bond yields surge — why are investors dumping bonds?",2026-05-18,The Times of India,https://economictimes.indiatimes.com/news/international/us/is-a-deeper-bond-crash-ahead-from-washington-to-tokyo-governments-are-paying-the-highest-borrowing-costs-in-decades-as-global-bond-yields-surge-why-are-investors-dumping-bonds/articleshow/131176139.cms,,
S&P 500 rally faces pressure as Wall Street warns of inflation risks,2026-05-18,Crypto Briefing,https://cryptobriefing.com/sp500-rally-inflation-risk-wall-street/,,
Stocks and Crypto Crash Each Time a New Fed Chair Takes Over. How to Prepare Your Portfolio for Kevin Warsh.,2026-05-18,Barchart.com,https://www.barchart.com/story/news/2000520/stocks-and-crypto-crash-each-time-a-new-fed-chair-takes-over-how-to-prepare-your-portfolio-for-kevin-warsh,,
What to expect from the Federal Reserve under Kevin Warsh,2026-05-18,Crypto Briefing,https://cryptobriefing.com/federal-reserve-kevin-warsh-priorities/,,
New York Fed warns about $69 trillion foreign investment ‘burden’ on U.S. economy,2026-05-18,Yahoo Entertainment,https://finance.yahoo.com/economy/articles/york-fed-warns-69-trillion-193115751.html,,
New York Fed warns about $69 trillion foreign investment ‘burden’ on U.S. economy,2026-05-18,Fortune,https://fortune.com/2026/05/18/foreigners-hold-an-enormous-69-trillion-in-u-s-assets-and-its-starting-to-create-a-servicing-burden-for-the-economy/,,
Fed rate hike odds rise as inflation surges. What it means for you,2026-05-18,USA Today,https://www.usatoday.com/story/money/economy/2026/05/18/fed-rate-hike-odds-what-it-means/90140362007/,,
Bitcoin’s price drop below $78K cleared the path for a rebound as options traders hedge downside risk,2026-05-18,CryptoSlate,https://cryptoslate.com/bitcoin-price-drop-78000-rebound-options-hedging/,,
"US stocks today: Nasdaq falls as technology stocks slide, Treasury yields climb",2026-05-18,The Times of India,https://economictimes.indiatimes.com/markets/us-stocks/news/us-stocks-today-nasdaq-falls-as-technology-stocks-slide-treasury-yields-climb/articleshow/131185648.cms,,
Pay for American workers is lagging inflation — again,2026-05-18,CBS News,https://www.cbsnews.com/news/inflation-worker-wages-growth-economy/,,
"Nasdaq leads equity losses with oil, borrowing costs in focus",2026-05-18,The Straits Times,https://www.straitstimes.com/business/companies-markets/nasdaq-leads-equity-losses-with-oil-borrowing-costs-in-focus,,
Breitbart Business Digest: Warsh’s Supply-Side Case for Cutting Rates,2026-05-18,Breitbart News,https://www.breitbart.com/economy/2026/05/18/breitbart-business-digest-warshs-supply-side-case-for-cutting-rates/,,
"Bitcoin lost its hold on $80K, but three events may send it back sooner than markets expect",2026-05-18,Cointelegraph,https://cointelegraph.com/markets/bitcoin-lost-its-hold-on-80k-but-three-events-may-send-it-back-sooner-than-markets-expect,,
Stock market today: Live updates,2026-05-18,CNBC,https://www.cnbc.com/2026/05/18/stock-market-today-live-updates.html,,
"Stock market today: Dow, S&P 500, Nasdaq futures slide as rising yields keep up pressure",2026-05-18,Yahoo Entertainment,https://finance.yahoo.com/markets/live/stock-market-today-dow-sp-500-nasdaq-futures-slide-as-rising-yields-keep-up-pressure-222343175.html,,
Odds against rate cuts high as new US Fed chair set for swearing in,2026-05-18,Cointelegraph,https://cointelegraph.com/news/interest-rates-fed-chair-kevin-warsh-sworn-in,,
One of Wall Street's biggest stock bulls sees a 'meaningful correction' ahead if bond yields keep surging,2026-05-18,Business Insider,https://www.businessinsider.com/stock-market-correction-treasury-bond-yields-morgan-stanley-cio-wilson-2026-5,,
"A 'crucible of confusion' with no historical precedent is weighing on the economy, BofA says",2026-05-18,Business Insider,https://www.businessinsider.com/economy-stocks-confusion-iran-oil-inflation-warsh-world-cup-ai-2026-5,,
"Lest We Forget the Horrors: An Unending Catalog of Trump’s Cruelties, Collusions, Corruptions, and Crimes: April 2026: Atrocities 867-930",2026-05-18,Mcsweeneys.net,https://www.mcsweeneys.net/articles/april-2026-atrocities-867-930,,
"Warsh to be sworn in as Fed chair at White House on Friday, Fox Business reports",2026-05-18,The Times of India,https://economictimes.indiatimes.com/markets/us-stocks/news/warsh-to-be-sworn-in-as-fed-chair-at-white-house-on-friday-fox-business-reports/articleshow/131182140.cms,,
Trump's War and Tariffs Are Driving Up Prices,2026-05-18,Common Dreams,https://www.commondreams.org/opinion/inflation-war-tariffs,,
Under pressure: Tracking the pain in G7 government debt,2026-05-18,Yahoo Entertainment,https://finance.yahoo.com/economy/policy/articles/under-pressure-tracking-pain-g7-123410092.html,,
Forget Rate Cuts. Kevin Warsh Is Coming and These 2 Iconic Stocks Under $30 Thrive When Inflation Runs Hot,2026-05-18,24/7 Wall St.,https://247wallst.com/investing/2026/05/18/forget-rate-cuts-kevin-warsh-is-coming-and-these-2-iconic-stocks-under-30-thrive-when-inflation-runs-hot/,,
Bitcoin faces Treasury yield pressure as Japan sells nearly $30 billion of US debt,2026-05-18,CryptoSlate,https://cryptoslate.com/bitcoin-treasury-yields-japan-selling/,,
Fox’s Bartiromo Agrees as Analyst Says Fed Will Now Have to Hike Interest Rates — Amid Trump’s Months-Long Crusade for a Rate Cut,2026-05-18,Mediaite,https://www.mediaite.com/media/tv/foxs-bartiromo-agrees-as-analyst-says-fed-will-now-have-to-hike-interest-rates-amid-trumps-months-long-crusade-for-a-rate-cut/,,
"What are today's mortgage interest rates: May 18, 2026?",2026-05-18,CBS News,https://www.cbsnews.com/news/todays-mortgage-interest-rates-may-18-2026/,,
"Dow Jones Climbs Above 49,600 as Tech Gains and Rate Cut Hopes Drive Modest Wall Street Rally",2026-05-18,Ibtimes.com.au,https://www.ibtimes.com.au/dow-jones-record-high-earnings-ai-optimism-1869104,,
"US stocks today: US stocks trade mixed as Treasury yields ease, oil prices retreat",2026-05-18,The Times of India,https://economictimes.indiatimes.com/markets/us-stocks/news/us-stocks-today-us-stocks-trade-mixed-as-treasury-yields-ease-oil-prices-retreat/articleshow/131178386.cms,,
"The Fed will have to raise interest rates in July to appease 'bond vigilantes,' Yardeni says",2026-05-18,CNBC,https://www.cnbc.com/2026/05/18/the-fed-will-have-to-raise-interest-rates-in-july-to-appease-bond-vigilantes-yardeni-says.html,,
Fox’s Bartiromo Agrees as Analyst Says Fed Will Now Have to Hike Interest Rates — Amid Trump’s Months-Long Crusade for a Rate Cut,2026-05-18,Freerepublic.com,https://freerepublic.com/focus/f-chat/4379810/posts,,
Global bond rout deepens as Middle East war fuels inflation fears,2026-05-18,Crypto Briefing,https://cryptobriefing.com/global-bond-rout-middle-east-inflation/,,
The New Federal Reserve Chair Can Cause This Small-Cap Stock ETF to Surge,2026-05-18,24/7 Wall St.,https://247wallst.com/investing/2026/05/18/the-new-federal-reserve-chair-can-cause-this-small-cap-stock-etf-to-surge/,,
"Bitcoin slides below $77,000 as Trump warns Iran, triggering broad selloff",2026-05-18,Crypto Briefing,https://cryptobriefing.com/bitcoin-slides-below-77k-trump-iran-selloff/,,
Wall Street’s stock rally persists despite surge in US bond yields,2026-05-18,Crypto Briefing,https://cryptobriefing.com/wall-street-rally-bond-yields-surge/,,
Kevin Warsh to be sworn in as Federal Reserve chair on Friday,2026-05-18,CNBC,https://www.cnbc.com/2026/05/18/kevin-warsh-trump-federal-reserve-chair.html,,
New Fed Chair Faces Pressure as Oil Prices Fuel Inflation,2026-05-18,OilPrice.com,https://oilprice.com/Latest-Energy-News/World-News/New-Fed-Chair-Faces-Pressure-as-Oil-Prices-Fuel-Inflation.html,,
The AI economy is rewriting the American Dream — and blue-collar workers are poised to win,2026-05-19,CNBC,https://www.cnbc.com/2026/05/19/ai-hiring-slowdown-skilled-trade-workers.html,,
Global Inflation Weighs on G-7 as Higher Bond Yields Persist,2026-05-19,Financial Post,https://financialpost.com/pmn/business-pmn/global-inflation-weighs-on-g-7-as-higher-bond-yields-persist,,
"Incoming Fed chair Kevin Warsh has a difficult boss and a tough job ahead, says StanChart CEO Bill Winters",2026-05-19,The Times of India,https://economictimes.indiatimes.com/news/international/business/incoming-fed-chair-kevin-warsh-has-a-difficult-boss-and-a-tough-job-ahead-says-stanchart-ceo-bill-winters/articleshow/131194952.cms,,
Kevin Warsh's bond market bind - Axios,2026-05-19,Slashdot.org,https://slashdot.org/firehose.pl?op=view&amp;id=183282593,,
Bitcoin ETFs Lose $649M in Biggest Daily Outflow Since January,2026-05-19,Bitcoinfoundation.org,https://bitcoinfoundation.org/news/bitcoin/bitcoin-etfs-lose-biggest-daily-outflow/,,
Trump says planned US attack on Iran was called off at Gulf states’ request,2026-05-19,Crypto Briefing,https://cryptobriefing.com/trump-iran-attack-called-off-gulf-states/,,
Citi Says 5.5% May Be Next Key Level for 30-Year Treasury Yield,2026-05-19,Financial Post,https://financialpost.com/pmn/business-pmn/citi-says-5-5-may-be-next-key-level-for-30-year-treasury-yield,,
Bitcoin ETFs Shed $649M in a Day as Long-Term BTC Holders ‘Limit Downside Potential’,2026-05-19,Decrypt,https://decrypt.co/368321/bitcoin-etfs-shed-649m-in-a-day-as-long-term-btc-holders-limit-downside-potential,,
"Best CD rates today, May 19, 2026: Lock in up to 4% APY today",2026-05-19,Yahoo Entertainment,https://finance.yahoo.com/personal-finance/banking/article/best-cd-rates-today-may-19-2026-100000314.html,,
Fund Managers Boost Stock Allocations by a Record in BofA Poll,2026-05-19,Financial Post,https://financialpost.com/pmn/business-pmn/fund-managers-boost-stock-allocations-by-a-record-in-bofa-poll,,
Rupee plunges to ₹96.53 per US dollar as external headwinds worsen,2026-05-19,BusinessLine,https://www.thehindubusinessline.com/markets/forex/rupee-plunges-to-9653-per-us-dollar-as-external-headwinds-worsen/article70997648.ece,,
Morning Bid: Ceasefire on a knife edge,2026-05-19,Yahoo Entertainment,https://finance.yahoo.com/news/morning-bid-ceasefire-knife-edge-105826145.html,,
"Sensex today | Stock Market Highlights: Nifty, Sensex close marginally lower amid inflation worries, IT stocks shine",2026-05-19,BusinessLine,https://www.thehindubusinessline.com/markets/sensex-nifty50-today-stock-market-highlights-19-may-2026/article70994734.ece,,
Why Oil Price Spikes Cause Recessions But High Prices Don't,2026-05-19,Forbes,https://www.forbes.com/sites/billconerly/2026/05/19/why-oil-price-spikes-cause-recessions-but-high-prices-dont/,,
"Trump’s Fed pick to be sworn in at the White House, not the usual venue - The Washington Post",2026-05-19,Slashdot.org,https://slashdot.org/firehose.pl?op=view&amp;id=183282459,,
"Here Are Tuesday’s Top Wall Street Analyst Research Calls: American Tower, Citigroup, CrowdStrike, Fortinet, Hanover Insurance, Jazz Pharmaceuticals, Stubhub, X-Energy, and More",2026-05-19,24/7 Wall St.,https://247wallst.com/investing/2026/05/19/here-are-tuesdays-top-wall-street-analyst-research-calls-american-tower-citigroup-crowdstrike-fortinet-hanover-insurance-jazz-pharmaceuticals-stubhub-x-energy-and-more/,,
What Kevin Warsh Must Do To Save The Fed And Us From Unnecessary Harm,2026-05-19,Forbes,https://www.forbes.com/sites/steveforbes/2026/05/19/what-kevin-warsh-must-do-to-save-the-fed-and-us-from-unnecessary-harm/,,
Dollar edges up as investors weigh Iran peace hopes against Fed rate outlook,2026-05-19,Yahoo Entertainment,https://finance.yahoo.com/markets/currencies/articles/dollar-steadies-weakness-trump-calls-003840951.html,,
Kevin Warsh Era Begins: Trump revives White House swearing-in tradition,2026-05-19,Economictimes.com,https://m.economictimes.com/markets/us-stocks/news/kevin-warsh-era-begins-trump-revives-white-house-swearing-in-tradition/kevin-warsh-takes-over-as-federal-reserve-chair/slideshow/131191873.cms,,
"Rupee hits all-time low on mounting external finance pressures, rising US yields",2026-05-19,Yahoo Entertainment,https://sg.finance.yahoo.com/news/rupee-hits-time-low-mounting-075507302.html,,
Finishing The Inflation Job,2026-05-19,Thefreedomfrequency.org,https://www.thefreedomfrequency.org/p/finishing-the-inflation-job,,
"Musk loses in court, Home Depot earnings, DOJ's 'lawfare' fund and more in Morning Squawk",2026-05-19,CNBC,https://www.cnbc.com/2026/05/19/5-things-to-know-before-the-market-opens.html,,
Gold steady on weaker dollar after Trump pauses planned Iran attack,2026-05-19,The Times of India,https://economictimes.indiatimes.com/markets/commodities/news/gold-steady-on-weaker-dollar-after-trump-pauses-planned-iran-attack/articleshow/131188550.cms,,
Kevin M. Warsh to be sworn in as Federal Reserve chair on Friday,2026-05-19,Crypto Briefing,https://cryptobriefing.com/kevin-warsh-sworn-in-fed-chair/,,
"India bonds poised for muted opening moves as oil, Treasury yields still high",2026-05-19,BusinessLine,https://www.thehindubusinessline.com/markets/india-bonds-poised-for-muted-opening-moves-as-oil-treasury-yields-still-high/article70996477.ece,,
Hyperliquid negotiates deal to capture 90% of Circle’s USDC reserve yield for HYPE buybacks,2026-05-19,Crypto Briefing,https://cryptobriefing.com/hyperliquid-usdc-yield-hype-buybacks/,,
US Yields Flirting With 2007 Highs Entice and Divide Investors,2026-05-19,Yahoo Entertainment,https://finance.yahoo.com/markets/currencies/articles/us-yields-flirting-2007-highs-034922439.html,,
"Rupee slips to lifetime low of 96.44 in intraday trade on mounting external finance pressures, rising US yields",2026-05-19,BusinessLine,https://www.thehindubusinessline.com/markets/forex/rupee-slips-to-lifetime-low-of-9644-in-intraday-trade-on-mounting-external-finance-pressures-rising-us-yields/article70997147.ece,,
US Yields Flirting With 2007 Highs Entice and Divide Investors,2026-05-19,Financial Post,https://financialpost.com/pmn/business-pmn/us-yields-flirting-with-2007-highs-entice-and-divide-investors,,
"About 10% of Americans used crypto in 2025, highest level since 2022: Fed",2026-05-19,Cointelegraph,https://cointelegraph.com/news/10-percent-of-americans-invested-or-used-crypto-in-2025-federal-reserve,,
NASDAQ leads losses as investors book profits amid rising yields,2026-05-19,Crypto Briefing,https://cryptobriefing.com/nasdaq-leads-losses-rising-yields/,,
Did Xi Really Trade Iran for Taiwan?,2026-05-19,CounterPunch,https://www.counterpunch.org/2026/05/19/did-xi-really-trade-iran-for-taiwan/,,
Trump to host swearing-in ceremony for new Fed chair Kevin Warsh,2026-05-19,BusinessLine,https://www.thehindubusinessline.com/news/world/trump-to-host-swearing-in-ceremony-for-new-fed-chair-kevin-warsh/article70996772.ece,,
Global Bond Selloff Threatens Turmoil in Weakest Asian Economies,2026-05-19,Financial Post,https://financialpost.com/pmn/business-pmn/global-bond-selloff-threatens-turmoil-in-weakest-asian-economies,,
"Rupee sinks to all-time low of 96.47 vs USD on mounting external finance pressures, rising US yields",2026-05-19,The Times of India,https://economictimes.indiatimes.com/markets/forex/rupee-sinks-to-all-time-low-of-96-47-vs-usd-on-unrelenting-oil-pressure-weak-risk/articleshow/131194495.cms,,
"U.S. Treasury sell-off eases, traders eye highest 30-year yield since 1999",2026-05-19,CNBC,https://www.cnbc.com/2026/05/19/treasurys-yields-inflation-traders-fed-interest-rates.html,,
"Gold prices snap 2-day fall, silver at Rs 2.75 lakh/kg. What should you do amid Iran war uncertainty?",2026-05-19,The Times of India,https://economictimes.indiatimes.com/markets/stocks/news/gold-prices-snap-2-day-fall-silver-at-rs-2-75-lakh/kg-what-should-you-do-amid-iran-war-uncertainty/articleshow/131190339.cms,,
Analysts see CBN maintaining current monetary tightening stance,2026-05-19,The Punch,https://punchng.com/analysts-see-cbn-maintaining-current-monetary-tightening-stance/,,
Bitcoin Hashrate Hits All-Time Highs in 2026: Why Price Is Disconnecting From Fundamentals,2026-05-19,Bitcoinfoundation.org,https://bitcoinfoundation.org/news/bitcoin/bitcoin-hashrate-hits-all-time-highs-in-2026-why-price-is-disconnecting-from-fundamentals/,,
How Federal Reserve Policy in 2026 Is Shaping Bitcoin’s Next Move,2026-05-19,Bitcoinfoundation.org,https://bitcoinfoundation.org/news/bitcoin/how-federal-reserve-policy-in-2026-is-shaping-bitcoins-next-move/,,
Wall Street bull warns flashing market red flag could trigger brutal stock plunge in coming weeks,2026-05-19,Dailymail.com,https://www.dailymail.com/yourmoney/article-15831545/wall-street-michael-wilson-market-correction.html,,
Alerus Financial Corporation Announces Sale of Three Nonperforming Loans,2026-05-19,GlobeNewswire,https://www.globenewswire.com/news-release/2026/05/19/3297899/0/en/Alerus-Financial-Corporation-Announces-Sale-of-Three-Nonperforming-Loans.html,,
"Social Security recipients could receive a large COLA adjustment, forecasters say. Here's how they can earn 4% on their money now.",2026-05-19,CBS News,https://www.cbsnews.com/news/social-security-recipients-cola-adjustment-forecasters-earn-4-percent-on-money/,,
US stocks today: US stocks slip as inflation worries push Treasury yields higher,2026-05-19,The Times of India,https://economictimes.indiatimes.com/markets/us-stocks/news/us-stocks-todayus-stocks-slip-as-inflation-worries-push-yields-higher/articleshow/131210865.cms,,
Fed to hike? When traders see a rate increase coming,2026-05-19,CNBC,https://www.cnbc.com/2026/05/19/fed-to-hike-when-traders-see-a-rate-increase-coming.html,,
The 30-year Treasury yield just hit a level it hasn’t seen since before the Great Recession. Do the bond vigilantes ride again?,2026-05-19,Fortune,https://fortune.com/2026/05/19/bond-yields-30-year-vigilantes-inflation-kevin-warsh/,,
The 30-year yield hasn’t been this high since the Great Recession. Do the bond vigilantes ride again?,2026-05-19,Yahoo Entertainment,https://finance.yahoo.com/markets/articles/30-yield-hasn-t-high-203246661.html,,
Surging Bond Yields Add to Pressures Building for Fed’s Warsh - Bloomberg.com,2026-05-19,Slashdot.org,https://slashdot.org/firehose.pl?op=view&amp;id=183291313,,
Wall St ends lower as inflation worries push up yields,2026-05-19,The Straits Times,https://www.straitstimes.com/business/companies-markets/wall-st-ends-lower-as-inflation-worries-push-up-yields,,
"CWS Market Review – May 19, 2026",2026-05-19,Crossingwallstreet.com,https://www.crossingwallstreet.com/archives/2026/05/cws-market-review-may-19-2026.html,,
"Stock market today: Dow, S&P 500, Nasdaq gain as oil prices fall, bond sell-off eases",2026-05-19,Yahoo Entertainment,https://finance.yahoo.com/markets/live/stock-market-today-dow-sp-500-nasdaq-gain-as-oil-prices-fall-bond-sell-off-eases-222757467.html,,
"Stock market today: Dow, S&P 500, Nasdaq rise in countdown to Nvidia earnings",2026-05-19,Yahoo Entertainment,https://finance.yahoo.com/markets/live/stock-market-today-dow-sp-500-nasdaq-rise-in-countdown-to-nvidia-earnings-222757031.html,,
"Stock market today: S&P 500, Nasdaq rise in countdown to Nvidia earnings",2026-05-19,Yahoo Entertainment,https://finance.yahoo.com/markets/live/stock-market-today-sp-500-nasdaq-rise-in-countdown-to-nvidia-earnings-222757111.html,,
Trump says he’ll let Warsh ‘do what he wants to do’ with interest rates. It’s a remark that Fed watchers have been bracing for. - Market,2026-05-19,Slashdot.org,https://slashdot.org/firehose.pl?op=view&amp;id=183291795,,
Weekly Rupee view: Rupee may drift to 97,2026-05-19,BusinessLine,https://www.thehindubusinessline.com/portfolio/technical-analysis/weekly-rupee-viewrupee-may-drift-to-97/article70998240.ece,,
"Bitcoin price risks slide toward $70,000 as $76,000 support weakens",2026-05-19,CryptoSlate,https://cryptoslate.com/bitcoin-price-70000-slide-76000-support/,,
Why Trump is wobbling on restarting the Iran war,2026-05-19,Freerepublic.com,https://freerepublic.com/focus/f-news/4380037/posts,,
A US inflation fear indicator just hit its highest since before the global financial crisis,2026-05-19,The Straits Times,https://www.straitstimes.com/business/companies-markets/a-us-inflation-fear-indicator-just-hit-its-highest-since-before-the-global-financial-crisis,,
Morgan Stanley resets Fed interest rate cut path for 2027,2026-05-19,TheStreet,https://www.thestreet.com/fed/morgan-stanley-updates-surprising-fed-rate-path-for-2027-with-two-rate-cuts-despite-bond-market-concerns-about-hikes,,
Can the housing market weather the storm as mortgage rates climb past 6.7%?,2026-05-19,Freerepublic.com,https://freerepublic.com/focus/f-chat/4380030/posts,,
When could mortgage rates drop close to 5% again? Here's what three experts predict.,2026-05-19,CBS News,https://www.cbsnews.com/news/when-will-mortgage-rates-drop-to-5-percent-again/,,
Why America’s Destruction of the World Order Could Be Disastrous,2026-05-19,Fair Observer,https://www.fairobserver.com/economics/why-americas-destruction-of-the-world-order-could-be-disastrous/,,
Home Depot Stock Drops 2.37% Pre-Market as Housing Slowdown Raises Investor Fears,2026-05-19,Ibtimes.com.au,https://www.ibtimes.com.au/home-depot-shares-drop-housing-market-concerns-1869157,,
Dow Drops 373 Points as Tech Selloff and Persistent Rate Fears Hit Markets,2026-05-19,Ibtimes.com.au,https://www.ibtimes.com.au/dow-jones-drops-interest-rate-concerns-tech-sell-off-1869159,,
US 30-Year Yield Hits Highest Since 2007 on Inflation Angst,2026-05-19,Financial Post,https://financialpost.com/pmn/business-pmn/us-30-year-yield-hits-highest-since-2007-on-inflation-angst,,
The Fed’s inflation tracker just flashed a warning: April and quarterly forecasts show prices are set to rise more,2026-05-19,Yahoo Entertainment,https://finance.yahoo.com/economy/policy/articles/fed-inflation-tracker-just-flashed-141000258.html,,
"What are today's mortgage interest rates: May 19, 2026?",2026-05-19,CBS News,https://www.cbsnews.com/news/todays-mortgage-interest-rates-may-19-2026/,,
Want To Buy A House? Iran Is Making US Mortgage Rates Rise,2026-05-19,24/7 Wall St.,https://247wallst.com/investing/2026/05/19/want-to-buy-a-house-iran-is-making-us-mortgage-rates-rise/,,
"Why the Fed is going to have to raise interest rates in July, according to market vet Ed Yardeni",2026-05-19,Business Insider,https://www.businessinsider.com/interest-rate-hike-bond-yields-inflation-fed-kevin-warsh-economy-2026-5,,
The Sector Wall Street Calls ‘Defensive’ Has Quietly Outpaced Both Inflation and the 10-Year Treasury for Almost Two Decades Running,2026-05-19,24/7 Wall St.,https://247wallst.com/investing/2026/05/19/the-sector-wall-street-calls-defensive-has-quietly-outpaced-both-inflation-and-the-10-year-treasury-for-almost-two-decades-running/,,
"SaintQuant Launches Institutional-Grade AI Trading Platform as Goldman Sachs Declares AI the New ""Defensive Trade""",2026-05-19,GlobeNewswire,https://www.globenewswire.com/news-release/2026/05/19/3297749/0/en/SaintQuant-Launches-Institutional-Grade-AI-Trading-Platform-as-Goldman-Sachs-Declares-AI-the-New-Defensive-Trade.html,,
Brands Must Take The Risk Out Of Buying,2026-05-19,Brandingstrategyinsider.com,https://brandingstrategyinsider.com/brands-must-take-the-risk-out-of-buying/,,
"US stock market crashes today: Dow Jones, S&P 500, and Nasdaq fall hard as bond yields hit 19-year high - Nvidia, Broadcom, AMD, and Amazon lead massive Wall Street selloff",2026-05-19,The Times of India,https://economictimes.indiatimes.com/news/international/us/us-stock-market-crashes-today-dow-jones-sp-500-and-nasdaq-fall-hard-as-bond-yields-hit-19-year-high-nvidia-broadcom-amd-and-amazon-lead-massive-wall-street-selloff/articleshow/131205170.cms,,
AI’s Macroeconomic Challenges and Promises,2026-05-19,Newyorkfed.org,https://libertystreeteconomics.newyorkfed.org/2026/05/ais-macroeconomic-challenges-and-promises/,,
How soaring Treasury yields could impact your finances,2026-05-19,Yahoo Entertainment,https://finance.yahoo.com/personal-finance/investing/article/how-soaring-treasury-yields-could-impact-your-finances-141336441.html,,
Investors See No Let-Up In Bond Market Strain,2026-05-19,HuffPost,https://www.huffpost.com/entry/market-inflation-treasury-bonds_n_6a0c931fe4b0ceb40d47ae7e,,
The bond market's 2007 moment is here to throw a wrench into everyone's plans,2026-05-20,Business Insider,https://www.businessinsider.com/bond-market-selloff-highest-treasury-yield-2007-disruption-war-inflation-2026-5,,
"Best money market account rates today, May 20, 2026: Secure up to 4.01% APY",2026-05-20,Yahoo Entertainment,https://finance.yahoo.com/personal-finance/banking/article/best-money-market-account-rates-today-wednesday-may-20-2026-100000808.html,,
Bonds 101: What you need to know about the bond market,2026-05-20,NBC News,https://www.nbcnews.com/business/markets/bonds-101-need-know-bond-market-rcna345855,,
Gold prices hold steady as markets balance rising bond yields and hopes for Iran peace talks,2026-05-20,Advfn.com,https://investorshub.advfn.com/market-news/article/28695/gold-prices-hold-steady-as-markets-balance-rising-bond-yields-and-hopes-for-iran-peace-talks,,
Divisions awaiting Warsh to be on display in Fed minutes release,2026-05-20,Yahoo Entertainment,https://finance.yahoo.com/economy/policy/articles/divisions-awaiting-warsh-display-fed-100622274.html,,
"Rupee hits record low near 97/USD on oil, US Treasury yield strain",2026-05-20,BusinessLine,https://www.thehindubusinessline.com/markets/forex/rupee-hits-record-low-near-97usd-on-oil-us-treasury-yield-strain/article71001706.ece,,
Posthaste: The surprising pockets where homebuyers now have the advantage,2026-05-20,Financial Post,https://financialpost.com/news/posthaste-surprising-pockets-where-homebuyers-advantage,,
Top cases on the United States Supreme Court's docket,2026-05-20,The Times of India,https://economictimes.indiatimes.com/news/international/global-trends/top-cases-on-the-united-states-supreme-courts-docket/articleshow/131224355.cms,,
IUX Publishes Market Insight on AI Momentum and U.S. Equity Markets,2026-05-20,GlobeNewswire,https://www.globenewswire.com/news-release/2026/05/20/3298382/0/en/IUX-Publishes-Market-Insight-on-AI-Momentum-and-U-S-Equity-Markets.html,,
Trump finally got the Fed boss he wanted but Wall Street experts say Kevin Warsh may be walking straight into a trap,2026-05-20,Dailymail.com,https://www.dailymail.com/yourmoney/article-15815545/wall-street-warning-kevin-warsh-new-federal-reserve-chair-trump.html,,
Is this why retirees still struggle despite a new Social Security COLA forecast? Two ways to earn 4% on your money before the COLA arrives,2026-05-20,The Times of India,https://economictimes.indiatimes.com/news/international/us/is-this-why-retirees-still-struggle-despite-a-new-social-security-cola-forecast-two-ways-to-earn-4-on-your-money-before-the-cola-arrives/articleshow/131227409.cms,,
"Lower Treasury Yields and Oil Prices May Support Wall Street Rebound: Dow Jones, S&P, Nasdaq",2026-05-20,Advfn.com,https://investorshub.advfn.com/market-news/article/28745/lower-treasury-yields-and-oil-prices-may-support-wall-street-rebound-dow-jones-sp-nasdaq,,
Bitcoin stays around $77K after 200-day moving average rejection,2026-05-20,Coinjournal.net,https://coinjournal.net/news/bitcoin-stays-around-77k-after-200-day-moving-average-rejection/,,
US 30-year yield hits highest since 2007 on inflation angst,2026-05-20,The Times of India,https://economictimes.indiatimes.com/markets/us-stocks/news/us-30-year-yield-hits-highest-since-2007-on-inflation-angst/articleshow/131213591.cms,,
Sensex today | Stock Market Highlights: Stock markets rebound; Sensex climbs 117 points on fag-end buying,2026-05-20,BusinessLine,https://www.thehindubusinessline.com/markets/sensex-nifty50-today-stock-market-highlights-20th-may-2026/article70997810.ece,,
"Michael Hudson Warns: Imminent Economic Catastrophe – War, Oil Crisis & Bond Market Panic",2026-05-20,Nakedcapitalism.com,https://www.nakedcapitalism.com/2026/05/michael-hudson-warns-imminent-economic-catastrophe-war-oil-crisis-bond-market-panic.html,,
US Stock Market: Treasury yields surge to multi-year highs amid sticky inflation concerns,2026-05-20,The Times of India,https://economictimes.indiatimes.com/markets/us-stocks/news/us-stock-market-treasury-yields-surge-to-multi-year-highs-amid-sticky-inflation-concerns/articleshow/131216156.cms,,
Global funds ready for further Rupee weakness with 100 in sight,2026-05-20,The Times of India,https://economictimes.indiatimes.com/markets/forex/global-funds-ready-for-further-rupee-weakness-with-100-in-sight/articleshow/131219531.cms,,
"Dow Jones Drops 67.71 Points to 49,296.17 as Markets End Session Lower",2026-05-20,Ibtimes.com.au,https://www.ibtimes.com.au/dow-jones-dips-mixed-market-signals-1869211,,
Fed Data Finds Households Keep Big Purchases in Play,2026-05-20,pymnts.com,https://www.pymnts.com/consumer-finance/2026/fed-data-finds-households-keep-big-purchases-in-play/,,
"Global Market Today: Asian shares decline, Treasury yields hold gains",2026-05-20,The Times of India,https://economictimes.indiatimes.com/markets/us-stocks/news/global-market-today-asian-shares-decline-treasury-yields-hold-gains/articleshow/131213816.cms,,
Gold rises as interest rate fears ease on US-Iran deal optimism,2026-05-20,The Times of India,https://economictimes.indiatimes.com/markets/commodities/news/gold-rises-as-interest-rate-fears-ease-on-us-iran-deal-optimism/articleshow/131214184.cms,,
"Dollar at six-week high on rate-hike bets, Iran war uncertainty",2026-05-20,The Times of India,https://economictimes.indiatimes.com/markets/forex/forex-news/dollar-at-six-week-high-on-rate-hike-bets-iran-war-uncertainty/articleshow/131214230.cms,,
"Gold, Silver Rate Today Live Updates: International gold prices rise as crude drops on hopes of US-Iran conflict nearing an end",2026-05-20,The Times of India,https://timesofindia.indiatimes.com/business/india-business/gold-silver-rate-today-live-updates-18k-22-carat-24k-gold-price-10g-silver-cost-per-kg-mcx-comex-etf-stock-precious-metal-gold-prediction-city-wise-cost-latest-gold-news/liveblog/131214897.cms,,
"Stocks Extend Drop Before Nvidia, Bonds Hold Loss: Markets Wrap",2026-05-20,Financial Post,https://financialpost.com/pmn/business-pmn/stocks-extend-drop-before-nvidia-bonds-hold-loss-markets-wrap,,
"Nifty slides 163 points at open as oil holds above $110, Rupee hits fresh record low",2026-05-20,BusinessLine,https://www.thehindubusinessline.com/markets/nifty-slides-163-points-at-open-as-oil-holds-above-110-rupee-hits-fresh-record-low/article71000659.ece,,
Industrial Metals Slide as Inflation Fears Fuel Bearish Mood,2026-05-20,Financial Post,https://financialpost.com/pmn/business-pmn/industrial-metals-slide-as-inflation-fears-fuel-bearish-mood,,
"Gold eases as higher yields, firm dollar offset US-Iran peace hopes",2026-05-20,BusinessLine,https://www.thehindubusinessline.com/markets/gold/gold-eases-as-higher-yields-firm-dollar-offset-us-iran-peace-hopes/article71000662.ece,,
Gold Holds Losses as Iran Impasse Keeps Rate Hike Bets High,2026-05-20,Financial Post,https://financialpost.com/pmn/business-pmn/gold-holds-losses-as-iran-impasse-keeps-rate-hike-bets-high,,
"Iran conflict sends U.S. gas prices soaring 56%, fueling largest inflation spike in three years",2026-05-20,Naturalnews.com,https://www.naturalnews.com/2026-05-20-iran-conflict-sends-us-gas-prices-soaring.html,,
The 2026 World Financial Crisis,2026-05-20,CounterPunch,https://www.counterpunch.org/2026/05/20/the-2026-world-financial-crisis/,,
Oil prices and dollar hold key to EM flows: Manpreet Gill,2026-05-20,The Times of India,https://economictimes.indiatimes.com/markets/expert-view/oil-prices-and-dollar-hold-key-to-em-flows-manpreet-gill/articleshow/131218320.cms,,
"Gold falls to 1-1/2-month low on higher US yields, firm dollar",2026-05-20,BusinessLine,https://www.thehindubusinessline.com/markets/gold/gold-falls-to-1-12-month-low-on-higher-us-yields-firm-dollar/article71001047.ece,,
U.S. Treasury yields inch lower as bond markets price 'significant' inflation risk,2026-05-20,CNBC,https://www.cnbc.com/2026/05/20/us-treasury-yields-inch-lower-amid-significant-inflation-risk.html,,
"What are today's mortgage interest rates: May 20, 2026?",2026-05-20,CBS News,https://www.cbsnews.com/news/todays-mortgage-interest-rates-may-20-2026/,,
"Congrats, new grads! Welcome to job market hell.",2026-05-20,The Washington Post,https://washingtonpost.com/technology/2026/05/20/ai-upends-job-market-new-college-graduates-who-studied-computer-science/,,
Why Crypto Whales Are Accumulating Ethereum Again in May 2026,2026-05-20,Bitcoinfoundation.org,https://bitcoinfoundation.org/news/ethereum/why-crypto-whales-are-accumulating-ethereum-again-in-may-2026/,,
Donald Trump says US in final stages of negotiations with Iran,2026-05-20,Crypto Briefing,https://cryptobriefing.com/trump-us-iran-negotiations-final-stages/,,
Trump’s War Is Wrecking Trump’s Economy,2026-05-20,Foreign Policy,http://foreignpolicy.com/2026/05/20/trump-war-iran-wreck-economy-oil-energy/,,
Federal Reserve Bank of Atlanta reports rising business inflation expectations for third month,2026-05-20,Crypto Briefing,https://cryptobriefing.com/atlanta-fed-business-inflation-expectations-rising/,,
Jeff Bezos says bottom half of earners should pay zero in income taxes,2026-05-20,Freerepublic.com,https://freerepublic.com/focus/f-news/4380199/posts,,
"US government budget deficit projected at $2T this year, and crypto markets are paying attention",2026-05-20,Crypto Briefing,https://cryptobriefing.com/us-budget-deficit-2-trillion-crypto/,,
"How much interest can a $100,000 CD account earn now?",2026-05-20,CBS News,https://www.cbsnews.com/news/how-much-interest-100000-cd-account-earn-now/,,
"POTUS warns on Iran nuclear threat, anticipates oil flow surge",2026-05-20,Crypto Briefing,https://cryptobriefing.com/trump-iran-nuclear-threat-oil-crypto/,,
US stocks today: US stocks rises as chip stocks rally ahead of Nvidia results,2026-05-20,The Times of India,https://economictimes.indiatimes.com/markets/us-stocks/news/us-stocks-today-us-stocks-rises-as-chip-stocks-rally-ahead-of-nvidia-results/articleshow/131235246.cms,,
Mortgage rates continue to rise as bond yields climb,2026-05-20,Yahoo Entertainment,https://finance.yahoo.com/economy/policy/articles/mortgage-rates-continue-rise-bond-193000452.html,,
FEDS Note: Population Growth and Labor Market Fragility: Lessons from Domestic and International Experiences,2026-05-20,Federalreserve.gov,https://www.federalreserve.gov/econres/notes/feds-notes/population-growth-and-labor-market-fragility-lessons-from-domestic-and-international-experiences-20260520.html,,
Bitcoin is left stranded as Fed projections flip to 54% chance of rate hikes this year,2026-05-20,CryptoSlate,https://cryptoslate.com/bitcoin-holders-expected-fed-relief-futures-now-point-the-other-way/,,
Wall St rises as chip stocks rally ahead of Nvidia results,2026-05-20,The Straits Times,https://www.straitstimes.com/business/companies-markets/wall-st-rises-as-chip-stocks-rally-ahead-of-nvidia-results,,
"Trump says Iran talks on borderline between deal and strikes, and crypto markets are watching",2026-05-20,Crypto Briefing,https://cryptobriefing.com/trump-iran-talks-deal-strikes-crypto/,,
"Stock market today: S&P 500, Nasdaq fall as oil prices rise on Iran peace talk doubts",2026-05-20,Yahoo Entertainment,https://finance.yahoo.com/economy/live/stock-market-today-sp-500-nasdaq-fall-as-oil-prices-rise-on-iran-peace-talk-doubts-232311269.html,,
"Funds Coin Launches Automated Mobile Infrastructure for Multi-Asset Stock, Gold, and Forex Trading",2026-05-20,GlobeNewswire,https://www.globenewswire.com/news-release/2026/05/20/3298631/0/en/Funds-Coin-Launches-Automated-Mobile-Infrastructure-for-Multi-Asset-Stock-Gold-and-Forex-Trading.html,,
Fed minutes from divisive meeting show officials prepping for possible rate hike as inflation fears intensify,2026-05-20,New York Post,https://nypost.com/2026/05/20/business/fed-minutes-from-divisive-meeting-show-officials-growing-more-worried-about-inflation/,,
Ripple (XRP) Price Prediction: Can XRP Hit $2 Again in 2026?,2026-05-20,24/7 Wall St.,https://247wallst.com/investing/2026/05/20/ripple-xrp-price-prediction-can-xrp-hit-2-again-in-2026/,,
"Here Are Thursday’s Top Wall Street Analyst Research Calls: DraftKings, ETSY, GE Healthcare, Golar LNG, Mastec, Medtronic, Mobileye Global, Occidental Petroleum, and More",2026-05-20,24/7 Wall St.,https://247wallst.com/investing/2026/05/20/here-are-thursdays-top-wall-street-analyst-research-calls-draftkings-etsy-ge-healthcare-golar-lng-mastec-medtronic-mobileye-global-occidental-petroleum-and-more/,,
"Fed minutes reveal growing support for rate hikes, impacting 2026 cut predictions",2026-05-20,Crypto Briefing,https://cryptobriefing.com/fed-minutes-reveal-growing-support-for-rate-hikes-impacting-2026-cut-predictions/,,
Fed officials’ concerns about inflation sparked talk of rate hike during last meeting,2026-05-20,NBC News,https://www.nbcnews.com/business/economy/fed-officials-concerns-inflation-sparked-talk-rate-hike-rcna346161,,
Americans now owe a staggering $18.8 trillion in household debt,2026-05-20,TheStreet,https://www.thestreet.com/crypto/markets/americans-now-owe-a-staggering-18-8-trillion-in-household-debt,,
A top bank says the Fed must act now to address the highest bond yields since 2007,2026-05-20,Business Insider,https://www.businessinsider.com/bond-yields-inflation-fed-interest-rates-treasury-bonds-kevin-warsh-2026-5,,
"Mideast war drives up bond yields, budget risk",2026-05-20,Digital Journal,https://www.digitaljournal.com/world/mideast-war-drives-up-bond-yields-budget-risk/article,,
"US Treasury yields reach highest levels since 2007 – here's how it will change the way Americans borrow, spend and invest",2026-05-20,The Times of India,https://economictimes.indiatimes.com/news/international/us/us-treasury-yields-reach-highest-levels-since-2007-heres-how-it-will-change-the-way-americans-borrow-spend-and-invest/articleshow/131230728.cms,,
US Bonds Jump as Trump Cites ‘Final Stages’ of US-Iran Talks,2026-05-20,Financial Post,https://financialpost.com/pmn/business-pmn/us-bonds-jump-as-trump-cites-final-stages-of-us-iran-talks,,
"Low Dollar Volatility Forces FX Traders Into Carry, Value Bets",2026-05-20,Financial Post,https://financialpost.com/pmn/business-pmn/low-dollar-volatility-forces-fx-traders-into-carry-value-bets,,
Business Inflation Expectations Climb For Third Straight Month,2026-05-20,Breitbart News,https://www.breitbart.com/economy/2026/05/20/biz-inflation-expectations-may-2026/,,
The economic rollercoaster: Why a gold IRA is your best hedge against inflation,2026-05-20,New York Post,https://nypost.com/business/is-gold-a-safe-way-to-protect-yourself-against-inflation/,,
"Fed officials see rate hike ahead if inflation stays elevated, minutes show",2026-05-20,CNBC,https://www.cnbc.com/2026/05/20/fed-officials-see-rate-hike-ahead-if-inflation-stays-elevated-minutes-show.html,,
FOMC minutes reveal deeply divided Federal Reserve with hawkish bias,2026-05-20,Crypto Briefing,https://cryptobriefing.com/fomc-minutes-divided-fed-hawkish-bias/,,
Trump’s Reshaped Fed Leaning Toward Interest Rate Hikes,2026-05-20,Forbes,https://www.forbes.com/sites/tylerroush/2026/05/20/trumps-reshaped-fed-leaning-toward-interest-rate-hikes/,,
Fed minutes show more policymakers were prepared to lay groundwork for rate hike,2026-05-20,The Times of India,https://economictimes.indiatimes.com/markets/us-stocks/news/fed-minutes-show-more-policymakers-were-prepared-to-lay-groundwork-for-rate-hike/articleshow/131233644.cms,,
Federal Reserve officials warn of potential interest rate hikes if inflation stays sticky,2026-05-20,Crypto Briefing,https://cryptobriefing.com/fed-officials-warn-potential-rate-hikes/,,
New Trump nominee about to run into buzzsaw as he runs risk of humiliation: Nobel winner,2026-05-20,Raw Story,https://www.rawstory.com/trump-warsh-interest-rates/,,
What sagging bond prices are telling us about the U.S. economy,2026-05-20,CBS News,https://www.cbsnews.com/news/treasury-yields-rising-inflation-fed-rate-cuts/,,
Why Bonds Have Been Wobbling Worldwide,2026-05-21,Forbes,https://www.forbes.com/sites/steveforbes/2026/05/21/why-bonds-have-been-wobbling-worldwide/,,
"Best CD rates today, May 21, 2026: Lock in up to 4% APY",2026-05-21,Yahoo Entertainment,https://finance.yahoo.com/personal-finance/banking/article/best-cd-rates-today-thursday-may-21-2026-100000931.html,,
5 Best Dividend Stocks Now To Buy For June 2026,2026-05-21,Forbes,https://www.forbes.com/sites/investor-hub/article/best-dividend-stocks-buy-june-2026/,,
BloFin Research: The Surging U.S. Treasury Yield: Can Stablecoins Help?,2026-05-21,BeInCrypto,https://beincrypto.com/blofin-research-the-surging-u-s-treasury-yield-can-stablecoins-help/,,
BANKFIRST CAPITAL CORPORATION Announces Stock Repurchase Program,2026-05-21,PRNewswire,https://www.prnewswire.com/news-releases/bankfirst-capital-corporation-announces-stock-repurchase-program-302778197.html,,
Oil prices fall over 6% as Trump says Iran deal negotiations near completion,2026-05-21,Crypto Briefing,https://cryptobriefing.com/oil-prices-fall-trump-iran-deal/,,
"SpaceX's IPO, Nvidia earnings, Bezos on the AI bubble and more in Morning Squawk",2026-05-21,CNBC,https://www.cnbc.com/2026/05/21/5-things-to-know-before-the-market-opens.html,,
"Walmart reports 7.3% revenue rise, warns of consumer pressure from rising costs and fuel prices",2026-05-21,Crypto Briefing,https://cryptobriefing.com/walmart-revenue-rise-consumer-pressure-crypto/,,
"Bank of England’s Taylor warns UK economy is weak, calls interest rates far too restrictive",2026-05-21,Crypto Briefing,https://cryptobriefing.com/boe-taylor-weak-economy-rate-warning/,,
Philadelphia Fed manufacturing index crashes from 26.7 to -0.4 in May,2026-05-21,Crypto Briefing,https://cryptobriefing.com/philly-fed-manufacturing-index-may-decline/,,
"Mideast war drives up bond yields, budget risk",2026-05-21,Hurriyet Daily News,https://www.hurriyetdailynews.com/mideast-war-drives-up-bond-yields-budget-risk-222387,,
"US weekly jobless claims fall to 209,000, below estimates",2026-05-21,Crypto Briefing,https://cryptobriefing.com/us-weekly-jobless-claims-fall-below-estimates/,,
Bitcoin price to get a macro boost as BofA says tariff refunds could cool inflation,2026-05-21,CryptoSlate,https://cryptoslate.com/?p=537468,,
Euro-zone business activity shrinks at fastest pace since 2023,2026-05-21,Crypto Briefing,https://cryptobriefing.com/euro-zone-business-activity-shrinks-fastest-since-2023/,,
US Stock Market: Fed split widens as policymakers debate inflation and growth risks,2026-05-21,The Times of India,https://economictimes.indiatimes.com/markets/us-stocks/news/us-stock-market-fed-split-widens-as-policymakers-debate-inflation-and-growth-risks/articleshow/131239654.cms,,
Bank of Japan’s Koeda emphasizes stronger role in combating inflation,2026-05-21,Crypto Briefing,https://cryptobriefing.com/boj-koeda-inflation-rate-hikes-crypto/,,
Treasury yields resume climb as traders monitor inflation risks,2026-05-21,CNBC,https://www.cnbc.com/2026/05/21/treasury-yields-resume-climb-as-traders-monitor-inflation-risks.html,,
Asian shares surge after oil prices slip and Wall Street resumes its AI rally,2026-05-21,Abcnews.com,https://abcnews.com/Business/wireStory/asian-shares-surge-after-oil-prices-slip-wall-133172474,,
Where Should the 10 Year Treasury Rate Be?,2026-05-21,Econbrowser.com,https://econbrowser.com/archives/2026/05/where-should-the-10-year-treasury-rate-be,,
Fed minutes reveal majority open to rate hikes if inflation persists,2026-05-21,Crypto Briefing,https://cryptobriefing.com/fed-minutes-rate-hikes-inflation-crypto/,,
"Gold and silver price today, 21 May: Check retail rates of 24K, 22K gold and 999 silver in Delhi, Mumbai, other cities",2026-05-21,Livemint,https://www.livemint.com/money/personal-finance/gold-and-silver-price-today-21-may-check-retail-rates-of-24k-22k-gold-and-999-silver-in-delhi-mumbai-other-cities-11779334640012.html,,
Fed minutes reveal openness to rate hikes if inflation stays above 2% target,2026-05-21,Crypto Briefing,https://cryptobriefing.com/fed-minutes-reveal-openness-to-rate-hikes-if-inflation-stays-above-2-target/,,
"Iran consolidates control over Strait of Hormuz, creating energy crisis that ripples across crypto markets",2026-05-21,Crypto Briefing,https://cryptobriefing.com/iran-strait-of-hormuz-energy-crisis-crypto/,,
"Bitcoin, Ethereum, XRP, Dogecoin Rebound On Trump's Iran Remarks: Analyst Says Watch Out For This BTC Level",2026-05-21,Yahoo Entertainment,https://finance.yahoo.com/markets/crypto/articles/bitcoin-ethereum-xrp-dogecoin-rebound-021234268.html,,
Gold steady as US-Iran peace deal hopes offset inflation fears,2026-05-21,The Times of India,https://economictimes.indiatimes.com/markets/commodities/news/gold-steady-as-us-iran-peace-deal-hopes-offset-inflation-fears/articleshow/131238197.cms,,
"Global Market Today: Asian stocks rise on Iran optimism, Nvidia slips",2026-05-21,The Times of India,https://economictimes.indiatimes.com/markets/us-stocks/news/global-market-today-asian-stocks-rise-on-iran-optimism-nvidia-slips/articleshow/131237969.cms,,
"Jeff Bezos pitches major US tax overhaul: ‘Bottom half should pay 0%, not 3%’",2026-05-21,Livemint,https://www.livemint.com/money/personal-finance/jeff-bezos-pitches-major-us-tax-overhaul-bottom-half-should-pay-0-not-3-11779321775401.html,,
Fed Minutes: More officials warned of rate hike scenario,2026-05-21,The Times of India,https://economictimes.indiatimes.com/markets/us-stocks/news/fed-minutes-more-officials-warned-of-rate-hike-scenario/articleshow/131237723.cms,,
Is an annuity still worth it in today's economy? Experts weigh in,2026-05-21,CBS News,https://www.cbsnews.com/news/annuity-worth-it-2026-experts-weigh-in/,,
Gold and silver prices rise on weaker dollar and Iran peace hopes,2026-05-21,BusinessLine,https://www.thehindubusinessline.com/markets/commodities/gold-and-silver-prices-rise-on-weaker-dollar-and-iran-peace-hopes/article71005308.ece,,
"US jobless aid filings fell to 209,000 last week as layoffs remain low despite economic uncertainty",2026-05-21,The Times of India,https://economictimes.indiatimes.com/news/international/global-trends/us-jobless-aid-filings-fell-to-209000-last-week-as-layoffs-remain-low-despite-economic-uncertainty/articleshow/131247546.cms,,
"The ‘low-hire, low-fire’ trap: Why US layoffs are plummeting while job seekers are left stranded",2026-05-21,The Indian Express,https://indianexpress.com/article/world/us-jobless-claims-may-unemployment-benefits-inflation-interest-rates-10701625/,,
Kevin Warsh: Trump's man at the Fed or independent voice?,2026-05-21,DW (English),https://www.dw.com/en/kevin-warsh-trumps-man-at-the-fed-or-independent-voice/a-77248236,,
"Dow Jones Falls 232 Points to 49,777 on Rising Oil Prices and Bond Yields",2026-05-21,Ibtimes.com.au,https://www.ibtimes.com.au/dow-jones-drops-oil-prices-treasury-yields-1869272,,
Bitcoin longs soar despite weak US macroeconomic data: Is $82K BTC next?,2026-05-21,Cointelegraph,https://cointelegraph.com/markets/bitcoin-longs-soar-despite-weak-us-macroeconomic-data-is-82k-btc-next,,
"Stock market today: Dow, S&P 500, Nasdaq advance as tech stocks gain, investors monitor US-Iran talks",2026-05-21,Yahoo Entertainment,https://finance.yahoo.com/markets/live/stock-market-today-dow-sp-500-nasdaq-advance-as-tech-stocks-gain-investors-monitor-us-iran-talks-223454059.html,,
Federal Reserve faces pressure to act on inflation as bond yields spike to yearly highs,2026-05-21,Crypto Briefing,https://cryptobriefing.com/fed-pressure-inflation-bond-yields-spike/,,
Breitbart Business Digest: AI’s Real Economic Footprint Is Massive,2026-05-21,Breitbart News,https://www.breitbart.com/economy/2026/05/21/breitbart-business-digest-ais-real-economic-footprint-is-massive/,,
Federal Reserve’s Barkin warns repeated supply shocks are testing the inflation anchor,2026-05-21,Crypto Briefing,https://cryptobriefing.com/fed-barkin-supply-shocks-inflation-anchor/,,
Richmond Fed’s Barkin says current policy well-positioned for shocks,2026-05-21,Crypto Briefing,https://cryptobriefing.com/richmond-fed-barkin-policy-supply-shocks/,,
US stocks today: S&P 500 rises on Mideast peace hopes as oil prices dip,2026-05-21,The Times of India,https://economictimes.indiatimes.com/markets/us-stocks/news/us-stocks-today-sp-500-rises-as-investors-focus-on-mideast-peace-hopes-as-oil-prices-dip/articleshow/131251779.cms,,
"Freddie Mac reports 30-year fixed mortgage rate at 6.51%, highest since late August 2025",2026-05-21,Crypto Briefing,https://cryptobriefing.com/freddie-mac-30-year-mortgage-rate-651/,,
Black Workers Are the Canaries in the Coal Mine During Trump 2.0,2026-05-21,Truthout,https://truthout.org/articles/black-workers-are-the-canaries-in-the-coal-mine-during-trump-2-0/,,
"SR BANCORP, INC. ANNOUNCES ADOPTION OF ITS THIRD STOCK REPURCHASE PROGRAM",2026-05-21,PRNewswire,https://www.prnewswire.com/news-releases/sr-bancorp-inc-announces-adoption-of-its-third-stock-repurchase-program-302779095.html,,
Social Security COLA 2027 forecast jumps to 3.9% - here's what it means for retirees,2026-05-21,The Times of India,https://economictimes.indiatimes.com/news/international/us/social-security-cola-2027-forecast-jumps-to-3-9-heres-what-it-means-for-retirees/articleshow/131251064.cms,,
"Fed rate cut before 2027 slips to 32.9% chance, lowest in months",2026-05-21,Crypto Briefing,https://cryptobriefing.com/fed-rate-cut-odds-drop-before-2027/,,
Pimco’s Ivascyn Says Fed Will Act on Inflation as Yields Spike,2026-05-21,Financial Post,https://financialpost.com/pmn/business-pmn/pimcos-ivascyn-says-fed-will-act-on-inflation-as-yields-spike,,
Wells Fargo says the war in Iran is inflating the AI bubble,2026-05-21,Business Insider,https://www.businessinsider.com/stock-market-ai-stock-bubble-iran-war-inflation-oil-prices-2026-5,,
CVB Financial Corp. Names George A. Borba Jr. Chairman of the Board; Prior Chairman Hal W. Oswalt Transitions to Vice Chairman,2026-05-21,GlobeNewswire,https://www.globenewswire.com/news-release/2026/05/21/3299762/0/en/CVB-Financial-Corp-Names-George-A-Borba-Jr-Chairman-of-the-Board-Prior-Chairman-Hal-W-Oswalt-Transitions-to-Vice-Chairman.html,,
Fundstrat’s Tom Lee Outlines Three Critical Tests That Could Impact the Broader Stock Market in the Next Few Months,2026-05-21,The Daily Hodl,https://dailyhodl.com/2026/05/21/fundstrats-tom-lee-outlines-three-critical-tests-that-could-impact-the-broader-stock-market-in-the-next-few-months/,,
Kevin Warsh: Trump ally at the Federal Reserve?,2026-05-21,DW (English),https://www.dw.com/en/us-federal-reserve-kevin-warsh-us-economy-trump-trade-geo-economics-inflation/a-77248236,,
Fed Minutes Show More Officials Warned of Rate-Hike,2026-05-21,Politicalwire.com,https://politicalwire.com/2026/05/21/fed-minutes-show-more-officials-warned-of-rate-hike/,,
Dimon says rates risk going much higher even after bond selloff,2026-05-21,Financial Post,https://financialpost.com/news/economy/dimon-rates-risk-higher-bond-selloff,,
"What are today's mortgage interest rates: May 21, 2026?",2026-05-21,CBS News,https://www.cbsnews.com/news/todays-mortgage-interest-rates-may-21-2026/,,
Wall Street anticipates lower open as oil prices surge on Iran fears,2026-05-21,Crypto Briefing,https://cryptobriefing.com/wall-street-lower-open-oil-iran-fears/,,
Immediate and deeper factors behind Re fall,2026-05-21,BusinessLine,https://www.thehindubusinessline.com/opinion/immediate-and-deeper-factors-behind-re-fall/article71007298.ece,,
"Investors see higher Federal Reserve rate hike risk, Bank of America survey shows",2026-05-21,Crypto Briefing,https://cryptobriefing.com/fed-rate-hike-risk-bofa-survey/,,
Trump Once Said Cutting Rates Was a “Requirement.” Now He’s Backing Down Before Kevin Warsh’s Nomination,2026-05-21,24/7 Wall St.,https://247wallst.com/investing/2026/05/21/trump-once-said-cutting-rates-was-a-requirement-now-hes-backing-down-before-kevin-warshs-nomination/,,
US manufacturing activity expands most in four years amid stockpiling rush,2026-05-21,Crypto Briefing,https://cryptobriefing.com/us-manufacturing-expands-four-year-high-stockpiling/,,
Fed’s Barkin Says Repeated Supply Shocks Test Inflation Anchor,2026-05-21,Financial Post,https://financialpost.com/pmn/business-pmn/feds-barkin-says-repeated-supply-shocks-test-inflation-anchor,,
Mortgage rates climb to highest level in 9 months | CNN Business,2026-05-21,CNN,https://www.cnn.com/2026/05/21/economy/mortgage-rates,,
Homebuyers Hammered as War-Fueled Bond Rout Drives Up Rates,2026-05-21,Yahoo Entertainment,https://finance.yahoo.com/economy/policy/articles/home-buyers-hammered-war-fueled-131503673.html,,
"Fed rate cut probability before 2027 drops, lowest in months",2026-05-21,Crypto Briefing,https://cryptobriefing.com/fed-rate-cut-probability-before-2027-drops-lowest-in-months/,,
Fed's Barkin: Policy in good place to respond to ongoing shocks,2026-05-21,The Times of India,https://economictimes.indiatimes.com/markets/us-stocks/news/feds-barkin-policy-in-good-place-to-respond-to-ongoing-shocks/articleshow/131249367.cms,,
"Live markets: Bitcoin continues holding pattern near $77,000 ahead of Kevin Warsh taking over at Fed",2026-05-22,CoinDesk,https://www.coindesk.com/tech/2026/05/22/live-markets-bitcoin-continues-holding-pattern-near-usd77-000-ahead-of-holiday-weekend,,
The Daily Chase: Retail sales rise - but it’s all at gas stations,2026-05-22,BNNBloomberg.ca,https://www.bnnbloomberg.ca/business/economics/2026/05/22/the-daily-chase-retail-sales-rise-but-its-all-at-gas-stations/,,
"Consumer Sentiment Falls To Record Low on Gas Prices, Inflation Fears",2026-05-22,Breitbart News,https://www.breitbart.com/economy/2026/05/22/consumer-sentiment-falls-to-record-low-on-gas-prices-inflation-fears/,,
"Fed's Waller looks to hold rates steady on oil shock, can't rule out hikes down the road",2026-05-22,Yahoo Entertainment,https://finance.yahoo.com/economy/policy/article/feds-waller-looks-to-hold-rates-steady-on-oil-shock-cant-rule-out-hikes-down-the-road-141745381.html,,
Fed’s Waller Says Next Move as Likely to Be Rate Hike as Cut,2026-05-22,Financial Post,https://financialpost.com/pmn/business-pmn/feds-waller-says-next-move-as-likely-to-be-rate-hike-as-cut,,
"FTSE 100 Climbs to 10,460 on Energy Gains as UK Index Snaps Losing Streak in May 2026",2026-05-22,Ibtimes.com.au,https://www.ibtimes.com.au/ftse-100-rises-energy-stocks-gains-1869325,,
Consumer sentiment hits fresh record low in May as Iran war fuels inflation worries,2026-05-22,CNBC,https://www.cnbc.com/2026/05/22/consumer-sentiment-hits-fresh-record-low-in-may-as-iran-war-fuels-inflation-worries.html,,
"High gas prices, cost of living send US consumer sentiment to all-time low | CNN Business",2026-05-22,CNN,https://www.cnn.com/2026/05/22/economy/consumer-sentiment-final-may,,
Kevin Warsh takes over US Fed with a policy problem already in view,2026-05-22,The Times of India,https://economictimes.indiatimes.com/markets/us-stocks/news/kevin-warsh-takes-over-us-fed-with-a-policy-problem-already-in-view/articleshow/131264892.cms,,
WATCH LIVE: Kevin Warsh sworn in as chairman of the Federal Reserve,2026-05-22,PBS,https://www.pbs.org/newshour/politics/watch-live-kevin-warsh-sworn-in-as-chairman-of-the-federal-reserve,,
Joe Saladino: “Touch Your Portfolio Just Once a Year. That’s It.”,2026-05-22,24/7 Wall St.,https://247wallst.com/investing/2026/05/22/joe-saladino-touch-your-portfolio-just-once-a-year-thats-it/,,
Here's how mortgage rates changed in 2026 (and what could happen this June),2026-05-22,CBS News,https://www.cbsnews.com/news/how-mortgage-rates-changed-2026-what-could-happen-june/,,
Trump Picked Warsh to Cut Rates. Markets Are Bracing for the Opposite. - WSJ,2026-05-22,Slashdot.org,https://slashdot.org/firehose.pl?op=view&amp;id=183322366,,
The Scarcity Deception: How to Break Free from Engineered Scarcity and Reclaim an Abundance Mindset,2026-05-22,Naturalnews.com,https://www.naturalnews.com/2026-05-22-the-scarcity-deception-how-to-break-free.html,,
Surge in 'risk-free' treasury yields sends bond investors in search of better opportunities,2026-05-22,CNBC,https://www.cnbc.com/2026/05/22/treasury-yields-bonds-investing-fed-rate-hikes.html,,
Traders Bet Fed Under Warsh Will Hike Rates by December,2026-05-22,Financial Post,https://financialpost.com/pmn/business-pmn/traders-bet-fed-under-warsh-will-hike-rates-by-december,,
US Fed governor joins chorus calling for potential interest rate hikes,2026-05-22,The Times of India,https://economictimes.indiatimes.com/markets/us-stocks/news/us-fed-governor-joins-chorus-calling-for-potential-interest-rate-hikes/articleshow/131265494.cms,,
"US Federal Reserve faces rate hike pressures as stocks rise, dollar nears six-week high amid Iran talks uncertainty",2026-05-22,Crypto Briefing,https://cryptobriefing.com/fed-rate-hike-pressures-dollar-iran-talks/,,
Bitcoin treads water as new Fed chair inherits a confidence crisis,2026-05-22,Crypto Briefing,https://cryptobriefing.com/bitcoin-treads-water-new-fed-chair-confidence-crisis/,,
Kevin Warsh sworn in as Fed chair at pivotal moment for US economy | CNN Business,2026-05-22,CNN,https://www.cnn.com/2026/05/22/economy/kevin-warsh-sworn-in-fed-chair,,
"Waller, Policy Risks Have Changed",2026-05-22,Federalreserve.gov,https://www.federalreserve.gov/newsevents/speech/waller20260522a.htm,,
Watch: Trump will swear in Kevin Warsh as Fed chair as he seeks interest rate cuts,2026-05-22,CNBC,https://www.cnbc.com/2026/05/22/trump-kevin-warsh-fed-chair-interest-rates.html,,
"Dow Jones Hits Record 50,642, Up 356 Points on Tech Strength and Easing Rate Fears",2026-05-22,Ibtimes.com.au,https://www.ibtimes.com.au/dow-jones-surpasses-50000-milestone-tech-stock-surge-1869313,,
"Best money market account rates today, May 22, 2026: Up to 4.01% APY return",2026-05-22,Yahoo Entertainment,https://finance.yahoo.com/personal-finance/banking/article/best-money-market-account-rates-today-friday-may-22-2026-100000031.html,,
AI-Fueled Rally Puts S&P 500 on Track for Eighth Weekly Gain,2026-05-22,Financial Post,https://financialpost.com/pmn/business-pmn/ai-fueled-rally-puts-sp-500-on-track-for-eighth-weekly-gain,,
"Kevin Warsh sworn in as Fed chair, but Trump’s rate cuts look increasingly unlikely",2026-05-22,NBC News,https://www.nbcnews.com/business/economy/kevin-warsh-sworn-in-fed-chair-rcna346433,,
Rupee plunge sees India turn to 2013 taper tantrum playbook,2026-05-22,The Times of India,https://economictimes.indiatimes.com/markets/forex/rupee-plunge-sees-india-turn-to-2013-taper-tantrum-playbook/articleshow/131258009.cms,,
Trump to swear in Kevin Warsh as Federal Reserve chair on May 22,2026-05-22,Crypto Briefing,https://cryptobriefing.com/trump-swear-in-kevin-warsh-fed-chair/,,
Here’s why the US bond market slump cannot be ignored—it’s speaking financial truth to power,2026-05-22,Livemint,https://www.livemint.com/opinion/online-views/us-bond-market-slump-financial-treasury-yields-monetary-fiscal-policy-federal-reserve-fed-11779436666253.html,,
Kevin Warsh returns to Federal Reserve with ‘regime change’ agenda,2026-05-22,Hurriyet Daily News,https://www.hurriyetdailynews.com/kevin-warsh-returns-to-federal-reserve-with-regime-change-agenda-222424,,
Are Economists Going the Way of the Dinosaur?,2026-05-22,Thenation.com,https://www.thenation.com/?post_type=article&p=592998,,
Treasury yields fall as investors digest week of bond market volatility,2026-05-22,CNBC,https://www.cnbc.com/2026/05/22/treasury-yields-investors-week-bond-volatility.html,,
The Closed Card Problem: Why $550 Monthly Payments Leave Balances Frozen,2026-05-22,24/7 Wall St.,https://247wallst.com/personal-finance/2026/05/22/the-closed-card-problem-why-550-monthly-payments-leave-balances-frozen/,,
Warsh takes over Fed with a policy problem already in view,2026-05-22,The Times of India,https://economictimes.indiatimes.com/news/international/global-trends/kevin-warsh-takes-charge-of-the-fed-amid-inflation-challenge-and-ai-economic-shift/articleshow/131261659.cms,,
"Economists Boost US Inflation Forecast, Push Out Fed Cut on War",2026-05-22,Financial Post,https://financialpost.com/pmn/business-pmn/economists-boost-us-inflation-forecast-push-out-fed-cut-on-war,,
America's $28 trillion problem: The Fed just said foreign investors now own way more of the US than it owns of them,2026-05-22,Yahoo Entertainment,https://finance.yahoo.com/economy/policy/articles/americas-28-trillion-problem-fed-102500645.html,,
Apartment deal volume plummeted in April: MSCI,2026-05-22,Multifamilydive.com,https://www.multifamilydive.com/news/reit-mergers-acquisitions-apartment-sales/820970/,,
Wall Street has pretty much written off the idea of a Fed rate cut at Kevin Warsh’s first meeting,2026-05-22,Fortune,https://fortune.com/2026/05/22/strait-hormuz-markets-toll-question-balance-sheet-warsh/,,
"Sensex today | Stock Market Highlights: Sensex rises 231 pts, Nifty ends at 23,719 led by banks, positive global cues",2026-05-22,BusinessLine,https://www.thehindubusinessline.com/markets/sensex-nifty50-today-stock-market-highlights-22nd-may-2026/article71006112.ece,,
The Economic Experiment That Upended Reality,2026-05-22,The Atlantic,https://www.theatlantic.com/ideas/2026/05/minimum-wage-experiment-worked/687255/,,
How Kevin Warsh will navigate his tricky new position as Fed chairman under Trump,2026-05-22,New York Post,https://nypost.com/2026/05/22/business/how-kevin-warsh-will-navigate-his-tricky-new-position-as-fed-chairman-under-trump/,,
"CWS Market Review – May 22, 2026",2026-05-22,Crossingwallstreet.com,https://www.crossingwallstreet.com/archives/2026/05/cws-market-review-may-22-2026.html,,
Warsh to Be Sworn in as Fed Chief During White House Ceremony,2026-05-22,Financial Post,https://financialpost.com/pmn/business-pmn/warsh-to-be-sworn-in-as-fed-chief-during-white-house-ceremony,,
"Trump swears in Kevin Warsh as Federal Reserve chair, marking a pro-crypto shift at the central bank",2026-05-22,Crypto Briefing,https://cryptobriefing.com/trump-swears-in-warsh-fed-chair-pro-crypto/,,
"BRICS Countries China, Brazil and India Dump $51,200,000,000 in US Treasuries As Ron Paul Warns the Dollar’s Global Reserve Status Is Under Threat",2026-05-22,The Daily Hodl,https://dailyhodl.com/2026/05/22/brics-countries-china-brazil-and-india-dump-51200000000-in-us-treasuries-as-ron-paul-warns-the-dollars-global-reserve-status-is-under-threat/,,
iLending Industry Insights – State of Auto/Car Loan Refinance,2026-05-22,GlobeNewswire,https://www.globenewswire.com/news-release/2026/05/22/3300138/0/en/iLending-Industry-Insights-State-of-Auto-Car-Loan-Refinance.html,,
New Fed chief to be sworn in at White House,2026-05-22,RTE,https://www.rte.ie/news/business/2026/0522/1574764-new-fed-chief-to-be-sworn-in-at-white-house/,,
Kevin Warsh Sworn In As Trump’s Fed Chair,2026-05-22,Forbes,https://www.forbes.com/sites/antoniopequenoiv/2026/05/22/kevin-warsh-sworn-in-as-trumps-fed-chair/,,
"As Bitcoin Volatility Rattles Retail Investors in 2026, SaintQuant's Automated AI Trading Delivers Stability Across Stocks and Beyond",2026-05-22,GlobeNewswire,https://www.globenewswire.com/news-release/2026/05/22/3300222/0/en/As-Bitcoin-Volatility-Rattles-Retail-Investors-in-2026-SaintQuant-s-Automated-AI-Trading-Delivers-Stability-Across-Stocks-and-Beyond.html,,
Kevin Warsh's real Fed 'regime change' may happen deep inside Wall Street's plumbing,2026-05-22,CNBC,https://www.cnbc.com/2026/05/22/kevin-warshs-real-fed-regime-change-may-happen-deep-inside-wall-streets-plumbing.html,,
"Federal Reserve signals potential rate hikes amid inflation concerns, rattling crypto markets",2026-05-22,Crypto Briefing,https://cryptobriefing.com/fed-rate-hike-signal-crypto-impact/,,
AI’s Expanding Market Grip Traps Active Managers on Wall Street,2026-05-22,Financial Post,https://financialpost.com/pmn/business-pmn/ais-expanding-market-grip-traps-active-managers-on-wall-street,,
Michigan consumer sentiment index drops to all-time low of 44.8,2026-05-22,Crypto Briefing,https://cryptobriefing.com/michigan-consumer-sentiment-all-time-low/,,
FEDS Note: Measurement of “Computer Software and Accessories” Inflation,2026-05-22,Federalreserve.gov,https://www.federalreserve.gov/econres/notes/feds-notes/measurement-of-computer-software-and-accessories-inflation-20260522.html,,
Warsh sworn in as Fed chair after Trump's bid for greater control over the independent bank,2026-05-22,Japan Today,https://japantoday.com/category/world/warsh-is-sworn-in-as-the-fed-chair-after-trump%27s-bid-for-greater-control-over-the-independent-bank,,
Consumer sentiment falls to record low as Iran war fuels inflation fears,2026-05-22,Crypto Briefing,https://cryptobriefing.com/consumer-sentiment-record-low-iran-war-inflation/,,
"US 2-year yield climbs to 4.14%, hitting highest level since February 2025",2026-05-22,Crypto Briefing,https://cryptobriefing.com/us-2-year-yield-rises-highest-since-february/,,
"‘We have some debt we’d like to take care of’: Powell out, Warsh in as new Federal Reserve chair",2026-05-22,Wnd.com,https://www.wnd.com/2026/05/we-have-some-debt-wed-like-take-care/,,
Federal Reserve faces market bets for rate hike by December under Warsh,2026-05-22,Crypto Briefing,https://cryptobriefing.com/fed-rate-hike-bets-warsh-december/,,
"Stocks climb, yields dip as investors focus on some progress in US-Iran talks",2026-05-22,CNA,https://www.channelnewsasia.com/business/stocks-climb-yields-dip-investors-focus-some-progress-in-us-iran-talks-6135706,,
Trump hosts White House ceremony for new Fed Chairman Warsh,2026-05-22,Crypto Briefing,https://cryptobriefing.com/trump-white-house-ceremony-fed-chair-warsh/,,
"Trump endorses Kevin Warsh as Federal Reserve chair, emphasizes independence",2026-05-22,Crypto Briefing,https://cryptobriefing.com/trump-warsh-federal-reserve-chair-crypto/,,
Trump criticizes Federal Reserve for straying from its mandate as Warsh prepares to take over,2026-05-22,Crypto Briefing,https://cryptobriefing.com/trump-criticizes-fed-warsh-takes-over/,,
"Kevin Warsh sworn in as Federal Reserve Chair, bringing $131M+ in crypto holdings to the job",2026-05-22,Crypto Briefing,https://cryptobriefing.com/kevin-warsh-fed-chair-crypto-holdings/,,
Trump urges Warsh to be independent as Federal Reserve chair during White House swearing-in,2026-05-22,Crypto Briefing,https://cryptobriefing.com/trump-warsh-federal-reserve-chair-independence/,,
"Kevin Warsh sworn in as Fed chair, as traders forecast rate hikes in 2026",2026-05-22,Cointelegraph,https://cointelegraph.com/news/kevin-warsh-sworn-fed-chair-traders-rate-hikes-2026,,
Scott Bessent expresses confidence in Kevin Warsh’s rate decisions as new Fed chair era begins,2026-05-22,Crypto Briefing,https://cryptobriefing.com/bessent-confidence-warsh-rate-decisions/,,
Kevin Warsh begins Fed chair role amid soaring inflation challenges,2026-05-22,Crypto Briefing,https://cryptobriefing.com/kevin-warsh-fed-chair-inflation-crypto/,,
Trump urges Kevin Warsh to maintain independence as new Fed chair takes oath at White House,2026-05-22,Crypto Briefing,https://cryptobriefing.com/trump-warsh-fed-chair-independence/,,
Warsh takes the Fed's helm as inflation climbs,2026-05-22,The Times of India,https://timesofindia.indiatimes.com/business/international-business/warsh-takes-the-feds-helm-as-inflation-climbs/articleshow/131270468.cms,,
Kevin Warsh sworn in as new US Fed chair,2026-05-22,Al Jazeera English,https://www.aljazeera.com/economy/2026/5/22/kevin-warsh-sworn-in-as-new-us-fed-chair,,
The S&P 500 just notched its longest winning streak since 2023,2026-05-22,Business Insider,https://www.businessinsider.com/stock-market-record-high-bonds-streak-iran-war-trump-oil-2026-5,,
US stocks today: Dow hits record high as Middle East hopes lift sentiment and Warsh takes Fed charge,2026-05-22,The Times of India,https://economictimes.indiatimes.com/markets/us-stocks/news/us-stocks-today-dow-hits-record-high-as-middle-east-hopes-lift-sentiment-and-warsh-takes-fed-charge/articleshow/131268063.cms,,
"Federal Reserve’s Waller delivers hawkish speech, hints at rate hikes if inflation stalls",2026-05-22,Crypto Briefing,https://cryptobriefing.com/fed-waller-hawkish-speech-rate-hikes/,,
Nomura abandons 2026 Fed rate cut forecast as inflation refuses to cooperate,2026-05-22,Crypto Briefing,https://cryptobriefing.com/nomura-fed-rate-cuts-2026-inflation/,,
Kevin Warsh takes oath as US Federal Reserve chair,2026-05-22,The Times of India,https://economictimes.indiatimes.com/news/international/global-trends/kevin-warsh-takes-oath-as-us-federal-reserve-chair/articleshow/131265842.cms,,
'I was not happy': Trump throws mini tantrum as crowd applauds Fed chair instead of him,2026-05-22,Raw Story,https://www.rawstory.com/donald-trump-kevin-warsh-applause/,,
"Kevin Warsh sworn in as new Fed chair, replacing Powell",2026-05-22,CBS News,https://www.cbsnews.com/news/kevin-warsh-sworn-in-federal-reserve-chair/,,
"Federal Reserve’s Waller says next rate move could go either way, drops easing bias",2026-05-22,Crypto Briefing,https://cryptobriefing.com/fed-waller-rate-hike-cut-balanced-approach/,,
"Stocks climb, yields dip as investors focus on US-Iran talks",2026-05-22,Yahoo Entertainment,https://finance.yahoo.com/markets/stocks/articles/stocks-rise-dollar-six-week-014105963.html,,
Angst over rising cost of living pushes US consumer sentiment to record low,2026-05-22,The Times of India,https://economictimes.indiatimes.com/markets/us-stocks/news/angst-over-rising-cost-of-living-pushes-us-consumer-sentiment-to-record-low/articleshow/131266048.cms,,
‘Do Your Own Thing’: Donald Trump Claims He Wants New Fed Chair To Be ‘Totally Independent’,2026-05-22,Mediaite,https://www.mediaite.com/media/news/do-your-own-thing-donald-trump-claims-he-wants-new-fed-chair-to-be-totally-independent/,,
Trump's subtle warning to Kevin Warsh as he's sworn in as Federal Reserve Chair: 'Don't look at me',2026-05-22,Dailymail.com,https://www.dailymail.com/yourmoney/article-15841503/trump-kevin-warsh-federal-reserve-chair.html,,
‘Be Totally Independent’: Trump Swears in His Fed Chair Pick,2026-05-22,Daily Signal,https://www.dailysignal.com/2026/05/22/trump-swears-in-his-fed-chair-pick/,,
US Fed chair Kevin Warsh says will be 'reform-oriented' at glitzy White House swearing-in,2026-05-22,The Times of India,https://economictimes.indiatimes.com/markets/us-stocks/news/us-fed-chair-kevin-warsh-says-will-be-reform-oriented-at-glitzy-white-house-swearing-in/articleshow/131266262.cms,,
"Kevin Warsh sworn in as Federal Reserve chair; ‘I want him to be totally independent,’ Trump says",2026-05-22,New York Post,https://nypost.com/2026/05/22/business/kevin-warsh-sworn-in-as-federal-reserve-chair-i-want-him-to-be-totally-independent-trump-says/,,
Kevin Warsh sworn in as Fed chair. What may change at the central bank,2026-05-22,USA Today,https://www.usatoday.com/story/money/economy/2026/05/22/kevin-warsh-sworn-in-as-fed-chair/90201506007/,,
Assessing the Current State of Wage Inflation,2026-05-22,Newyorkfed.org,https://libertystreeteconomics.newyorkfed.org/2026/05/assessing-the-current-state-of-wage-inflation/,,
Zweig-DiMenna warns S&P 500 could drop 15% amid inflation threat,2026-05-22,Crypto Briefing,https://cryptobriefing.com/zweig-dimenna-sp500-drop-inflation-warning/,,
Gold Drops as Fed’s Waller Says Next Move Likely To Be Rate Hike,2026-05-22,Yahoo Entertainment,https://finance.yahoo.com/markets/commodities/articles/gold-steady-us-iran-signals-235735175.html,,
Bond Traders Bet Fed Under Warsh Will Hike Rates This Year,2026-05-22,Yahoo Entertainment,https://finance.yahoo.com/economy/policy/articles/bond-traders-bet-fed-under-161158990.html,,
Trump Hosts Swearing-in of New Fed Chair,2026-05-22,Newser,https://www.newser.com/story/389684/trump-hosts-swearing-in-of-new-fed-chair.html,,
"Kevin Warsh sworn in as new Federal Reserve chair, Trump insists he'll remain independent",2026-05-22,CBS News,https://www.cbsnews.com/video/kevin-warsh-sworn-in-as-new-federal-reserve-chair-trump-insists-hell-remain-independent/,,
Dollar near six-week high amid Iran war jitters,2026-05-22,CNA,https://www.channelnewsasia.com/business/dollar-near-six-week-high-amid-iran-war-jitters-6135711,,
Kevin Warsh Sworn In as Federal Reserve Chairman in East Room Ceremony,2026-05-22,Breitbart News,https://www.breitbart.com/economy/2026/05/22/kevin-warsh-sworn-in-federal-reserve-chairman-east-room-ceremony/,,
Stocks continue surging to record highs. Here's how to hedge,2026-05-22,CNBC,https://www.cnbc.com/2026/05/22/stocks-continue-surging-to-record-highs-heres-how-to-hedge.html,,
US Fed chair says will be 'reform-oriented' at glitzy White House swearing-in,2026-05-22,CNA,https://www.channelnewsasia.com/world/kevin-warsh-us-fed-chair-swearing-in-white-house-6136521,,
"Wall Street keeps rising, even as U.S. households keep getting more discouraged",2026-05-22,KPRC Click2Houston,https://www.click2houston.com/business/2026/05/22/asian-shares-track-wall-street-gains-and-oil-prices-climb-on-uncertainty-over-the-iran-war/,,
Bitcoin faces fresh selling pressure despite U.S.-Iran easing; over $400 million liquidated in 1 day,2026-05-23,The Times of India,https://economictimes.indiatimes.com/markets/cryptocurrency/bitcoin-faces-fresh-selling-pressure-despite-u-s-iran-easing-over-400-million-liquidated-in-1-day/articleshow/131277484.cms,,
S&P 500 is set for longest weekly rally since 2023: Markets Wrap,2026-05-23,Bloomberg,https://www.bloomberg.com/news/articles/2026-05-21/asian-stocks-to-rise-on-optimism-over-iran-talks-markets-wrap,,
Kevin Warsh Becomes Fed Chair After Unanimous FOMC Vote,2026-05-23,BeInCrypto,https://beincrypto.com/kevin-warsh-sworn-in-fed-chair-2026/,,
Kevin Warsh faces scrutiny over crypto holdings as he prepares to lead the Federal Reserve,2026-05-23,Crypto Briefing,https://cryptobriefing.com/kevin-warsh-fed-chair-crypto-scrutiny/,,
Dollar near six-week high amid Iran war jitters,2026-05-23,The Times of India,https://economictimes.indiatimes.com/markets/forex/dollar-near-six-week-high-amid-iran-war-jitters/articleshow/131272890.cms,,
Gold on track for second weekly loss as rising oil prices drive up rate hike bets,2026-05-23,The Times of India,https://economictimes.indiatimes.com/markets/commodities/gold-on-track-for-second-weekly-loss-as-rising-oil-prices-drive-up-rate-hike-bets/articleshow/131272874.cms,,
"Stocks climb, yields dip as investors focus on some progress in US-Iran talks",2026-05-23,The Times of India,https://economictimes.indiatimes.com/markets/us-stocks/news/stocks-climb-yields-dip-as-investors-focus-on-some-progress-in-us-iran-talks/articleshow/131272723.cms,,
Kevin Warsh faces scrutiny as he prepares to lead Federal Reserve,2026-05-23,Crypto Briefing,https://cryptobriefing.com/kevin-warsh-federal-reserve-chair-scrutiny/,,
"We need to speed up economic reform, but pessimism doesn’t help",2026-05-23,The Indian Express,https://indianexpress.com/article/opinion/columns/speed-up-economic-reform-pessimism-doesnt-help-10703503/,,
"Wall Street Week Ahead: Soaring stocks could face rocky patch as earnings wind down, yields perk up",2026-05-23,The Times of India,https://economictimes.indiatimes.com/markets/us-stocks/news/wall-street-week-ahead-soaring-stocks-could-face-rocky-patch-as-earnings-wind-down-yields-perk-up/articleshow/131271718.cms,,
US Treasury yields shift after Waller’s hawkish remarks on inflation and energy prices,2026-05-23,Crypto Briefing,https://cryptobriefing.com/treasury-yields-waller-hawkish-remarks/,,
Federal Reserve signals policy shift as stocks rise and oil falls amid US-Iran truce talks,2026-05-23,Crypto Briefing,https://cryptobriefing.com/fed-policy-shift-stocks-rise-oil-falls/,,
Breitbart Business Digest: World War Warsh—The Battle Over the Fed’s Future,2026-05-23,Breitbart News,https://www.breitbart.com/economy/2026/05/22/breitbart-business-digest-world-war-warsh-the-battle-over-the-feds-future/,,
Federal Reserve swears in Kevin Warsh as chair amid rising inflation and crypto uncertainty,2026-05-23,Crypto Briefing,https://cryptobriefing.com/kevin-warsh-fed-chair-crypto-inflation/,,
Truth Is the First Casualty of War. The Currency Is the Second.,2026-05-23,Activistpost.com,https://www.activistpost.com/truth-is-the-first-casualty-of-war-the-currency-is-the-second/,,
$8 for a dozen eggs: Billionaire Ken Griffin warns Americans are still getting hurt by ‘deeply triggering’ inflation,2026-05-23,Yahoo Entertainment,https://finance.yahoo.com/economy/articles/8-dozen-eggs-billionaire-ken-104500269.html,,
US consumer sentiment hits record low as gasoline prices and inflation fears crush confidence,2026-05-23,Crypto Briefing,https://cryptobriefing.com/us-consumer-sentiment-record-low-inflation-2/,,
‘I almost fell out of my chair’: Fed stalwart Claudia Sahm fears Kevin Warsh’s policies could undo 20 years of policy progress,2026-05-23,Fortune,https://fortune.com/2026/05/23/claudia-sahm-warsh-fed-forward-guidance-criticism-concern/,,
Trump urges new Fed chair Kevin Warsh to maintain independence during swearing-in,2026-05-23,Crypto Briefing,https://cryptobriefing.com/trump-fed-chair-warsh-independence/,,
"Warsh's Fed 'regime change' may require patience, consensus",2026-05-23,Yahoo Entertainment,https://finance.yahoo.com/economy/policy/articles/warshs-fed-regime-change-may-require-patience-consensus-140000487.html,,
New Fed Chair Kevin Warsh faces 'doom loop' of debt and inflation. What's going on in the bond market?,2026-05-23,Yahoo Entertainment,https://finance.yahoo.com/economy/policy/articles/fed-chair-kevin-warsh-faces-120000916.html,,
"Trump’s 3,711 trades point to multiple stock-market strategies",2026-05-23,Fortune,https://fortune.com/2026/05/23/trump-stock-portfolio-trading-market-strategies-indexing-tax-loss-harvesting/,,
"Student Loan Borrowers 50 And Older Are Most At Risk Of Defaulting, New Fed Data Shows",2026-05-23,Yahoo Entertainment,https://finance.yahoo.com/economy/policy/articles/student-loan-borrowers-50-older-200116080.html,,
"U.S. debt is the ‘elephant in the room’ amid bond market rout as Fed-fueled interest costs could drive even larger deficits, analysts warn",2026-05-23,Fortune,https://fortune.com/2026/05/23/us-debt-bond-market-selloff-fed-rate-hikes-inflation-interest-costs-deficits/,,
A Technocratic Question for Fed Chair Warsh,2026-05-23,Econbrowser.com,https://econbrowser.com/archives/2026/05/a-technocratic-question-for-fed-chair-warsh,,
Bitcoin’s hard-money thesis is colliding with 5% Treasury yields,2026-05-23,CryptoSlate,https://cryptoslate.com/the-bond-market-is-suddenly-dictating-the-future-of-bitcoin/,,
"Warsh will cut rates, despite consensus view of rate hikes: Analyst",2026-05-23,Cointelegraph,https://cointelegraph.com/news/warsh-cut-rate-despite-consensus-rate-hikes,,
The Fed’s worst inflation fears may be coming true as consumers lose faith in long-term prices—and even Trump supporters doubt he can bring relief,2026-05-23,Fortune,https://fortune.com/2026/05/23/fed-inflation-nightmare-consumer-expecations-unanchored-rate-hike-oil-prices-iran-war/,,
"Median Home Price Hit $417,700 in April. Here’s What That Means for Your Down Payment",2026-05-23,24/7 Wall St.,https://247wallst.com/personal-finance/2026/05/23/median-home-price-hit-417700-in-april-heres-what-that-means-for-your-down-payment/,,
Why bonds may not save investors from the next market shock: Chart of the Day,2026-05-23,Yahoo Entertainment,https://finance.yahoo.com/markets/article/why-bonds-may-not-save-investors-from-the-next-market-shock-chart-of-the-day-155420061.html,,
The market keeps winning. Most Americans are losing faith,2026-05-23,Fortune,https://fortune.com/2026/05/23/the-market-keeps-winning-most-americans-are-losing-faith/,,
Trump on new Fed Chair Kevin Warsh: ‘Do your own thing’ but don’t lose your way like Jerome Powell did,2026-05-23,Fortune,https://fortune.com/2026/05/23/trump-on-new-fed-chair-kevin-warsh-do-your-own-thing-but-dont-lose-your-way-like-jerome-powell-did/,,
"Bitcoin Breaks Below $75,000 as Three Major Risks Hit at Once",2026-05-23,BeInCrypto,https://beincrypto.com/bitcoin-price-four-week-low-clarity-act-delay/,,
"Crypto trader sees Hyperliquid, AI tokens leading next altcoin rally",2026-05-23,CoinDesk,https://www.coindesk.com/markets/2026/05/23/crypto-trader-sees-hyperliquid-ai-tokens-leading-next-altcoin-rally,,
"As Trump Plans Next Round in Iran War, Fresh Gas Price Shocks Rattle Consumers",2026-05-23,24/7 Wall St.,https://247wallst.com/investing/2026/05/23/as-trump-plans-next-round-in-iran-war-fresh-gas-price-shocks-rattle-consumers/,,
Rising Rates Are Threatening to Kill the Zombies and Send Small-Cap Stocks Plunging,2026-05-23,Barchart.com,https://www.barchart.com/story/news/2102195/rising-rates-are-threatening-to-kill-the-zombies-and-send-small-cap-stocks-plunging,,
"U.S. and Iran are closing in on a 60-day ceasefire extension with nuclear framework, FT reports",2026-05-23,CNBC,https://www.cnbc.com/2026/05/23/us-iran-war-talks.html,,
"Gold, silver likely to remain rangebound as US-Iran negotiations near key stage: Analysts",2026-05-24,The Times of India,https://economictimes.indiatimes.com/industry/cons-products/fashion-/-cosmetics-/-jewellery/gold-silver-likely-to-remain-rangebound-as-us-iran-negotiations-near-key-stage-analysts/articleshow/131293302.cms,,
"PETER NAVARRO: Powell’s shadow Fed majority could threaten jobs, housing and growth",2026-05-24,Fox News,https://www.foxnews.com/opinion/peter-navarro-powells-shadow-fed-majority-could-threaten-jobs-housing-growth,,
Why is Bitcoin falling despite pro-crypto Kevin Warsh becoming Fed chair?,2026-05-24,Cointelegraph,https://cointelegraph.com/markets/why-is-bitcoin-falling-despite-pro-crypto-kevin-warsh-becoming-fed-chair,,
"Bitcoin falls to $74,190 as Kevin Warsh becomes Fed chair, raising rate hike fears",2026-05-24,Crypto Briefing,https://cryptobriefing.com/bitcoin-falls-kevin-warsh-fed-chair-rate-hike/,,
Americans Refuse To Be Happy,2026-05-24,The Atlantic,https://www.theatlantic.com/ideas/2026/05/americans-depressed-economy/687278/,,
"“Just do your own thing,” Trump tells new Fed Chair Warsh at swearing-in",2026-05-24,24/7 Wall St.,https://247wallst.com/investing/2026/05/24/just-do-your-own-thing-trump-tells-new-fed-chair-warsh-at-swearing-in/,,
Trump’s Iran War Reignited Stagflation Fears — and May’s Data Just Confirmed It,2026-05-24,24/7 Wall St.,https://247wallst.com/investing/2026/05/24/trumps-iran-war-reignited-stagflation-fears-and-mays-data-just-confirmed-it/,,
"Gold, silver likely to remain rangebound as US-Iran negotiations near key stage: Analysts",2026-05-24,BusinessLine,https://www.thehindubusinessline.com/markets/gold/gold-silver-likely-to-remain-rangebound-as-us-iran-negotiations-near-key-stage-analysts/article71018566.ece,,
Wolfe Research Turns More Defensive on Risk Assets as Yield Pressures Build,2026-05-24,Advfn.com,https://investorshub.advfn.com/market-news/article/28868/wolfe-research-turns-more-defensive-on-risk-assets-as-yield-pressures-build,,
"Trump economist points to 'great signs' of easing inflation, predicts fuel costs will 'plummet' with Iran deal",2026-05-24,Fox News,https://www.foxnews.com/media/trump-economist-points-great-signs-easing-inflation-predicts-fuel-costs-plummet-iran-deal,,
Rising Private Credit Defaults Are Testing Banks And Insurers,2026-05-24,Forbes,https://www.forbes.com/sites/mayrarodriguezvalladares/2026/05/24/rising-private-credit-defaults-are-testing-banks-and-insurers/,,
Hassett Says Ending Iran War May Create Room for Fed Rate Cut,2026-05-24,Financial Post,https://financialpost.com/pmn/business-pmn/hassett-says-ending-iran-war-may-create-room-for-fed-rate-cut,,
Crude Oil Drops as US Inches Toward Iran Deal to Reopen Strait,2026-05-24,Financial Post,https://financialpost.com/pmn/business-pmn/crude-oil-drops-as-us-inches-toward-iran-deal-to-reopen-strait,,
"Oil, Dollar Fall on Expectations Over Iran Deal: Markets Wrap",2026-05-24,Financial Post,https://financialpost.com/pmn/business-pmn/oil-dollar-fall-on-expectations-over-iran-deal-markets-wrap,,
"Markets ""shrugged off"" war worries, as Nikkei soars",2026-05-25,RTE,https://www.rte.ie/news/business/2026/0525/1575083-global-markets-may/,,
Rupee downslide: a macroeconomic ‘original sin' offers a structural explanation for it,2026-05-25,Livemint,https://www.livemint.com/opinion/online-views/rupee-downslide-macroeconomic-original-sin-dollar-dominance-barry-eichengreen-ricardo-hausmann-11779651767347.html,,
Gold Gains as Prospects of Iran Deal Temper Inflation Concerns,2026-05-25,Yahoo Entertainment,https://finance.yahoo.com/news/gold-jumps-as-prospects-of-iran-deal-temper-inflation-concerns-023152905.html,,
"Gold rises as dollar, oil ease on U.S.-Iran deal prospects",2026-05-25,CNBC,https://www.cnbc.com/2026/05/25/gold-rises-as-dollar-oil-ease-on-us-iran-deal-prospects.html,,
Ripple (XRP) Price Prediction: Will XRP Hit $15 By 2027?,2026-05-25,24/7 Wall St.,https://247wallst.com/investing/2026/05/25/ripple-xrp-price-prediction-will-xrp-hit-15-by-2027/,,
Gold & silver ready for next big leg up? 360 ONE Asset’s Rahul Khetawat shares tactical allocation strategy,2026-05-25,The Times of India,https://economictimes.indiatimes.com/markets/expert-view/gold-silver-ready-for-next-big-leg-up-360-one-assets-rahul-khetawat-shares-tactical-allocation-strategy/articleshow/131303199.cms,,
Gold Jumps as Prospects of Iran Deal Temper Inflation Concerns,2026-05-25,Financial Post,https://financialpost.com/pmn/business-pmn/gold-jumps-as-prospects-of-iran-deal-temper-inflation-concerns,,
"Best CD rates today, May 25, 2026: Lock in up to 4% APY",2026-05-25,Yahoo Entertainment,https://finance.yahoo.com/personal-finance/banking/article/best-cd-rates-today-monday-may-25-2026-100000678.html,,
European shares hit two-month high and oil falls 6% on hopes for Strait of Hormuz deal,2026-05-25,The Irish Times,https://www.irishtimes.com/business/2026/05/25/european-shares-hit-two-month-high-and-oil-falls-6-on-hopes-for-strait-of-hormuz-deal/,,
The Home Front: When the calorie becomes the last honest currency,2026-05-25,Naturalnews.com,https://www.naturalnews.com/2026-05-25-the-home-front-calorie-becomes-last-honest-currency.html,,
AI rally drives best run in global momentum stocks on record,2026-05-25,Bloomberg,https://www.bloomberg.com/news/articles/2026-05-25/ai-rally-drives-best-run-in-global-momentum-stocks-on-record,,
​A Tougher Fed? Markets brace for policy shift under Kevin Warsh,2026-05-25,Economictimes.com,https://m.economictimes.com/markets/us-stocks/news/a-tougher-fed-markets-brace-for-policy-shift-under-kevin-warsh/a-new-era-begins-at-the-fed/slideshow/131302472.cms,,
Gold jumps as prospects of Iran deal temper inflation concerns,2026-05-25,Bloomberg,https://www.bloomberg.com/news/articles/2026-05-24/gold-gains-as-prospects-of-iran-deal-temper-inflation-concerns,,
US Stock Market: Wall Street faces macro headwinds after strong earnings season,2026-05-25,The Times of India,https://economictimes.indiatimes.com/markets/us-stocks/news/us-stock-market-wall-street-faces-macro-headwinds-after-strong-earnings-season/articleshow/131301043.cms,,
U.S. Treasury Rout Tests Washington's Tolerance For Higher Borrowing Costs,2026-05-25,HuffPost,https://www.huffpost.com/entry/treasury-rout-washington-higher-borrowing_n_6a13c07fe4b0bb04cec7dbd5,,
"Gold rises on weaker dollar, easing oil as investors assess US-Iran deal prospects",2026-05-25,BusinessLine,https://www.thehindubusinessline.com/markets/gold/gold-rises-on-weaker-dollar-easing-oil-as-investors-assess-us-iran-deal-prospects/article71019726.ece,,
"Stock market today: BSE Sensex jumps over 800 points, Nifty50 near 24,000 mark",2026-05-25,The Times of India,https://timesofindia.indiatimes.com/business/india-business/sensex-stock-market-today-25-may-2026-live-updates-nse-bse-gift-nifty-50-top-gainers-losers-mcx-stocks-in-focus-market-news/liveblog/131299626.cms,,
Gold rises on weaker dollar as investor weigh US-Iran peace deal prospects,2026-05-25,The Times of India,https://economictimes.indiatimes.com/markets/commodities/news/gold-rises-on-weaker-dollar-as-investor-weigh-us-iran-peace-deal-prospects/articleshow/131299319.cms,,
US Teens Face Toughest Summer Job Market in 78 Years,2026-05-25,pymnts.com,https://www.pymnts.com/economy/2026/us-teens-face-toughest-summer-job-market-in-78-years/,,
Markets Now Pricing in Rate Hikes Through 2027 as Fed Cut Expectations Evaporate,2026-05-25,24/7 Wall St.,https://247wallst.com/investing/2026/05/25/markets-now-pricing-in-rate-hikes-through-2027-as-fed-cut-expectations-evaporate/,,
"Tokyo stocks hit record, oil and dollar ease on Middle East peace hopes",2026-05-25,Yahoo Entertainment,https://finance.yahoo.com/markets/stocks/articles/stocks-rise-oil-dollar-slide-233702158.html,,
Guess Who Won't See a Refund for Trump's Illegal Tariffs? You,2026-05-25,Otherwords.org,https://otherwords.org/you-paid-for-trumps-tariffs-corporations-get-the-refund/,,
"PCE, jobless claims and housing data test Fed cut hopes: Crypto Week Ahead",2026-05-25,CoinDesk,https://www.coindesk.com/markets/2026/05/25/pce-jobless-claims-and-housing-data-test-fed-cut-hopes-crypto-week-ahead,,
BTC price to attack $80K shorts on Iran peace deal: Five things to know in Bitcoin this week,2026-05-25,Cointelegraph,https://cointelegraph.com/markets/btc-price-tipped-to-attack-80k-shorts-on-iran-peace-deal-five-things-to-know-in-bitcoin-this-week,,
Iran war could add billions of dollars in interest payments to US debt: Report,2026-05-25,Globalsecurity.org,https://www.globalsecurity.org/military/library/news/2026/05/mil-260525-presstv06.htm,,
"Israel and US reportedly strike Iran’s Larak Island, killing three in Strait of Hormuz escalation",2026-05-25,Crypto Briefing,https://cryptobriefing.com/israel-us-strike-larak-island-hormuz/,,
Treasury yield gap narrows as traders bet on Federal Reserve’s higher-for-longer rates under Warsh,2026-05-25,Crypto Briefing,https://cryptobriefing.com/treasury-yield-gap-narrows-warsh-fed-rates/,,
"3 Things to Know About Kevin Warsh, the New Fed Chair",2026-05-25,BeInCrypto,https://beincrypto.com/3-things-kevin-warsh-fed-chair/,,
"News of the day: Canada’s slumping auto industry, market warning signs, Tim Hortons hiring local, Bank of Canada in no rate cut rush, cottage country buyers and more",2026-05-25,Financial Post,https://financialpost.com/uncategorized/news-of-the-day-canadas-slumping-auto-industry-market-warning-signs-tim-hortons-hiring-local-bank-of-canada-in-no-rate-cut-rush-cottage-country-buyers-and-more,,
Goldman Sachs warns of adverse market implications as global real yields rise,2026-05-25,Crypto Briefing,https://cryptobriefing.com/goldman-sachs-rising-real-yields-market-warning/,,
Fed Governor Says Iran War Causing More Uncertainty Than Tariffs,2026-05-25,pymnts.com,https://www.pymnts.com/economy/2026/fed-governor-says-iran-war-causing-more-uncertainty-than-tariffs/,,
Rising Beef Prices Are Slaughtering Steakhouses,2026-05-25,Forbes,https://www.forbes.com/sites/aliciapark/2026/05/25/rising-beef-prices-are-slaughtering-steakhouses/,,
Americans are under intense financial stress as household debt reaches $18.8T,2026-05-25,New York Post,https://nypost.com/2026/05/25/business/on-scale-of-one-to-10-how-high-is-americans-financial-stress-credit-counseling-org-voices-cause-for-concern/,,
Here's what experts say to expect from mortgage rates now that inflation keeps rising,2026-05-25,CBS News,https://www.cbsnews.com/news/what-experts-expect-mortgage-rates-inflation-keeps-rising/,,
US oil prices fall below $90 per barrel for first time since May 7,2026-05-25,Crypto Briefing,https://cryptobriefing.com/us-oil-prices-fall-below-90-crypto-impact/,,
"Why the Bank of Canada won't rush to cut rates, even if Warsh does",2026-05-25,Financial Post,https://financialpost.com/news/economy/bank-of-canada-cut-rates-warsh,,
"Bitcoin and Ethereum ETF outflows expose rotation into HYPE, XRP and Solana",2026-05-25,CryptoSlate,https://cryptoslate.com/bitcoin-ethereum-etf-outflows-altcoin-rotation/,,
"S&P 500 Blasts Above 7,500 as Iran Strait Deal Hopes Crush Oil Prices",2026-05-25,24/7 Wall St.,https://247wallst.com/investing/2026/05/25/sp-500-blasts-above-7500-as-iran-strait-deal-hopes-crush-oil-prices/,,
Mortgage and Car Loan Rates Surge as Treasury Yields Hit Highest Levels Since 2007,2026-05-25,Ibtimes.com.au,https://www.ibtimes.com.au/rising-treasury-yields-impact-borrowing-costs-1869457,,
Ethereum Market Structure Is Sending A Confusing Signal: Hidden Sellers Are In Control,2026-05-25,Bitcoinist,https://bitcoinist.com/ethereum-market-structure-sending-confusing-signal/,,
"Mortgage interest rates today: Check current mortgage rates on May 25, Memorial Day, what to expect this week",2026-05-25,The Times of India,https://economictimes.indiatimes.com/news/international/us/mortgage-interest-rates-today-check-current-mortgage-rates-on-may-25-memorial-day-what-to-expect-this-week/articleshow/131309254.cms,,
Oil Price Butchered as US Stocks Breach ATH: Can Bitcoin Mirror the S&P 500?,2026-05-25,Cryptonews,https://cryptonews.com/news/oil-price-bitcoin-sp500-7500-breakout-risk-on-surge/,,
"Debt, War and the Unseen Fate of Nation States",2026-05-25,Globalresearch.ca,https://www.globalresearch.ca/debt-war-unseen-fate-states/5927453,,
Foreign central banks dumping U.S. treasuries,2026-05-25,Freerepublic.com,https://freerepublic.com/focus/f-news/4380887/posts,,
Oil plunges below $100 on hopes of US-Iran Hormuz deal,2026-05-25,Digital Journal,https://www.digitaljournal.com/business/oil-plunges-below-100-on-hopes-of-us-iran-hormuz-deal/article,,
"Ethereum Price Roadmap For The Rest Of 2026: Bull, Base, And Bear Scenarios Unpacked",2026-05-26,newsBTC,http://www.newsbtc.com/news/ethereum/ethereum-price-roadmap-for-the-rest-of-2026-bull-base-and-bear-scenarios-unpacked/,,
Treasury Curve Flashes Higher-for-Longer Warning Under Warsh,2026-05-26,Yahoo Entertainment,https://finance.yahoo.com/economy/policy/articles/treasury-curve-flashes-higher-longer-101742678.html,,
Philip R. Lane: Interview with Nikkei,2026-05-26,Europa.eu,https://www.ecb.europa.eu//press/inter/date/2026/html/ecb.in260526_1~71caa51b14.en.html,,
Iran deal could reshape oil market and crypto flows as Strait of Hormuz reopening takes shape,2026-05-26,Crypto Briefing,https://cryptobriefing.com/iran-deal-oil-market-strait-hormuz-crypto/,,
Federal Reserve Chair Kevin Warsh faces pressure to adjust rate stance as inflation complicates promises,2026-05-26,Crypto Briefing,https://cryptobriefing.com/fed-chair-warsh-rate-stance-pressure/,,
Treasury yields slide after Memorial Day break as traders weigh Iran peace prospects,2026-05-26,CNBC,https://www.cnbc.com/2026/05/26/treasury-yields-us-strikes-on-iran-oil-bonds.html,,
'You do not have to suffer': Money expert Tori Dunlap says you shouldn't try to 'white-knuckle' your way out of the red,2026-05-26,Yahoo Entertainment,https://finance.yahoo.com/markets/articles/not-suffer-money-expert-tori-090000913.html,,
"Federal Reserve Chair Kevin Warsh highlights AI’s cost-cutting potential, draws parallels to 1990s boom",2026-05-26,Crypto Briefing,https://cryptobriefing.com/fed-chair-warsh-ai-cost-cutting-potential/,,
"Gold slips as US-Iran tensions lift oil, stoke inflation fears",2026-05-26,BusinessLine,https://www.thehindubusinessline.com/markets/gold/gold-slips-as-us-iran-tensions-lift-oil-stoke-inflation-fears/article71024156.ece,,
US-Iran 60-day ceasefire would keep Bitcoin hostage to macro uncertainty – Do new strikes change that?,2026-05-26,CryptoSlate,https://cryptoslate.com/us-iran-60-day-ceasefire-bitcoin-macro-uncertainty/,,
Hyperliquid takes a swing at Polymarket with macro outcome bets,2026-05-26,CoinDesk,https://www.coindesk.com/markets/2026/05/26/hyperliquid-takes-aim-at-polymarket-with-launch-of-offchain-event-contracts,,
US Treasuries rally as Trump signals progress in Iran negotiations,2026-05-26,Crypto Briefing,https://cryptobriefing.com/us-treasuries-rally-trump-iran-negotiations/,,
Markets brace for a long conflict as investors reassess global equity risks: Andrew Freris,2026-05-26,The Times of India,https://economictimes.indiatimes.com/markets/us-stocks/news/markets-brace-for-a-long-conflict-as-investors-reassess-global-equity-risks-andrew-freris/articleshow/131323031.cms,,
Markets brace for a long conflict as investors reassess global equity risks: Andrew Freris,2026-05-26,The Times of India,https://economictimes.indiatimes.com/markets/us-stocks/news/markets-brace-for-a-long-conflict-as-investors-reassess-global-equity-risks-andrew-freris/articleshow/131322996.cms,,
US Stock Market: Bond yields drop after Trump signals progress in Iran talks,2026-05-26,The Times of India,https://economictimes.indiatimes.com/markets/us-stocks/news/us-stock-market-bond-yields-drop-after-trump-signals-progress-in-iran-talks/articleshow/131321712.cms,,
US Stock Market: Kevin Warsh’s Fed debut signals major shift in US monetary policy landscape,2026-05-26,The Times of India,https://economictimes.indiatimes.com/markets/us-stocks/news/us-stock-market-kevin-warshs-fed-debut-signals-major-shift-in-us-monetary-policy-landscape/articleshow/131321424.cms,,
"Asia stocks, oil prices mixed on US-Iran deal uncertainty",2026-05-26,eNCA,https://www.enca.com/business/asia-stocks-oil-prices-mixed-us-iran-deal-uncertainty,,
Dollar wobbles as markets cling to hopes for Middle East peace deal,2026-05-26,The Times of India,https://economictimes.indiatimes.com/markets/forex/forex-news/dollar-wobbles-as-markets-cling-to-hopes-for-middle-east-peace-deal/articleshow/131320100.cms,,
"Gold slips as US-Iran tensions lift oil, stoke inflation fears",2026-05-26,The Times of India,https://economictimes.indiatimes.com/markets/commodities/news/gold-slips-as-us-iran-tensions-lift-oil-stoke-inflation-fears/articleshow/131320080.cms,,
Treasuries Gain in Catch-Up Trade as Trump Sees Progress on Iran,2026-05-26,Financial Post,https://financialpost.com/pmn/business-pmn/treasuries-gain-in-catch-up-trade-as-trump-sees-progress-on-iran,,
"US strikes Iranian missile sites amid ongoing peace talks, rattling crypto markets",2026-05-26,Crypto Briefing,https://cryptobriefing.com/us-strikes-iran-missile-sites-crypto-impact/,,
Wall Street Set for Gains as Iran Peace Hopes Hold: Markets Wrap,2026-05-26,Yahoo Entertainment,https://finance.yahoo.com/markets/stocks/articles/us-stock-futures-extend-gains-085825269.html,,
"European Central Bank should raise rates in June, says Schnabel",2026-05-26,Crypto Briefing,https://cryptobriefing.com/ecb-rate-hike-june-schnabel/,,
"U.S. would only break Iranian ceasefire if there was ‘absolutely no alternative,’ says Deutsche Bank—this weekend was a warning shot",2026-05-26,Fortune,https://fortune.com/2026/05/26/iran-ceasefire-deutsche-bank-warning-shot-markets/,,
Asian Stocks Set to Rise as Iran Deal Hopes Hold: Markets Wrap,2026-05-26,Financial Post,https://financialpost.com/pmn/business-pmn/asian-stocks-set-to-rise-as-iran-deal-hopes-hold-markets-wrap,,
Bitcoin ETFs face $1.4B in outflows as Treasuries signal rate hikes,2026-05-26,Crypto Briefing,https://cryptobriefing.com/bitcoin-etf-outflows-treasury-yields/,,
Bitcoin ETFs crushed by billions in outflows as Treasuries stifle interest-rate cut hopes,2026-05-26,CoinDesk,https://www.coindesk.com/daybook-us/2026/05/26/bitcoin-etfs-crushed-by-billions-in-outflows-as-treasuries-stifle-interest-rate-cut-hopes,,
Gold Miners Are a Screaming Buy Here,2026-05-26,Dailyreckoning.com,https://dailyreckoning.com/gold-miners-are-a-screaming-buy-here/,,
Qfin Holdings Announces First Quarter 2026 Unaudited Financial Results,2026-05-26,GlobeNewswire,https://www.globenewswire.com/news-release/2026/05/26/3301561/0/en/Qfin-Holdings-Announces-First-Quarter-2026-Unaudited-Financial-Results.html,,
"US duties on Chinese imports expected to remain elevated, says Greer",2026-05-26,Crypto Briefing,https://cryptobriefing.com/us-china-tariffs-greer-elevated-duties/,,
US commercial banks see $211B year-over-year surge in loans amid inflation concerns,2026-05-26,Crypto Briefing,https://cryptobriefing.com/us-bank-loans-211b-surge-inflation/,,
"Stephen Jen Sees Yen Strengthening, Putting Carry Trades at Risk",2026-05-26,Financial Post,https://financialpost.com/pmn/business-pmn/stephen-jen-sees-yen-strengthening-putting-carry-trades-at-risk,,
Mortgage rates could hit 7% if Iran war doesn’t end soon,2026-05-26,OCRegister,https://www.ocregister.com/2026/05/26/mortgage-rates-could-hit-7-if-iran-war-doesnt-end-soon/,,
"US Dallas Fed business activity index rises to 0.4 in May, snapping back from negative territory",2026-05-26,Crypto Briefing,https://cryptobriefing.com/dallas-fed-business-activity-index-may/,,
"Past oil shocks hint that the stock market has peaked for the year, a veteran strategist says",2026-05-26,Business Insider,https://www.businessinsider.com/stock-market-today-oil-prices-us-iran-trump-investing-outlook-2026-5,,
Citadel Securities says Fed must pivot to inflation fighting,2026-05-26,Financial Post,https://financialpost.com/investing/citadel-securities-warns-fed-risks-falling-behind,,
Citadel Securities Warns That Fed Risks ‘Falling Behind Curve’,2026-05-26,Financial Post,https://financialpost.com/pmn/business-pmn/citadel-securities-warns-that-fed-risks-falling-behind-curve,,
Kevin Warsh is now leading the Fed. His main challenge is a doozy.,2026-05-26,CBS News,https://www.cbsnews.com/news/kevin-warsh-federal-reserve-inflation-challenges/,,
US home prices decline for second straight month as over half of major cities lose ground,2026-05-26,Crypto Briefing,https://cryptobriefing.com/us-home-prices-decline-second-month/,,
Bond market ushers in Warsh era with bets on 2026 hike,2026-05-26,Financial Post,https://financialpost.com/investing/bond-market-warsh-era-bets-2026-hike,,
The 2026 economy could have been great — if not for Trump,2026-05-26,Vox,https://www.vox.com/politics/489397/inflation-prices-iran-war-tariffs-trump,,
"Iran deal could reshape oil markets, and Bitcoin is already pricing it in",2026-05-26,Crypto Briefing,https://cryptobriefing.com/iran-deal-oil-market-bitcoin-strait-hormuz/,,
Dow Jones Climbs 195 Points as Markets Cheer Potential U.S.-Iran Peace Progress,2026-05-26,Ibtimes.com.au,https://www.ibtimes.com.au/dow-jones-rises-us-iran-peace-talks-1869514,,
Bessent Has Limited Options to Halt Climb in Treasury Yields,2026-05-26,Financial Post,https://financialpost.com/pmn/business-pmn/bessent-has-limited-options-to-halt-climb-in-treasury-yields,,
"Pending Home Sales Climb Unexpectedly, Prompting Americans to Rethink Real Estate Strategies",2026-05-26,Ibtimes.com.au,https://www.ibtimes.com.au/unexpected-rise-us-pending-home-sales-april-2023-1869512,,
Why is gold price down today? Check latest gold rate projections for June,2026-05-26,The Times of India,https://economictimes.indiatimes.com/news/international/us/why-is-gold-price-down-today-check-latest-gold-rate-projections-for-june/articleshow/131329235.cms,,
"The Warsh era begins, U.S. strikes Iran, summer travel's record cost and more in Morning Squawk",2026-05-26,CNBC,https://www.cnbc.com/2026/05/26/5-things-to-know-before-the-market-opens.html,,
JPMorgan sees stocks overpricing risk of rate hikes amid Iran conflict,2026-05-26,Crypto Briefing,https://cryptobriefing.com/jpmorgan-stocks-overpricing-rate-hikes-iran/,,
Powell’s Federal Reserve Mess Is Now Warsh’s Problem,2026-05-26,Daily Signal,https://www.dailysignal.com/2026/05/26/warsh-problem/,,
Treasury yields fall as investors remain optimistic on Iran peace deal prospects despite U.S. strikes,2026-05-27,CNBC,https://www.cnbc.com/2026/05/27/treasury-yields-investor-optimism-ceasefire-prospects-rise.html,,
"South Carolina man says his ex-wife’s cheating led to ‘unholy’ behavior and a $169,000 debt spiral",2026-05-27,Yahoo Entertainment,https://finance.yahoo.com/markets/articles/south-carolina-man-says-ex-103000262.html,,
Stock Index Futures Climb on AI Optimism and U.S.-Iran Peace Deal Hopes,2026-05-27,Barchart.com,https://www.barchart.com/story/news/2146884/stock-index-futures-climb-on-ai-optimism-and-lower-bond-yields-fed-speak-and-marvell-earnings-on-tap,,
Sensex today | Stock Market Highlights: Markets end lower amid cautious sentiment over fragile US-Iran truce,2026-05-27,BusinessLine,https://www.thehindubusinessline.com/markets/sensex-nifty50-today-stock-market-highlights-27th-may-2026/article71025438.ece,,
US credit card delinquencies hit highest level since 2011 at 13.1%,2026-05-27,Crypto Briefing,https://cryptobriefing.com/us-credit-card-delinquencies-highest-since-2011/,,
Dallas Fed Pres Says World Needs To Consume Less Oil And Gas,2026-05-27,OilPrice.com,https://oilprice.com/Latest-Energy-News/World-News/Dallas-Fed-Pres-Says-World-Needs-To-Consume-Less-Oil-And-Gas.html,,
Morning Minute: Dark Pool Trader Dumps $1.3B in IBIT in Single Clip,2026-05-27,Decrypt,https://decrypt.co/369129/morning-minute-dark-pool-trader-dumps-1-3b-in-ibit-in-single-clip,,
"U.S. Debt Exceeds 100% of GDP, $31.27 Trillion. Interest Rates Continue to Rise",2026-05-27,Globalresearch.ca,https://www.globalresearch.ca/us-debt-exceeds-100-gdp-interest-rates-rise/5927806,,
"Median pay for CEOs rose nearly 6% in 2025, but some compensation packages were eye-popping",2026-05-27,Abcnews.com,https://abcnews.com/Business/wireStory/median-pay-ceos-rose-6-2025-compensation-packages-133344639,,
Lorie Logan warns US oil production won’t fill global supply gap,2026-05-27,Crypto Briefing,https://cryptobriefing.com/lorie-logan-us-oil-production-supply-gap/,,
Here's what could pop the stock market bubble,2026-05-27,Yahoo Entertainment,https://finance.yahoo.com/markets/article/heres-what-could-pop-the-stock-market-bubble-120951563.html,,
Rising bond yields and inflation remain key risks for markets: Candace Browning,2026-05-27,The Times of India,https://economictimes.indiatimes.com/markets/us-stocks/news/rising-bond-yields-and-inflation-remain-key-risks-for-markets-candace-browning/articleshow/131344930.cms,,
Review: Recession,2026-05-27,Worksinprogress.co,https://worksinprogress.co/issue/review-recession-the-real-reasons-economies-shrink-and-what-to-do-about-it/,,
"Supply shock, debt may hurt central bank independence, ex-Fed executive says",2026-05-27,The Times of India,https://economictimes.indiatimes.com/news/international/world-news/supply-shock-debt-may-hurt-central-bank-independence-ex-fed-executive-says/articleshow/131343739.cms,,
"US to maintain tariffs on USMCA countries, Greer says",2026-05-27,Crypto Briefing,https://cryptobriefing.com/us-tariffs-usmca-greer-canada-mexico/,,
The Empire of Debt: How America’s Financial Machine Became More Dangerous Than Its Enemies,2026-05-27,Activistpost.com,https://www.activistpost.com/the-empire-of-debt-how-americas-financial-machine-became-more-dangerous-than-its-enemies/,,
Asian shares climb while oil holds gains,2026-05-27,PerthNow,https://www.perthnow.com.au/news/business/markets/asian-shares-climb-while-oil-holds-gains-c-22342937,,
"S&P/ASX 200 Edges Higher to 8,669.9 as Modest Gains Lift Australian Shares Mid-Session",2026-05-27,Ibtimes.com.au,https://www.ibtimes.com.au/asx-200-edges-higher-amid-global-uncertainties-1869538,,
"Silver gains Rs 2,000/kg, gold at Rs 1.58 lakh/10 gms on weak dollar, Iran war peace deal hopes. Key levels to watch",2026-05-27,The Times of India,https://economictimes.indiatimes.com/markets/commodities/news/silver-gains-rs-2000/kg-gold-at-rs-1-58-lakh/10-gms-on-weak-dollar-iran-war-peace-deal-hopes-key-levels-to-watch/articleshow/131341351.cms,,
If Hemingway wrote for the Congressional Budget Office,2026-05-27,Americanthinker.com,https://www.americanthinker.com/blog/2026/05/if_hemingway_wrote_for_the_congressional_budget_office.html,,
"Gold edges higher on weaker dollar; focus on US-Iran talks, Fed outlook",2026-05-27,The Times of India,https://economictimes.indiatimes.com/markets/commodities/news/gold-edges-higher-on-weaker-dollar-focus-on-us-iran-talks-fed-outlook/articleshow/131339853.cms,,
Shares scale new peaks as markets eye shaky US-Iran truce; kiwi jumps,2026-05-27,CNA,https://www.channelnewsasia.com/business/shares-scale-new-peaks-markets-eye-shaky-us-iran-truce-kiwi-jumps-6143671,,
"Shares advance, oil prices ease as investors weigh shaky US-Iran truce",2026-05-27,CNA,https://www.channelnewsasia.com/business/shares-advance-oil-prices-ease-investors-weigh-shaky-us-iran-truce-6143671,,
"What are today's mortgage interest rates: May 27, 2026?",2026-05-27,CBS News,https://www.cbsnews.com/news/todays-mortgage-interest-rates-may-27-2026/,,
Stablecoins just hit a record $322 billion – and the bank-run warnings are getting louder,2026-05-27,CryptoSlate,https://cryptoslate.com/stablecoins-just-hit-a-record-322-billion-and-the-bank-run-warnings-are-getting-louder/,,
"Dow Jones Rises 164 Points to 50,626 as AI Optimism Lifts Blue-Chip Stocks Mid-Session",2026-05-27,Ibtimes.com.au,https://www.ibtimes.com.au/dow-jones-surges-ai-optimism-geopolitical-easing-1869548,,
"Best CD rates today, Wednesday, May 27, 2026: Earn up to 4% APY",2026-05-27,Yahoo Entertainment,https://finance.yahoo.com/personal-finance/banking/article/best-cd-rates-today-wednesday-may-27-2026-100000436.html,,
Food Insecurity and Consumer Pessimism,2026-05-27,Newyorkfed.org,https://libertystreeteconomics.newyorkfed.org/2026/05/food-insecurity-and-consumer-pessimism/,,
"Median pay for CEOs rose nearly 6% in 2025, but some compensation packages were eye-popping",2026-05-27,TribLIVE,https://triblive.com/business/median-pay-for-ceos-rose-nearly-6-in-2025-but-some-compensation-packages-were-eye-popping/,,
Fed’s Kashkari says inflation fight takes priority as labor market is 'in decent shape',2026-05-27,CNBC,https://www.cnbc.com/2026/05/28/fed-reserve-neel-kashkari-inflation-job-market.html,,
Oil Gains as Deal to End War and Reopen Hormuz Remains Elusive,2026-05-27,Financial Post,https://financialpost.com/pmn/business-pmn/oil-gains-as-deal-to-end-war-and-reopen-hormuz-remains-elusive,,
"99 Percent Of CEOs Are Planning AI Job Cuts, And The Gap Between The Rich And The Poor Just Continues To Explode",2026-05-27,Theeconomiccollapseblog.com,http://theeconomiccollapseblog.com/99-percent-of-ceos-are-planning-ai-job-cuts-and-the-gap-between-the-rich-and-the-poor-just-continues-to-explode/,,
Federal Reserve Leadership Transition Amid Economic and Political Pressures,2026-05-27,Upenn.edu,https://knowledge.wharton.upenn.edu/podcast/this-week-in-business/federal-reserve-leadership-transition-amid-economic-and-political-pressures/,,
Stocks are rallying despite the Iran war and stubborn inflation. Here's why.,2026-05-27,CBS News,https://www.cbsnews.com/news/stock-market-high-nvidia-ai-economic-divide/,,
Fed’s Cook Prepared to Raise Rates If Inflation Lingers,2026-05-27,Financial Post,https://financialpost.com/pmn/business-pmn/feds-cook-prepared-to-raise-rates-if-inflation-lingers,,
The AI Bubble,2026-05-27,Nooneshappy.com,https://nooneshappy.com/article/the-ai-bubble/,,
Federal Reserve’s Cook prepared to raise rates if inflation persists,2026-05-27,Crypto Briefing,https://cryptobriefing.com/fed-cook-rate-hike-inflation/,,
Federal Reserve Governor Lisa Cook flags AI risks and tokenization growth at Stanford forum,2026-05-27,Crypto Briefing,https://cryptobriefing.com/fed-cook-ai-tokenization-stanford/,,
Fed's Cook says she is prepared to raise rates if inflation doesn't ease,2026-05-27,The Times of India,https://economictimes.indiatimes.com/markets/us-stocks/news/feds-cook-says-she-is-prepared-to-raise-rates-if-inflation-doesnt-ease/articleshow/131358805.cms,,
Federal Reserve’s Lisa D. Cook discusses AI’s impact on economy and financial stability at Stanford,2026-05-27,Crypto Briefing,https://cryptobriefing.com/fed-cook-ai-economy-stanford/,,
"Cook, The Opportunities and Risks AI Presents for the Economy and Financial System",2026-05-27,Federalreserve.gov,https://www.federalreserve.gov/newsevents/speech/cook20260527a.htm,,
"The Case For A Smaller, Humbler Federal Reserve",2026-05-27,The Daily Caller,https://dailycaller.com/2026/05/27/opinion-the-case-for-a-smaller-humbler-federal-reserve-james-carter/,,
NY Fed Links Crashing Consumer Sentiment to K-Shaped Economy,2026-05-27,pymnts.com,https://www.pymnts.com/economy/2026/ny-fed-links-crashing-consumer-sentiment-to-k-shaped-economy/,,
Deutsche Bank economist says Fed Funds Rate is 100 basis points too low,2026-05-27,Crypto Briefing,https://cryptobriefing.com/deutsche-bank-fed-funds-rate-too-low/,,
Median pay for CEOs rose nearly 6% in 2025 to $17.7 million,2026-05-27,Boston Herald,https://www.bostonherald.com/2026/05/27/median-ceo-pay/,,
Interest on the national debt is eating a record 19% of federal revenue — and watchdog warns it will get worse,2026-05-27,Yahoo Entertainment,https://finance.yahoo.com/economy/policy/articles/interest-national-debt-eating-record-165105647.html,,
Low-income households face ‘remarkable’ rise in food insecurity in K-shaped economy: New York Fed,2026-05-27,CNBC,https://www.cnbc.com/2026/05/27/new-york-fed-food-insecurity-worsens-amid-k-shaped-economic-divide.html,,
"Federal Reserve accepts $1.8B in reverse repurchase operation, a fraction of its former peak",2026-05-27,Crypto Briefing,https://cryptobriefing.com/fed-reverse-repo-1-8-billion-liquidity/,,
Interest on the national debt is eating a record 19% of federal revenue — and watchdog warns it will get worse,2026-05-27,Fortune,https://fortune.com/2026/05/27/national-debt-interest-payments-30-percent-revenue-bond-yields-crfb/,,
The Stock Market Just Had One of Its Strongest 8-Week Runs Ever. History Says It May Not Be Done Yet,2026-05-27,24/7 Wall St.,https://247wallst.com/investing/2026/05/27/the-stock-market-just-had-one-of-its-strongest-8-week-runs-ever-history-says-it-may-not-be-done-yet/,,
Goldman Sachs links stronger dollar to reduced Treasury demand amid US-Iran conflict,2026-05-27,Crypto Briefing,https://cryptobriefing.com/goldman-sachs-dollar-treasury-demand-iran-conflict/,,
Why are gold and silver prices down sharply today and will precious metals continue to fall or rise again? Gold hits two-month low as inflation fears rise,2026-05-27,The Times of India,https://economictimes.indiatimes.com/news/international/us/why-are-gold-and-silver-prices-down-sharply-today-and-will-precious-metals-continue-to-fall-or-rise-again-gold-hits-two-month-low-as-inflation-fears-rise/articleshow/131358252.cms,,
"Federal Reserve accepts $1.85B in reverse repurchase operation, a fraction of its pandemic-era peaks",2026-05-27,Crypto Briefing,https://cryptobriefing.com/fed-reverse-repo-operation-drops/,,
UBS resets gold price target for the rest of 2026,2026-05-27,TheStreet,https://www.thestreet.com/investing/ubs-cuts-gold-price-target-for-the-rest-of-2026,,
Fair housing groups file lawsuit arguing a federal rule change removes protections,2026-05-28,Abcnews.com,https://abcnews.com/Business/wireStory/fair-housing-groups-file-lawsuit-arguing-federal-rule-133365679,,
"Best CD rates today, May 28, 2026: Lock in up to 4% APY",2026-05-28,Yahoo Entertainment,https://finance.yahoo.com/personal-finance/banking/article/best-cd-rates-today-thursday-may-28-2026-100000547.html,,
Christine Lagarde: When It Matters Most: Upholding Independence in Challenging Times,2026-05-28,Europa.eu,https://www.ecb.europa.eu/press/key/date/2026/html/ecb.sp260528~0cb263f599.en.html,,
"Gold Prices Drop 1.40 Percent to 4,387.97 as Stronger Dollar and Rising Yields Weigh on Safe-Haven Appeal",2026-05-28,Ibtimes.com.au,https://www.ibtimes.com.au/gold-prices-plummet-rising-dollar-treasury-yields-1869619,,
Gold tumbles to two-month low as inflation hedge status fades,2026-05-28,CNBC,https://www.cnbc.com/2026/05/28/gold-tumbles-to-two-month-low-as-inflation-hedge-status-fades.html,,
Is AI to blame for hiring woes faced by college graduates?,2026-05-28,Abcnews.com,https://abcnews.com/Business/ai-blame-hiring-woes-faced-college-graduates/story?id=133309225,,
ASX 200 Drops 1.43 Percent on May 28 2026 as Geopolitical Tensions and Sector Weakness Weigh on Markets,2026-05-28,Ibtimes.com.au,https://www.ibtimes.com.au/asx-200-falls-global-energy-concerns-domestic-pressures-1869595,,
"US Bombs More Iran Targets, Growing Fed Inflation Fears",2026-05-28,Omny.fm,https://omny.fm/shows/bloomberg-daybreak/us-bombs-more-iran-targets-growing-fed-inflation-fears,,
Trump accuser investigated for perjury in assault case,2026-05-28,RTE,https://www.rte.ie/news/us/2026/0528/1575674-e-jean-carroll-investigation/,,
"Best high-yield savings interest rates today, May 28, 2026: Top account pays 4.10% APY",2026-05-28,Yahoo Entertainment,https://finance.yahoo.com/personal-finance/banking/article/best-high-yield-savings-interest-rates-today-thursday-may-28-2026-100000185.html,,
"A moonshot to avoid a $39 trillion national debt crisis will rely on AI productivity going even better than bulls are hoping for, says JPMorgan",2026-05-28,Fortune,https://fortune.com/2026/05/28/f500-digest-ai-national-debt-productivity-moonshot-jpmorgan/,,
Warsh’s New Challenge: Containing Fed Hawks as Inflation Simmers,2026-05-28,Financial Post,https://financialpost.com/pmn/business-pmn/warshs-new-challenge-containing-fed-hawks-as-inflation-simmers,,
AI And The End Of Recessions As We Know Them,2026-05-28,Forbes,https://www.forbes.com/sites/brandonkochkodin/2026/05/28/ai-and-the-end-of-recessions-as-we-know-them/,,
Federal Reserve faces the challenge of rising inflation expectations under new chair Kevin Warsh,2026-05-28,Crypto Briefing,https://cryptobriefing.com/fed-inflation-expectations-kevin-warsh/,,
US Mortgage Rates Climb to Nine-Month High of 6.65 Percent Worsening Housing Affordability Crisis,2026-05-28,Ibtimes.com.au,https://www.ibtimes.com.au/us-mortgage-rates-nine-month-high-inflation-concerns-1869641,,
"Central banks must remain independent, says ex-IMF boss Lagarde",2026-05-28,The Punch,https://punchng.com/central-banks-must-remain-independent-says-ex-imf-boss-lagarde/,,
The CFOs steering Big Tech’s trillion-dollar AI bet,2026-05-28,Fortune,https://fortune.com/2026/05/28/cfo-steering-big-tech-trillion-dollar-ai-bet/,,
A new report shows how close American households are to the financial edge,2026-05-28,NPR,https://www.npr.org/2026/05/28/nx-s1-5836525/affordability-report-brookings-inflation-wages,,
Treasuries Resume Decline as US Strikes on Iran Drive Oil Higher,2026-05-28,Financial Post,https://financialpost.com/pmn/business-pmn/treasuries-resume-decline-as-us-strikes-on-iran-drive-oil-higher,,
Kevin Warsh – Walking into an Inflationary Tsunami,2026-05-28,Activistpost.com,https://www.activistpost.com/kevin-warsh-walking-into-an-inflationary-tsunami/,,
Treasury yields rise amid renewed inflation fears ahead of key data,2026-05-28,CNBC,https://www.cnbc.com/2026/05/28/treasury-yields-rise-amid-renewed-inflation-fears-ahead-of-key-data.html,,
"CNBC Daily Open: Hostilities heat up, market rally cools",2026-05-28,CNBC,https://www.cnbc.com/2026/05/28/cnbc-daily-open-hostilities-heat-up-market-rally-cool.html,,
Fed’s Goolsbee cites persistent energy inflation amid Iran war impact,2026-05-28,Crypto Briefing,https://cryptobriefing.com/feds-goolsbee-cites-persistent-energy-inflation-amid-iran-war-impact/,,
Oil spikes on renewed attacks as US hits Hormuz,2026-05-28,The Irish Times,https://www.irishtimes.com/business/markets/2026/05/28/oil-spikes-on-renewed-attacks-as-us-hits-hormuz/,,
"Fed's inflation gauge heated up in April, cementing that interest rates will remain steady for now",2026-05-28,Yahoo Entertainment,https://finance.yahoo.com/economy/policy/article/feds-inflation-gauge-heated-up-in-april-cementing-that-interest-rates-will-remain-steady-for-now-123520559.html,,
"Bitcoin falls further as BTC miners pivot to AI, pro-crypto legislation stalls",2026-05-28,Cointelegraph,https://cointelegraph.com/markets/bitcoin-falls-further-as-btc-miners-pivot-to-ai-pro-crypto-legislation-stalls,,
Gold hits two-month low as US-Iran tension stokes inflation fears,2026-05-28,CNA,https://www.channelnewsasia.com/business/gold-hits-two-month-low-us-iran-tension-stokes-inflation-fears-6146101,,
Gold sinks to 2-month low as US-Iran tensions stoke inflation fears,2026-05-28,CNA,https://www.channelnewsasia.com/business/gold-sinks-2-month-low-us-iran-tensions-stoke-inflation-fears-6146101,,
Gold eases as US-Iran tensions cloud interest rate outlook,2026-05-28,The Times of India,https://economictimes.indiatimes.com/markets/commodities/news/gold-eases-as-us-iran-tensions-cloud-interest-rate-outlook/articleshow/131361451.cms,,
Dollar climbs to one-week high as Gulf tensions flare,2026-05-28,CNA,https://www.channelnewsasia.com/business/dollar-climbs-one-week-high-gulf-tensions-flare-6146096,,
"Dollar near one-week high as US-Iran tensions flare, yen nears intervention zone",2026-05-28,CNA,https://www.channelnewsasia.com/business/dollar-near-one-week-high-us-iran-tensions-flare-yen-nears-intervention-zone-6146096,,
"Dollar near one-week high as US-Iran tensions flare, yen nears intervention zone",2026-05-28,The Times of India,https://economictimes.indiatimes.com/markets/forex/forex-news/dollar-near-one-week-high-as-us-iran-tensions-flare-yen-nears-intervention-zone/articleshow/131361470.cms,,
CNBC Daily Open: Oil falls on Iran peace hopes — then U.S. launches airstrikes,2026-05-28,CNBC,https://www.cnbc.com/2026/05/28/us-reportedly-carries-out-new-airstrikes-on-iran-.html,,
Energy inflation has been more persistent than expected: Fed's Goolsbee,2026-05-28,CNBC,https://www.cnbc.com/2026/05/28/goolsbee-iran-energy-inflation-asia-stagflation-shock-ai-artificial-intelligence-jobs.html,,
"Gold, silver slide up to 2% as fresh US strikes on Iran fuel inflation fears, hurt peace hopes",2026-05-28,The Times of India,https://economictimes.indiatimes.com/markets/commodities/news/gold-silver-slide-up-to-2-as-fresh-us-strikes-on-iran-fuel-inflation-fears-hurt-peace-hopes/articleshow/131361932.cms,,
Kuwait faces missile and drone attack amid shaky ceasefire in Iran war,2026-05-28,Crypto Briefing,https://cryptobriefing.com/kuwait-drone-attack-iran-ceasefire/,,
US Stock Market: Mortgage rates hit 9-month high as inflation worries deepen,2026-05-28,The Times of India,https://economictimes.indiatimes.com/markets/us-stocks/news/us-stock-market-mortgage-rates-hit-9-month-high-as-inflation-worries-deepen/articleshow/131362536.cms,,
What Advisors Expect from the New Federal Reserve Chair,2026-05-28,Thedailyupside.com,https://www.thedailyupside.com/advisor/industry-news/what-advisors-expect-from-the-new-federal-reserve-chair/,,
US Stocks Market: Rising treasury yields and oil prices fuel stronger dollar bets,2026-05-28,The Times of India,https://economictimes.indiatimes.com/markets/us-stocks/news/us-stocks-market-rising-treasury-yields-and-oil-prices-fuel-stronger-dollar-bets/articleshow/131362774.cms,,
Benchmark Treasuries retreat as US strikes push oil prices higher,2026-05-28,Crypto Briefing,https://cryptobriefing.com/treasuries-retreat-us-strikes-oil-prices/,,
"Bitcoin slumps below $73,000 as ETF outflows hit $733 million",2026-05-28,Crypto Briefing,https://cryptobriefing.com/bitcoin-falls-liquidation-slump-etf-outflows/,,
"Gold and silver prices today, 28 May: Check retail rates of 24K, 22K gold and 999 silver in Delhi, Mumbai, other cities",2026-05-28,Livemint,https://www.livemint.com/money/personal-finance/gold-and-silver-prices-today-28-may-check-retail-rates-of-24k-22k-gold-and-999-silver-in-delhi-mumbai-other-cities-11779938659492.html,,
Gold hits two-month low as US-Iran tension stokes inflation fears,2026-05-28,BusinessLine,https://www.thehindubusinessline.com/markets/gold/gold-hits-two-month-low-as-us-iran-tension-stokes-inflation-fears/article71031952.ece,,
US Stock Market: Fed Vice Chair Jefferson backs current rate stance ahead of June meeting,2026-05-28,The Times of India,https://economictimes.indiatimes.com/markets/us-stocks/news/us-stock-market-fed-vice-chair-jefferson-backs-current-rate-stance-ahead-of-june-meeting/articleshow/131363141.cms,,
"Silver could fall further after latest slump, analysts say as they warn of demand destruction",2026-05-28,CNBC,https://www.cnbc.com/2026/05/28/silver-demand-destruction-analysts-metals-precious.html,,
Gold Slumps to Two-Month Low as US Strikes Damp Peace Talk Hopes,2026-05-28,Financial Post,https://financialpost.com/pmn/business-pmn/gold-slumps-to-two-month-low-as-us-strikes-damp-peace-talk-hopes,,
Rising prices take center stage as Fed's preferred inflation measure heated up further in April,2026-05-28,Yahoo Entertainment,https://finance.yahoo.com/economy/policy/article/rising-prices-take-center-stage-as-feds-preferred-inflation-measure-heated-up-further-in-april-123520809.html,,
War-driven price shock sent April inflation to highest level in nearly three years | CNN Business,2026-05-28,CNN,https://www.cnn.com/2026/05/28/economy/us-pce-inflation-april,,
Bitcoin vs Solana Over the Last 5 Years: Which Outperformed?,2026-05-28,24/7 Wall St.,https://247wallst.com/investing/2026/05/28/bitcoin-vs-solana-over-the-last-5-years-which-outperformed/,,
"More Americans are going hungry now than during the pandemic, as people face a ‘remarkable’ rise in food insecurity, New York Fed says",2026-05-28,Fortune,https://fortune.com/2026/05/28/americans-going-hungry-new-york-fed-says/,,
"$90,000 CD vs. $90,000 high-yield savings account vs. $90,000 money market account: Here's which will earn more in one year",2026-05-28,CBS News,https://www.cbsnews.com/news/90000-cd-vs-high-yield-savings-account-vs-money-market-account-earn-more-one-year/,,
"Inflation pressures US Treasuries’ role in traditional portfolios, pushing investors toward crypto",2026-05-28,Crypto Briefing,https://cryptobriefing.com/inflation-pressures-treasuries-crypto-shift/,,
US inflation surges to three-year high amid tensions with Iran,2026-05-28,Al Jazeera English,https://www.aljazeera.com/economy/2026/5/28/us-inflation-surges-to-three-year-high-amid-tensions-with-iran,,
Of Course Trump Wants a $250 Bill With His Own Face on It,2026-05-28,New York Magazine,http://nymag.com/intelligencer/article/donald-trump-250-dollar-bill.html,,
Let's Stop Paying to Bankrupt America,2026-05-28,Freerepublic.com,https://freerepublic.com/focus/f-news/4381320/posts,,
Inflation Rate Hits 3.8%,2026-05-28,Politicalwire.com,https://politicalwire.com/2026/05/28/inflation-rate-hits-3-8/,,
Wall Street pushes to more records as profits keep piling up for US companies,2026-05-28,The Times of India,https://economictimes.indiatimes.com/markets/us-stocks/news/wall-street-pushes-to-more-records-as-profits-keep-piling-up-for-us-companies/articleshow/131375475.cms,,
Goldman Sachs COO calls inflation 'the single biggest risk element' to the economy,2026-05-28,Yahoo Entertainment,https://finance.yahoo.com/economy/article/goldman-sachs-coo-calls-inflation-the-single-biggest-risk-element-to-the-economy-173933337.html,,
US Stocks Reverse Losses on Iran Deal Report as Oil Pares Gains,2026-05-28,Financial Post,https://financialpost.com/pmn/business-pmn/us-stocks-reverse-losses-on-iran-deal-report-as-oil-pares-gains,,
It’s Not Just High Gas Prices – Inflation Is Now Spreading Through the US Economy,2026-05-28,Nakedcapitalism.com,https://www.nakedcapitalism.com/2026/05/its-not-just-high-gas-prices-inflation-is-now-spreading-through-the-us-economy.html,,
"Why are gold and silver prices up today, and will precious metals continue to rise or fall again? Gold rebounds after Iran-US ceasefire extension talks",2026-05-28,The Times of India,https://economictimes.indiatimes.com/news/international/us/why-are-gold-and-silver-prices-up-today-and-will-precious-metals-continue-to-rise-or-fall-again-gold-rebounds-after-iran-us-ceasefire-extension-talks/articleshow/131376628.cms,,
Dollar Falls Against Major Peers on Report of US-Iran Deal,2026-05-28,Financial Post,https://financialpost.com/pmn/business-pmn/dollar-falls-against-major-peers-on-report-of-us-iran-deal,,
Bitwise bets Hyperliquid could power future finance as HYPE ETFs gain traction,2026-05-28,CoinDesk,https://www.coindesk.com/coindesk-news/2026/05/28/bitwise-bets-hyperliquid-could-power-future-finance-as-hype-etfs-gain-traction,,
Inflation Jumps to 3-Year High as Critics Say Trump Economic Promises Have Turned to Dust,2026-05-28,Common Dreams,https://www.commondreams.org/news/inflation-trump-iran-war,,
"‘Who Is Right, The President or the Market?’ Treasury Sec. Challenged on Trump Claim Interest Rates Will Come Down",2026-05-28,Mediaite,https://www.mediaite.com/politics/who-is-right-the-president-or-the-market-treasury-sec-challenged-on-trump-claim-interest-rates-will-come-down/,,
Not a surprise but nice to have the data: the Federal...,2026-05-28,kottke.org,https://kottke.org/26/05/0049033-inflation-would-be-much-l,,
Gold rebounds after Iran and US reach outline ceasefire deal,2026-05-28,The Times of India,https://economictimes.indiatimes.com/markets/us-stocks/news/gold-rebounds-after-iran-and-us-reach-outline-ceasefire-deal/articleshow/131377529.cms,,
Looking for a low mortgage interest rate? Pay attention to these 3 June dates,2026-05-28,CBS News,https://www.cbsnews.com/news/looking-for-low-mortgage-interest-rate-june-dates/,,
Bessent rejects ‘doomer view’ of Iran war fallout — touts Trump Accounts and economic growth,2026-05-28,New York Post,https://nypost.com/2026/05/28/us-news/bessent-rejects-doomer-view-of-iran-war-fallout-touts-trump-accounts-and-economic-growth/,,
How did Iran war affect US inflation? #world,2026-05-28,Alltoc.com,https://alltoc.com/world/how-did-iran-war-affect-us-inflation,,
US inflation rose at fastest pace in three years in April as Iran war hikes up prices,2026-05-28,Yahoo Entertainment,https://finance.yahoo.com/economy/articles/us-inflation-rose-fastest-pace-160635404.html,,
Key inflation gauge worsens as Americans' income and spending power erodes,2026-05-28,PBS,https://www.pbs.org/newshour/economy/key-inflation-gauge-worsens-as-americans-income-and-spending-power-erodes,,
"Fed’s preferred inflation gauge worsens as Iran war sends food, energy prices surging",2026-05-28,New York Post,https://nypost.com/2026/05/28/business/inflation-gauge-worsens-as-iran-war-sends-food-energy-prices-surging/,,
The first inflation report under new Fed chief Warsh isn't good,2026-05-28,CBS News,https://www.cbsnews.com/news/pce-report-today-inflation-kevin-warsh-federal-reserve/,,
"Spot gold holds losses, down 1.5% at $4,392.57/oz after US data rattles rate expectations",2026-05-28,Crypto Briefing,https://cryptobriefing.com/spot-gold-drops-after-us-data/,,
"Inflation gauge rises to 3.8% in April, highest in three years",2026-05-28,Crypto Briefing,https://cryptobriefing.com/inflation-rises-3-8-percent-april-highest-three-years/,,
US inflation hits three-year high in April as Iran war fuels energy price surge,2026-05-28,The Times of India,https://economictimes.indiatimes.com/news/international/global-trends/us-inflation-hits-three-year-high-in-april-as-iran-war-fuels-energy-price-surge/articleshow/131370719.cms,,
"Fed's Preferred Inflation Gauge Rose Less Than Expected in April, Consumer Spending Pressured By High Gas Prices",2026-05-28,Breitbart News,https://www.breitbart.com/economy/2026/05/28/pce-inflation-april-2026/,,
US Consumer Spending Edges Up as Inflation Accelerates,2026-05-28,Financial Post,https://financialpost.com/pmn/business-pmn/us-consumer-spending-edges-up-as-inflation-accelerates,,
Dow Jones Falls 242 Points as Geopolitical Tensions and Inflation Worries Pressure Wall Street,2026-05-28,Ibtimes.com.au,https://www.ibtimes.com.au/dow-jones-drops-us-iran-tensions-inflation-concerns-1869650,,
US Consumer Spending Comes Under Pressure as Inflation Picks Up,2026-05-28,Yahoo Entertainment,https://finance.yahoo.com/economy/articles/us-consumer-spending-comes-under-133715098.html,,
It’s not just high gas prices – inflation is now spreading through the US economy,2026-05-28,The Conversation Africa,https://theconversation.com/its-not-just-high-gas-prices-inflation-is-now-spreading-through-the-us-economy-283564,,
GameStop Shares Edge Higher to $21.76 as Retail Investor Interest Persists in Volatile 2026 Market,2026-05-28,Ibtimes.com.au,https://www.ibtimes.com.au/gamestop-shares-rise-retail-investor-interest-1869656,,
Iran War Pushed Up The Fed's Favorite Measure Of Inflation In April,2026-05-28,Investopedia,https://www.investopedia.com/iran-war-pushed-up-the-feds-favorite-measure-of-inflation-in-april-11985249,,
US jobless claims rise slightly to highest level in over a month,2026-05-28,Crypto Briefing,https://cryptobriefing.com/us-jobless-claims-rise-labor-market/,,
Trump shifts stance on dollar and rates as Warsh takes the Fed’s helm,2026-05-28,Crypto Briefing,https://cryptobriefing.com/trump-warsh-fed-rates-dollar-shift/,,
"UBS warns markets overprice Fed hawkishness, forecasts rate cuts won’t arrive until late 2026",2026-05-28,Crypto Briefing,https://cryptobriefing.com/ubs-warns-markets-overprice-fed-hawkishness/,,
"Inflation hits highest level in nearly 3 years, Fed's preferred gauge shows",2026-05-28,Abcnews.com,https://abcnews.com/Business/inflation-hits-highest-level-3-years-feds-preferred/story?id=133384351,,
Cash Drain On Americans’ Savings Accounts Nears Great Recession Levels,2026-05-28,The Daily Caller,https://dailycaller.com/2026/05/28/americans-personal-savings-rate-nears-great-recession-levels/,,
Treasuries Rise After Reported US-Iran Deal to Extend Truce,2026-05-28,Financial Post,https://financialpost.com/pmn/business-pmn/treasuries-rise-after-reported-us-iran-deal-to-extend-truce,,
"Bitcoin pinned below $73,000 despite potential U.S.-Iran deal news",2026-05-28,CoinDesk,https://www.coindesk.com/markets/2026/05/28/bitcoin-pinned-below-usd73-000-despite-potential-u-s-iran-deal-news,,
"Core inflation hit an annual rate of 3.3% in April, as expected, Fed’s preferred gauge shows",2026-05-28,CNBC,https://www.cnbc.com/2026/05/28/core-inflation-hit-an-annual-rate-of-3point3percent-in-april-as-expected-feds-preferred-gauge-shows-.html,,
Trump shifts stance on dollar and rates as Warsh takes the Fed’s helm,2026-05-28,Crypto Briefing,https://cryptobriefing.com/trump-warsh-fed-rates-stance-shift/,,
"UBS warns markets overprice Fed hawkishness, forecasts rate cuts ahead",2026-05-28,Crypto Briefing,https://cryptobriefing.com/ubs-warns-fed-hawkishness-overpriced-rate-cuts/,,
Americans are about to pay even more at the grocery store and there's no relief in sight from high prices,2026-05-28,Dailymail.com,https://www.dailymail.com/yourmoney/article-15854629/grocery-store-prices-rising-higher-no-relief-sight.html,,
Federal Reserve Bank of St. Louis President Musalem warns against relying on AI boom to address inflation,2026-05-28,Crypto Briefing,https://cryptobriefing.com/fed-musalem-ai-boom-inflation-warning/,,
"Alexis, Nikos and the (new) polls, everyone against everyone but also plus Adonis’s blue flirtations, Bally’s suitcases for London, and what the shipowners are buying and selling",2026-05-29,Protothema.gr,https://en.protothema.gr/2026/05/29/alexis-nikos-and-the-new-polls-everyone-against-everyone-but-also-plus-adoniss-blue-flirtations-ballys-suitcases-for-london-and-what-the-shipowners-are-buying-and-selling/,,
The fallout from the BP-Albert Manifold clash continues,2026-05-29,The Irish Times,https://www.irishtimes.com/business/2026/05/29/the-fallout-from-the-bp-albert-manifold-clash-continues/,,
Bitcoin ETFs Hit Ninth Consecutive Day of Outflows as $228 Million Exits,2026-05-29,BeInCrypto,https://beincrypto.com/spot-bitcoin-etfs-ninth-day-outflows/,,
You Are Far More Powerful Than They Want You to Know,2026-05-29,Naturalnews.com,https://www.naturalnews.com/2026-05-29-you-are-far-more-powerful.html,,
Analysis:BOJ may heed calls to pause bond taper next year,2026-05-29,CNA,https://www.channelnewsasia.com/business/analysisboj-may-heed-calls-pause-bond-taper-next-year-6149276,,
Fed’s Kashkari Says It’s Too Early to Call Time for Rate Hikes,2026-05-29,Financial Post,https://financialpost.com/pmn/business-pmn/feds-kashkari-says-its-too-early-to-call-time-for-rate-hikes,,
"Despite Trump's pressure, high gas prices may keep Fed from cutting interest rates",2026-05-29,NPR,https://www.npr.org/2026/05/29/nx-s1-5837526/despite-trumps-pressure-high-gas-prices-may-keep-fed-from-cutting-interest-rates,,
Dollar Dominance Remains Alive And Well (Part 1),2026-05-29,Realinvestmentadvice.com,https://realinvestmentadvice.com/resources/blog/dollar-dominance-remains-alive-and-well/,,
Report Finds 'Remarkable Increase in Food Insecurity' Across US Under Trump,2026-05-29,Common Dreams,https://www.commondreams.org/news/hunger-rises-under-trump,,
"Best money market account rates today, Friday, May 29, 2026: Up to 4.01% APY return",2026-05-29,Yahoo Entertainment,https://finance.yahoo.com/personal-finance/banking/article/best-money-market-account-rates-today-friday-may-29-2026-100000358.html,,
Federal Reserve Bank of Kansas City president Jeff Schmid doubles down on inflation fight,2026-05-29,Crypto Briefing,https://cryptobriefing.com/fed-schmid-inflation-hawkish-stance/,,
"VERSABANK ANNOUNCES FOUNDER AND PRESIDENT, DAVID TAYLOR, NAMED EXECUTIVE OF THE YEAR BY THE CANADIAN LENDERS ASSOCIATION",2026-05-29,PRNewswire,https://www.prnewswire.com/news-releases/versabank-announces-founder-and-president-david-taylor-named-executive-of-the-year-by-the-canadian-lenders-association-302785125.html,,
Florida Comp Costs Are on the Rise. End to Physician Dispensing May Help,2026-05-29,Insurance Journal,https://www.insurancejournal.com/news/southeast/2026/05/29/871717.htm,,
Fed's Bowman says extended energy shock could drive shift in policy outlook,2026-05-29,Yahoo Entertainment,https://finance.yahoo.com/news/feds-bowman-says-extended-energy-130013396.html,,
Treasurys hold steady after yields fall on U.S.-Iran ceasefire talks,2026-05-29,CNBC,https://www.cnbc.com/2026/05/29/treasurys-hold-steady-after-yields-fall-on-us-iran-ceasefire-talks.html,,
Rule changes may only yield modest Fed balance sheet contraction,2026-05-29,Yahoo Entertainment,https://finance.yahoo.com/economy/policy/articles/rule-changes-may-only-yield-100627870.html,,
Deutsche Bank Raises 10-Year Treasury Yield Forecast on Fed View,2026-05-29,Financial Post,https://financialpost.com/pmn/business-pmn/deutsche-bank-raises-10-year-treasury-yield-forecast-on-fed-view,,
Bitcoin’s major holders halt buys as demand slows: CryptoQuant,2026-05-29,Cointelegraph,https://cointelegraph.com/news/bitcoin-hodling-structure-weakening-across-major-investor-cohorts-cryptoquant,,
"Bowman, A Framework for Practical Monetary Policy Decision Making",2026-05-29,Federalreserve.gov,https://www.federalreserve.gov/newsevents/speech/bowman20260529a.htm,,
"Global Market Today: Asian stocks rise on US-Iran truce deal, oil drops",2026-05-29,The Times of India,https://economictimes.indiatimes.com/markets/us-stocks/news/global-market-today-asian-stocks-rise-on-us-iran-truce-deal-oil-drops/articleshow/131379717.cms,,
CNBC Daily Open: Tech earnings defy Iran strikes and inflation concerns,2026-05-29,CNBC,https://www.cnbc.com/2026/05/29/cnbc-daily-open-tech-outshines-geopolitical-tensions-on-wall-street.html,,
Dollar heads for weekly loss on reports of US-Iran ceasefire deal,2026-05-29,CNA,https://www.channelnewsasia.com/business/dollar-heads-weekly-loss-reports-us-iran-ceasefire-deal-6148721,,
Dollar heads for weekly loss on reports of US-Iran ceasefire deal,2026-05-29,The Times of India,https://economictimes.indiatimes.com/markets/forex/forex-news/dollar-heads-for-weekly-loss-on-reports-of-us-iran-ceasefire-deal/articleshow/131379960.cms,,
"Gold edges higher as investors weigh US-Iran ceasefire deal reports, Fed rate outlook",2026-05-29,The Times of India,https://economictimes.indiatimes.com/markets/commodities/news/gold-edges-higher-as-investors-weigh-us-iran-ceasefire-deal-reports-fed-rate-outlook/articleshow/131379980.cms,,
"Gold, Silver Rate Today Live Updates: International gold prices move up; all eyes on US-Iran peace deal",2026-05-29,The Times of India,https://timesofindia.indiatimes.com/business/india-business/gold-silver-rate-today-live-updates-18k-22-carat-24k-gold-price-10g-silver-cost-per-kg-mcx-comex-etf-stock-precious-metal-gold-prediction-city-wise-cost-latest-gold-news/liveblog/131380750.cms,,
"US stocks gain ground, adding to their records, as Dell soars",2026-05-29,Yahoo Entertainment,https://finance.yahoo.com/markets/world-indices/articles/asian-shares-mostly-higher-hopes-031624203.html,,
Credit card debt at US commercial banks hits record $1.09 trillion,2026-05-29,Crypto Briefing,https://cryptobriefing.com/us-credit-card-debt-record-trillion/,,
Gold inches up as investors eye US-Iran ceasefire deal,2026-05-29,BusinessLine,https://www.thehindubusinessline.com/markets/gold/gold-inches-up-as-investors-eye-us-iran-ceasefire-deal/article71035815.ece,,
The State vs. Prvate Enterprise,2026-05-29,Americanthinker.com,https://www.americanthinker.com/articles/2026/05/the_state_vs_prvate_enterprise.html,,
National Debt Reaches a Scary Milestone,2026-05-29,Americanthinker.com,https://www.americanthinker.com/articles/2026/05/national_debt_reaches_a_scary_milestone.html,,
US Stock Market: Hawkish Fed voices grow louder amid energy-driven inflation surge,2026-05-29,The Times of India,https://economictimes.indiatimes.com/markets/us-stocks/news/us-stock-market-hawkish-fed-voices-grow-louder-amid-energy-driven-inflation-surge/articleshow/131381743.cms,,
US Stock Market: US growth revised lower; inflation remains elevated,2026-05-29,The Times of India,https://economictimes.indiatimes.com/markets/us-stocks/news/us-stock-market-us-growth-revised-lower-inflation-remains-elevated/articleshow/131381830.cms,,
"Silver drops Rs 1,500/kg, gold at Rs 1.56 lakh/10 gms as Iran war tensions weigh. Key levels to watch",2026-05-29,The Times of India,https://economictimes.indiatimes.com/markets/commodities/news/silver-drops-rs-1500/kg-gold-at-rs-1-56-lakh/10-gms-as-iran-war-tensions-weigh-key-levels-to-watch/articleshow/131381934.cms,,
How did Jerome Powell do at the Fed?,2026-05-29,The Irish Times,https://www.irishtimes.com/business/economy/2026/05/29/how-did-jerome-powell-do-at-the-fed/,,
Bitcoin ETFs see record $2.8B outflow amid macro uncertainty,2026-05-29,Crypto Briefing,https://cryptobriefing.com/bitcoin-etfs-see-record-28b-outflow-amid-macro-uncertainty/,,
Fed officials mull raising rates to curb growing inflation risk,2026-05-29,The Times of India,https://economictimes.indiatimes.com/markets/us-stocks/news/fed-officials-mull-raising-rates-to-curb-growing-inflation-risk/articleshow/131396521.cms,,
"Fed’s Paulson affirms current policy stance, no rate cut urgency",2026-05-29,Crypto Briefing,https://cryptobriefing.com/feds-paulson-affirms-current-policy-stance-no-rate-cut-urgency/,,
"American households pay nearly $450 more on average for energy amid Iran War, data shows",2026-05-29,CNBC,https://www.cnbc.com/2026/05/29/energy-costs-inflation-iran-war-trump.html,,
"Chicago PMI Sees Historic Surge, New Orders Highest Since 2022",2026-05-29,Breitbart News,https://www.breitbart.com/economy/2026/05/29/chicago-pmi-sees-historic-surge-new-orders-highest-since-2022/,,
Show HN: Simple news aggregator with source bias meters,2026-05-29,Unbiasthenews.com,https://unbiasthenews.com,,
The Dollar Was—and Remains—an Accident,2026-05-29,Foreign Policy,http://foreignpolicy.com/2026/05/29/us-dollar-history-money-currency-monetary-policy/,,
Federal Reserve’s Daly cites regulatory barriers to AI-driven productivity growth,2026-05-29,Crypto Briefing,https://cryptobriefing.com/fed-daly-ai-regulatory-barriers-productivity/,,
Kentucky First Federal Bancorp Board of Directors to Consider Resumption of Quarterly Dividend,2026-05-29,GlobeNewswire,https://www.globenewswire.com/news-release/2026/05/29/3303784/14996/en/Kentucky-First-Federal-Bancorp-Board-of-Directors-to-Consider-Resumption-of-Quarterly-Dividend.html,,
Fed Governor Michelle Bowman warns against hiking interest rates because of inflation spike,2026-05-29,CNBC,https://www.cnbc.com/2026/05/29/feds-bowman-warns-against-hiking-interest-rates-due-to-inflation-spike.html,,
US Treasury Secretary Bessent supports Fed’s elimination of forward guidance,2026-05-29,Crypto Briefing,https://cryptobriefing.com/bessent-supports-fed-eliminating-forward-guidance/,,
"US stocks today: US stocks hits new closing highs on tech strength, Middle East deal hopes",2026-05-29,The Times of India,https://economictimes.indiatimes.com/markets/us-stocks/news/us-stocks-today-us-stocks-hits-new-closing-highs-on-tech-strength-middle-east-deal-hopes/articleshow/131398367.cms,,
US Treasury Secretary Bessent backs Fed’s decision to ditch forward guidance,2026-05-29,Crypto Briefing,https://cryptobriefing.com/bessent-backs-fed-eliminating-forward-guidance/,,
Dollar set for weekly loss amid US-Iran ceasefire deal,2026-05-29,Yahoo Entertainment,https://finance.yahoo.com/news/dollar-heads-weekly-loss-reports-012026913.html,,
"Wall Street ends higher, crude prices ease on potential US-Iran truce extension",2026-05-29,Yahoo Entertainment,https://finance.yahoo.com/news/oil-eyes-weekly-drop-hormuz-020658431.html,,
"AI Stocks, Oil Prices, and the Fed’s Next Move",2026-05-29,Upenn.edu,https://knowledge.wharton.upenn.edu/podcast/this-week-in-business/ai-stocks-oil-prices-and-the-feds-next-move/,,
5 economic signals suggest U.S. consumers are feeling the strain,2026-05-29,CBS News,https://www.cbsnews.com/news/credit-card-delinquencies-savings-rate-us-economy/,,
"Trump to decide imminently on Iran deal, demands Strait of Hormuz opening",2026-05-29,Crypto Briefing,https://cryptobriefing.com/trump-iran-deal-strait-of-hormuz-2/,,
National Debt Reaches a Scary Milestone,2026-05-29,Freerepublic.com,https://freerepublic.com/focus/f-news/4381458/posts,,
Kansas Fed Pres Warns Oil Price Shock Might Not Be Transitory,2026-05-29,OilPrice.com,https://oilprice.com/Latest-Energy-News/World-News/Kansas-Fed-Pres-Warns-Oil-Price-Shock-Might-Not-Be-Transitory.html,,
Consumer sentiment falls to new low; cost of living ‘first-order’ worry,2026-05-29,CFO Dive,https://www.cfodive.com/news/consumer-sentiment-falls-new-low-cost-iving-first-order-worry-inflation-unemployment-Fed/821038/,,
Fed’s Bowman Says Too Soon to Judge Inflation Impact of Iran War,2026-05-29,Financial Post,https://financialpost.com/pmn/business-pmn/feds-bowman-says-too-soon-to-judge-inflation-impact-of-iran-war,,
"Dow Jones Edges Higher to 50,707 on Modest Gains as Markets Eye US-Iran Optimism",2026-05-29,Ibtimes.com.au,https://www.ibtimes.com.au/dow-jones-closes-higher-us-iran-optimism-1869704,,
SoFi Shares Climb 7% on Continued Momentum from Record Q1 Results and Fintech Expansion,2026-05-29,Ibtimes.com.au,https://www.ibtimes.com.au/sofi-technologies-q1-performance-growth-1869711,,
Volta Finance Limited Net Asset Value(s) as at 30 April 2026,2026-05-29,GlobeNewswire,https://www.globenewswire.com/news-release/2026/05/29/3303652/0/en/Volta-Finance-Limited-Net-Asset-Value-s-as-at-30-April-2026.html,,
FEDS Note: Federal Reserve Discount Rate Press Releases in the 1960s and 1970s through the Lens of Monetary Policy Communications,2026-05-29,Federalreserve.gov,https://www.federalreserve.gov/econres/notes/feds-notes/federal-reserve-discount-rate-press-releases-in-the-1960s-and-1970s-through-the-lens-of-monetary-policy-20260529.html,,
"How much interest can a $70,000 CD account earn now?",2026-05-29,CBS News,https://www.cbsnews.com/news/how-much-interest-can-70000-cd-account-earn-now/,,
U.S. Trade Deficit Narrows in April as Exports Surge,2026-05-29,Breitbart News,https://www.breitbart.com/economy/2026/05/29/u-s-trade-deficit-narrows-in-april-as-exports-surge/,,
"US inflation hits three-year high as energy prices surge, complicating Fed rate cut timeline",2026-05-29,Crypto Briefing,https://cryptobriefing.com/us-inflation-three-year-high-fed-rate-cuts/,,
"Chicago PMI surges to 62.7, demolishing forecasts and signaling manufacturing rebound",2026-05-29,Crypto Briefing,https://cryptobriefing.com/chicago-pmi-surges-62-7-beats-forecast/,,
Most Americans expect their savings to run out by 79 — years before they die — and many boomers are unprepared,2026-05-29,Yahoo Entertainment,https://finance.yahoo.com/markets/articles/most-americans-expect-savings-run-143000780.html,,
The War Against Inflation Would Nearly Be Over If Not for Trump,2026-05-29,Jezebel,https://www.jezebel.com/the-war-against-inflation-would-nearly-be-over-if-not-for-trump,,
"Wall Street follows world stocks higher, crude prices ease on potential US-Iran truce extension",2026-05-29,CNA,https://www.channelnewsasia.com/business/wall-street-follows-world-stocks-higher-crude-prices-ease-potential-us-iran-truce-extension-6148811,,
"Wall Street ends higher, crude prices ease on potential US-Iran truce extension",2026-05-29,CNA,https://www.channelnewsasia.com/business/wall-street-ends-higher-crude-prices-ease-potential-us-iran-truce-extension-6148811,,
3 CD account moves savers should make before the June Fed meeting,2026-05-29,CBS News,https://www.cbsnews.com/news/cd-account-moves-savers-make-before-june-2026-fed-meeting/,,
Fed's Bowman says extended energy shock could drive shift in policy outlook,2026-05-29,The Times of India,https://economictimes.indiatimes.com/markets/us-stocks/news/feds-bowman-says-extended-energy-shock-could-drive-shift-in-policy-outlook/articleshow/131393026.cms,,
What is US stock market prediction for Monday? Wall street ends at record highs as AI stocks and Dell lead market rally,2026-05-30,The Times of India,https://economictimes.indiatimes.com/news/international/us/what-is-us-stock-market-prediction-for-monday-wall-street-ends-at-record-highs-as-ai-stocks-and-dell-lead-market-rally/articleshow/131407211.cms,,
3 reasons why $2M to $5M in retirement savings can be the toughest to handle — plus an instant tip for wealthy boomers,2026-05-30,Yahoo Entertainment,https://finance.yahoo.com/markets/articles/3-reasons-why-2m-5m-105500188.html,,
"Best CD rates today, Saturday, May 30, 2026: Best account provides 4% APY",2026-05-30,Yahoo Entertainment,https://finance.yahoo.com/personal-finance/banking/article/best-cd-rates-today-saturday-may-30-2026-100000443.html,,
High gas prices are just the start — inflation is seeping into the rest of the economy,2026-05-30,Fortune,https://fortune.com/2026/05/30/inflation-spreading-beyond-gas-fed-warsh/,,
Surging Treasury yields expose a brutal truth: America has no margin for error on its $39 trillion debt,2026-05-30,Yahoo Entertainment,https://finance.yahoo.com/economy/policy/articles/surging-treasury-yields-expose-brutal-070000258.html,,
Surging Treasury yields expose a brutal truth: America has no margin for error on its $39 trillion debt,2026-05-30,Fortune,https://fortune.com/2026/05/30/national-debt-treasury-bond-rates-fiscal-crisis/,,
"Wall Street Week Ahead: Jobs report on tap for soaring US stocks as rate path, bond yields eyed as risks",2026-05-30,The Times of India,https://economictimes.indiatimes.com/markets/us-stocks/news/wall-st-week-ahead-jobs-report-on-tap-for-soaring-us-stocks-as-rate-path-bond-yields-eyed-as-risks/articleshow/131403469.cms,,
The Fed’s rate lever is breaking as bond markets stop following its lead,2026-05-30,CryptoSlate,https://cryptoslate.com/fed-interest-rate-lever-is-breaking/,,
"US inflation, Fed no longer sees pressures as transitory",2026-05-30,Crypto Briefing,https://cryptobriefing.com/us-inflation-fed-no-longer-sees-pressures-as-transitory/,,
"What is gold and silver price prediction for Monday? Gold rebounds on US-Iran ceasefire hopes, silver holds steady",2026-05-30,The Times of India,https://economictimes.indiatimes.com/news/international/us/what-is-gold-and-silver-price-prediction-for-monday-gold-rebounds-on-us-iran-ceasefire-hopes-silver-holds-steady/articleshow/131406384.cms,,
Gold price prediction: What is expected Gold rate in near term?,2026-05-30,The Times of India,https://economictimes.indiatimes.com/news/international/us/gold-price-prediction-what-to-expect-gold-rate-in-near-term/articleshow/131410420.cms,,
"At least 3.5 million people have lost food stamp access as Trump's 'big beautiful bill' cuts take effect, analysis finds",2026-05-30,CNBC,https://www.cnbc.com/2026/05/30/snap-food-stamps-big-beautiful-bill.html,,
America In Focus: Inflation gauge hits multiyear high as American consumer confidence slides,2026-05-30,Abcnews.com,https://abcnews.com/Business/wireStory/america-focus-inflation-gauge-hits-multiyear-high-american-133448745,,
Jim Cramer on Home Depot: “I Was Honestly Bracing for the Worst Here”,2026-05-30,Yahoo Entertainment,https://finance.yahoo.com/markets/stocks/articles/jim-cramer-home-depot-honestly-150837316.html,,
Fed’s Williams Quips Economist Jobs Are Safe as AI Shift Unfolds,2026-05-30,Financial Post,https://financialpost.com/pmn/business-pmn/feds-williams-quips-economist-jobs-are-safe-as-ai-shift-unfolds,,
Trump’s Loyalty to Fossil Fuel Companies Is Driving Up Inflation,2026-05-30,Truthout,https://truthout.org/articles/trumps-loyalty-to-fossil-fuel-companies-is-driving-up-inflation/,,
Will the base metals remain hot?,2026-05-30,BusinessLine,https://www.thehindubusinessline.com/portfolio/will-the-base-metals-remain-hot/article71042294.ece,,
The US debt machine is getting harder to stabilize – So where does Bitcoin fit in?,2026-05-30,CryptoSlate,https://cryptoslate.com/the-us-debt-machine-is-getting-harder-to-stabilize-so-where-does-bitcoin-fit-in/,,
"Why Cathie Wood Is Pounding the Table for $750,000 Bitcoin: A New Generation Loves Crypto to Hedge Against Inflation",2026-05-30,Barchart.com,https://www.barchart.com/story/news/2218821/why-cathie-wood-is-pounding-the-table-for-750-000-bitcoin-a-new-generation-loves-crypto-to-hedge-against-inflation,,
ExxonMobil warns crude oil could surge to $160 per barrel as inventories hit historic lows,2026-05-31,Crypto Briefing,https://cryptobriefing.com/exxonmobil-crude-oil-160-barrel-warning/,,
ExxonMobil warns crude oil could surge to $160 per barrel as global inventories hit critical lows,2026-05-31,Crypto Briefing,https://cryptobriefing.com/exxonmobil-crude-oil-160-warning/,,
Financial Lessons Learned from Playing Poker,2026-05-31,Whitecoatinvestor.com,https://www.whitecoatinvestor.com/financial-lessons-learned-from-playing-poker/,,
Guest Contribution: “Americans can’t afford Trump’s inflationary policies”,2026-05-31,Econbrowser.com,https://econbrowser.com/archives/2026/05/guest-contribution-americans-cant-afford-trumps-inflationary-policies,,
"'Throw a dart and hope': Ohio dentist worth millions expects to lose $200,000 in a 'for physicians, by physicians’ deal",2026-05-31,Yahoo Entertainment,https://finance.yahoo.com/markets/stocks/articles/throw-dart-hope-ohio-dentist-103000962.html,,
18 Words From Fed Chair Kevin Warsh That Could Keep Interest Rates Higher for Years,2026-05-31,24/7 Wall St.,https://247wallst.com/investing/2026/05/31/18-words-from-fed-chair-kevin-warsh-that-could-keep-interest-rates-higher-for-years/,,
The Federal Reserve In No Way Enables Federal Government Expansion,2026-05-31,Forbes,https://www.forbes.com/sites/johntamny/2026/05/31/the-federal-reserve-in-no-way-enables-federal-government-expansion/,,
"What to Expect in Markets This Week: The May Jobs Report, Plus Tech and Retailer Earnings",2026-05-31,Investopedia,https://www.investopedia.com/what-to-expect-in-markets-this-week-the-may-jobs-report-plus-tech-and-retailer-earnings-11985188,,
"Inflation Is Soaring, and the Federal Reserve Could Do Something It Hasn't Done Since 2023. Here's What It Means for Stocks.",2026-05-31,Yahoo Entertainment,https://consent.yahoo.com/v2/collectConsent?sessionId=1_cc-session_d2b11970-4ce8-4e80-bfeb-332f8e7f63ed,,
"Financial markets are losing the security blanket that’s bailed them out of trouble so many times, top economist warns",2026-05-31,Yahoo Entertainment,https://finance.yahoo.com/economy/policy/articles/financial-markets-losing-security-blanket-172648645.html,,
"Financial markets are losing the security blanket that’s bailed them out of trouble so many times, top economist warns",2026-05-31,Fortune,https://fortune.com/2026/05/31/financial-markets-policy-put-security-blanket-stock-seloffs-fed-rate-cuts-us-debt/,,
"Raise it, regulators: A repo rate hike - 50 bps increase to 5.75 perhaps - will reduce CAD, incentivise capital flows",2026-05-31,The Times of India,https://economictimes.indiatimes.com/opinion/et-commentary/raise-it-regulators-a-repo-rate-hike-50-bps-increase-to-5-75-perhaps-will-reduce-cad-incentivise-capital-flows/articleshow/131428502.cms,,
Bond Trader Bets on Fed Hike Poised for Gut Check From Jobs Data,2026-05-31,Yahoo Entertainment,https://finance.yahoo.com/economy/policy/articles/bond-trader-bets-fed-hike-190000197.html,,
Bond Trader Bets on Fed Hike Poised for Gut Check From Jobs Data,2026-05-31,Financial Post,https://financialpost.com/pmn/business-pmn/bond-trader-bets-on-fed-hike-poised-for-gut-check-from-jobs-data,,
"Ruvi AI (RUVI) Introduces Staking in Its Latest Ecosystem Upgrade, Expanding Utility for Token Holders",2026-05-31,GlobeNewswire,https://www.globenewswire.com/news-release/2026/05/31/3303947/0/en/Ruvi-AI-RUVI-Introduces-Staking-in-Its-Latest-Ecosystem-Upgrade-Expanding-Utility-for-Token-Holders.html,,
"Bidenflation Hit Harder, but Trumpflation May Last Longer",2026-05-31,24/7 Wall St.,https://247wallst.com/investing/2026/05/31/bidenflation-hit-harder-but-trumpflation-may-last-longer/,,
"Gold slips on stronger dollar, oil as markets await Trump decision on Iran proposal",2026-06-01,BusinessLine,https://www.thehindubusinessline.com/markets/gold/gold-slips-on-stronger-dollar-oil-as-markets-await-trump-decision-on-iran-proposal/article71047096.ece,,
Survey: 99% of Executives Plan AI-Related Job Cuts Amid Growing Economic Inequality,2026-06-01,Naturalnews.com,https://www.naturalnews.com/2026-06-01-survey-ceos-plan-ai-related-job-cuts.html,,
From Fed signals to rupee pressure: Key events shaping global markets this week,2026-06-01,Economictimes.com,https://m.economictimes.com/markets/us-stocks/news/from-fed-signals-to-rupee-pressure-key-events-shaping-global-markets-this-week/global-markets-outlook/slideshow/131436397.cms,,
"Bitcoin begins June near $73,500 as ETF outflows cross $2 billion and geopolitical risks intensify",2026-06-01,The Times of India,https://economictimes.indiatimes.com/markets/cryptocurrency/crypto-news/bitcoin-begins-june-near-73500-as-etf-outflows-cross-2-billion-and-geopolitical-risks-intensify/articleshow/131437003.cms,,
Oil climbs and markets shake off Iran jitters as AI rules supreme,2026-06-01,The Irish Times,https://www.irishtimes.com/business/2026/06/01/oil-climbs-and-markets-shake-off-iran-jitters-as-ai-rules-supreme/,,
Fed's Powell warns Trump's political 'stress test' will wreck public trust in central bank,2026-06-01,CNBC,https://www.cnbc.com/2026/06/01/federal-reserve-trump-political-pressure-powell-stress-test.html,,
"Stocks shake off Iran jitters as AI pushes market up, even amid oil climbs and Hormuz crisis",2026-06-01,The Jerusalem Post,https://www.jpost.com/business-and-innovation/all-news/article-897973,,
Bond Trader Bets on Fed Hike Poised for Gut Check From Jobs Data,2026-06-01,Financial Post,https://financialpost.com/pmn/business-pmn/bond-trader-bets-on-fed-hike-poised-for-gut-check-from-jobs-data-3,,
Wall Street futures gain as AI advances overshadow US-Iran tensions,2026-06-01,Yahoo Entertainment,https://finance.yahoo.com/markets/stocks/articles/wall-street-futures-gain-ai-095009105.html,,
Wall Street futures gain as AI advances overshadow US-Iran tensions,2026-06-01,CNA,https://www.channelnewsasia.com/business/wall-street-futures-gain-ai-advances-overshadow-us-iran-tensions-6153876,,
"Best CD rates today, Monday, June 1, 2026: Lock in up to 4% APY",2026-06-01,Yahoo Entertainment,https://finance.yahoo.com/personal-finance/banking/article/best-cd-rates-today-monday-june-1-2026-100000394.html,,
"Best high-yield savings interest rates today, Monday, June 1, 2026: Earn up to 4.1% APY",2026-06-01,Yahoo Entertainment,https://finance.yahoo.com/personal-finance/banking/article/best-high-yield-savings-interest-rates-today-monday-june-1-2026-100000889.html,,
It’s not just high gas prices – inflation is now spreading through the US economy,2026-06-01,Salon,https://www.salon.com/2026/06/01/its-not-just-high-gas-prices-inflation-is-now-spreading-through-the-us-economy-partner/,,
A SpaceX-Tesla merger would be valued at $3.4 trillion — and still not make a dime,2026-06-01,Fortune,https://fortune.com/2026/06/01/spacex-tesla-merger-3-4-trillion-profits/,,
Bond Trader Bets on Fed Hike Poised for Gut Check From Jobs Data,2026-06-01,Financial Post,https://financialpost.com/pmn/business-pmn/bond-trader-bets-on-fed-hike-poised-for-gut-check-from-jobs-data-2,,
Treasury yields edge higher as U.S. and Iran exchange strikes,2026-06-01,CNBC,https://www.cnbc.com/2026/06/01/treasury-yields-us-iran-war-oil.html,,
Ex-US Fed Chair Powell warns against politicisation amid Trump’s attacks,2026-06-01,Al Jazeera English,https://www.aljazeera.com/economy/2026/6/1/ex-us-fed-chair-powell-warns-against-politicisation-amid-trumps-attacks,,
"USD rate today: Check U.S Dollar against Euro, Yen, Sterling",2026-06-01,The Times of India,https://economictimes.indiatimes.com/news/international/us/usd-rate-today-check-u-s-dollar-against-euro-yen-sterling/articleshow/131431779.cms,,
US Stock Market: Powell defends Fed autonomy as political pressure reaches new highs,2026-06-01,The Times of India,https://economictimes.indiatimes.com/markets/us-stocks/news/us-stock-market-powell-defends-fed-autonomy-as-political-pressure-reaches-new-highs/articleshow/131434092.cms,,
"Scholars Explore Central Bank Independence, Structure and Future Risk at Hoover Monetary Policy Conference",2026-06-01,Hoover.org,https://www.hoover.org/news/scholars-explore-central-bank-independence-structure-and-future-risk-hoover-monetary-policy,,
Isabel Schnabel: From money market funds to stablecoins: lessons for central banks,2026-06-01,Europa.eu,https://www.ecb.europa.eu/press/key/date/2026/html/ecb.sp260601~38dffe5ec5.en.html,,
"Dollar steadies as markets await signals on Iran war, central banks",2026-06-01,CNA,https://www.channelnewsasia.com/business/dollar-steadies-markets-await-signals-iran-war-central-banks-6153121,,
Powell warns Fed credibility at risk if president can fire officials,2026-06-01,Crypto Briefing,https://cryptobriefing.com/powell-fed-credibility-president-fire-officials/,,
Global Market Today: Asian stocks count on AI boom to offset Gulf risks,2026-06-01,The Times of India,https://economictimes.indiatimes.com/markets/us-stocks/news/global-market-today-asian-stocks-count-on-ai-boom-to-offset-gulf-risks/articleshow/131431720.cms,,
"Jerome Powell uses JFK award speech to warn against political pressure on Fed, courts and schools",2026-06-01,WPLG Local 10,https://www.local10.com/business/2026/05/31/jerome-powell-uses-jfk-award-speech-to-warn-against-political-pressure-on-fed-courts-and-schools/,,
Outgoing chair Powell delivers defense of Fed independence,2026-06-01,Digital Journal,https://www.digitaljournal.com/article/outgoing-chair-powell-delivers-defense-of-fed-independence/,,
"US Stock Market: Jobs data, AI earnings to test Wall Street rally amid inflation risks loom",2026-06-01,The Times of India,https://economictimes.indiatimes.com/markets/stocks/news/us-stock-market-jobs-data-ai-earnings-to-test-wall-street-rally-amid-inflation-risks-loom/articleshow/131434157.cms,,
Jerome Powell defends Fed and other institutions as pillars of democracy,2026-06-01,Associated Press,https://apnews.com/article/jfk-award-jerome-powell-minnesota-8f65dc22c3603ee72a3fb294a0602d50,,
"Powell keeps battling Trump without saying his name: ‘Like many other institutions, the Fed has been undergoing a stress test’",2026-06-01,Fortune,https://fortune.com/2026/05/31/powell-fed-stress-test-trump-board-seat-courage-award/,,
"Gold slips on stronger dollar, oil; Trump's decision on Iran ceasefire in focus",2026-06-01,The Times of India,https://economictimes.indiatimes.com/markets/commodities/news/gold-slips-on-stronger-dollar-oil-trumps-decision-on-iran-ceasefire-in-focus/articleshow/131432201.cms,,
Outgoing chair Powell delivers defence of Fed independence,2026-06-01,CNA,https://www.channelnewsasia.com/world/outgoing-chair-powell-delivers-defence-fed-independence-6153181,,
"Jerome Powell uses JFK award speech to warn against political pressure on Fed, courts and schools",2026-06-01,Abcnews.com,https://abcnews.com/Business/wireStory/jerome-powell-jfk-award-speech-warn-political-pressure-133473910,,
"Jerome Powell uses JFK award speech to warn against political pressure on Fed, courts and schools",2026-06-01,Abcnews.com,https://abcnews.com/US/wireStory/jerome-powell-jfk-award-speech-warn-political-pressure-133473909,,
"Powell uses JFK award speech to warn against political pressure on Fed, courts and schools",2026-06-01,The Times of India,https://economictimes.indiatimes.com/markets/us-stocks/news/powell-uses-jfk-award-speech-to-warn-against-political-pressure-on-fed-courts-and-schools/articleshow/131433235.cms,,
Global Market: Iran war sparks bond market turmoil as yields swing wildly in May,2026-06-01,The Times of India,https://economictimes.indiatimes.com/markets/us-stocks/news/global-market-iran-war-sparks-bond-market-turmoil-as-yields-swing-wildly-in-may/articleshow/131433720.cms,,
"Dollar steadies as markets await signals on Iran war, central banks",2026-06-01,The Times of India,https://economictimes.indiatimes.com/markets/forex/forex-news/dollar-steadies-as-markets-await-signals-on-iran-war-central-banks/articleshow/131431989.cms,,
Powell Uses Speech to Criticize Political Pressure,2026-06-01,Newser,https://www.newser.com/story/390177/powell-uses-speech-to-criticize-political-pressure.html,,
How Trump Is Wrecking the Agency That Protects Worker’s Labor Rights,2026-06-01,The New Republic,https://newrepublic.com/article/211161/trump-wrecking-nlrb-labor-rights,,
Five Key Market Themes Investors Will Be Watching This Week,2026-06-01,Advfn.com,https://investorshub.advfn.com/market-news/article/29368/five-key-market-themes-investors-will-be-watching-this-week,,
US Bonds Drop as Doubt Over US-Iran Talks Lifts Oil Prices,2026-06-01,Financial Post,https://financialpost.com/pmn/business-pmn/us-bonds-drop-as-doubt-over-us-iran-talks-lifts-oil-prices-2,,
Oil Jumps on Report Iran to Halt Exchanges With US: Markets Wrap,2026-06-01,Financial Post,https://financialpost.com/pmn/business-pmn/oil-jumps-on-report-iran-to-halt-exchanges-with-us-markets-wrap-3,,
"Top Economist Warns The US Economy 'Isn't Just Soft, It's Struggling' As Trump's Iran War Threatens To Push America Closer To A Recession",2026-06-01,Yahoo Entertainment,https://finance.yahoo.com/economy/articles/top-economist-warns-us-economy-153103629.html,,
Oil prices spike and bond yields jump after Iran says it's stopped negotiating with the US,2026-06-01,Business Insider,https://www.businessinsider.com/stock-market-today-oil-prices-bond-yields-iran-peace-negotiations-2026-6,,
Powell says Fed credibility lost if president can fire officials,2026-06-01,Financial Post,https://financialpost.com/news/economy/powell-says-fed-credibility-lost-president-firings,,
"Fed faces political 'stress test' that threatens economy, Powell says",2026-06-01,Abcnews.com,https://abcnews.com/Business/central-bank-faces-political-stress-test-threatens-economy/story?id=133479923,,
The S&P 500 just flashed a rare warning signal last seen in dot-com bubble. Crashproof your wealth now,2026-06-01,Yahoo Entertainment,https://finance.yahoo.com/markets/stocks/articles/p-500-just-flashed-rare-173000770.html,,
"US manufacturing activity scales four-year high in May, ISM says",2026-06-01,The Times of India,https://economictimes.indiatimes.com/news/international/global-trends/us-manufacturing-activity-scales-four-year-high-in-may-ism-says/articleshow/131445443.cms,,
3 ways to get a mortgage loan rate below 6% this June,2026-06-01,CBS News,https://www.cbsnews.com/news/how-to-get-mortgage-rate-below-6-june-2026/,,
3 insurance types seniors should explore this June,2026-06-01,CBS News,https://www.cbsnews.com/news/insurance-types-seniors-should-explore-june-2026/,,
"AI Rally, Haven Flows Boost Bets on Further Dollar Gains",2026-06-01,Financial Post,https://financialpost.com/pmn/business-pmn/ai-rally-haven-flows-boost-bets-on-further-dollar-gains,,
How much interest can a 2-year CD earn if opened this June?,2026-06-01,CBS News,https://www.cbsnews.com/news/how-much-interest-2-year-cd-earn-opened-june-2026/,,
"US stocks today: US stocks end higher, boosted by tech gains, US-Iran peace hopes",2026-06-01,The Times of India,https://economictimes.indiatimes.com/markets/us-stocks/news/us-stocks-today-us-stocks-end-higher-boosted-by-tech-gains-us-iran-peace-hopes/articleshow/131450016.cms,,
OceanFirst Financial Corp. Completes Merger with Flushing Financial Corporation and $225 Million Strategic Investment from Warburg Pincus,2026-06-01,GlobeNewswire,https://www.globenewswire.com/news-release/2026/06/01/3304760/8280/en/OceanFirst-Financial-Corp-Completes-Merger-with-Flushing-Financial-Corporation-and-225-Million-Strategic-Investment-from-Warburg-Pincus.html,,
Bond Trader Bets on Fed Hike Poised for Gut Check From Jobs Data,2026-06-01,Yahoo Entertainment,https://finance.yahoo.com/news/bond-trader-bets-on-fed-hike-poised-for-gut-check-from-jobs-data-190000432.html,,
"S&P 500 Futures Dip With No Iran Deal, Oil Steady: Markets Wrap",2026-06-01,Financial Post,https://financialpost.com/pmn/business-pmn/sp-500-futures-dip-with-no-iran-deal-oil-steady-markets-wrap,,
The end of cheap,2026-06-01,Financial Post,https://financialpost.com/financial-times/the-end-of-cheap,,
"Dollar Opens Week Boosted by AI Enthusiasm, Haven Demand",2026-06-01,Financial Post,https://financialpost.com/pmn/business-pmn/dollar-opens-week-boosted-by-ai-enthusiasm-haven-demand,,
"Why is gold price down today, and will precious metals continue to drop or rise again? Gold falls as inflation concerns grow amid Middle East conflict",2026-06-01,The Times of India,https://economictimes.indiatimes.com/news/international/us/why-is-gold-price-down-today-and-will-precious-metals-continue-to-drop-or-rise-again-gold-falls-as-inflation-concerns-grow-amid-middle-east-conflict/articleshow/131450114.cms,,
Taylor Morrison Shares Rocket 22.5% to $71.66 as New Home Demand Boosts Builder Outlook,2026-06-01,Ibtimes.com.au,https://www.ibtimes.com.au/taylor-morrison-shares-surge-housing-demand-1869893,,
"Jerome Powell uses award speech to warn against political pressure on Fed, courts and schools",2026-06-01,PBS,https://www.pbs.org/newshour/politics/jerome-powell-uses-award-speech-to-warn-against-political-pressure-on-fed-courts-and-schools,,
'Disrupted or dead': AI is crushing a generation of startups built before ChatGPT,2026-06-01,CNBC,https://www.cnbc.com/2026/06/01/ai-startup-valuations-pre-chatgpt.html,,
Bond Trader Bets on Fed Hike Poised for Gut Check From Jobs Data,2026-06-01,Financial Post,https://financialpost.com/pmn/business-pmn/bond-trader-bets-on-fed-hike-poised-for-gut-check-from-jobs-data-4,,
OpenPayd Targets Nasdaq Listing at Unicorn Valuation,2026-06-01,GlobeNewswire,https://www.globenewswire.com/news-release/2026/06/01/3304275/0/en/OpenPayd-Targets-Nasdaq-Listing-at-Unicorn-Valuation.html,,
"U.S. Stock Market prediction: Dow Jones, Nasdaq, S&P 500 set for strong start in June. List of stocks to target, avoid today",2026-06-01,The Times of India,https://economictimes.indiatimes.com/news/international/us/us-stock-market-prediction-today-dow-jones-nasdaq-sp-500-nvidia-microsoft-amd-intel-apple-qualcomm/articleshow/131442216.cms,,
No Rate Cuts Until 2027? Grab These High-Yielding Safe Dividend Kings Now,2026-06-01,24/7 Wall St.,https://247wallst.com/investing/2026/06/01/no-rate-cuts-until-2027-grab-these-high-yielding-safe-divided-kings-now/,,
Rand Paul's waste quiz is wild — but the $1.22 trillion Americans lose to interest payments is no joke,2026-06-01,Yahoo Entertainment,https://finance.yahoo.com/economy/policy/articles/rand-pauls-waste-quiz-wild-133000426.html,,
"Ask an Advisor: I'm Juggling Investing, Saving and Paying Off Debt. How Do I Build Wealth Without Falling Behind?",2026-06-01,Smartasset.com,https://smartasset.com/financial-advisor/ask-an-advisor-juggling-different-priorities,,
Apollo’s Slok Says AI Will Dash Warsh’s Hopes for Quick Rate Cut,2026-06-01,Financial Post,https://financialpost.com/pmn/business-pmn/apollos-slok-says-ai-will-dash-warshs-hopes-for-quick-rate-cut,,
Manufacturing PMI® at 54%; May 2026 ISM® Manufacturing PMI® Report,2026-06-01,PRNewswire,https://www.prnewswire.com/news-releases/manufacturing-pmi-at-54-may-2026-ism-manufacturing-pmi-report-302786165.html,,
"Dow Jones Falls 56 Points to 50,976 on June 1 as Markets Open June with Cautious Sentiment",2026-06-01,Ibtimes.com.au,https://www.ibtimes.com.au/dow-jones-dips-amid-economic-signals-fed-uncertainty-1869888,,
"US manufacturing activity scales four-year high in May, ISM says",2026-06-01,Yahoo Entertainment,https://finance.yahoo.com/economy/articles/us-manufacturing-activity-scales-four-140858675.html,,
US Bonds Drop as Doubt Over US-Iran Talks Lifts Oil Prices,2026-06-01,Financial Post,https://financialpost.com/pmn/business-pmn/us-bonds-drop-as-doubt-over-us-iran-talks-lifts-oil-prices,,
"The Crisis of American Hegemony: Fascism, World War, and the Struggle Within the Ruling Class",2026-06-01,Globalresearch.ca,https://www.globalresearch.ca/fascism-world-war-ruling-class/5928337,,
"Trump is facing a new inflation warning from the bond market, adding to his midterm challenges",2026-06-01,Freerepublic.com,https://freerepublic.com/focus/f-news/4381860/posts,,
Oil Jumps on Report Iran to Halt Exchanges With US: Markets Wrap,2026-06-01,Financial Post,https://financialpost.com/pmn/business-pmn/oil-jumps-on-report-iran-to-halt-exchanges-with-us-markets-wrap-2,,
The Rise of Right-Wing “Biblical Economics”,2026-06-02,The New Republic,https://newrepublic.com/article/211043/christian-nationalists-maga-biblical-economics,,
Trump wants Fort Knox ‘physically audited’ after stunning $40M arrest — here's why so many are after the yellow metal,2026-06-02,Yahoo Entertainment,https://finance.yahoo.com/markets/commodities/articles/trump-wants-fort-knox-physically-105500941.html,,
"Dollar in tight range as traders eye Middle East, US data",2026-06-02,Yahoo Entertainment,https://finance.yahoo.com/news/dollar-steady-traders-await-progress-005211265.html,,
"Bitcoin Tumbles Below $70,000 for First Time in Two Months Amid Selling Pressure and Geopolitical Tensions",2026-06-02,Ibtimes.com.au,https://www.ibtimes.com.au/bitcoin-dips-below-70000-geopolitical-tensions-market-volatility-1869961,,
Gold Rises as Traders Weigh Confusion Over US-Iran Talks,2026-06-02,Financial Post,https://financialpost.com/pmn/business-pmn/gold-rises-as-traders-weigh-confusion-over-us-iran-talks,,
"Bitcoin Could Benefit From A Global Debt Reckoning, Bitwise Argues",2026-06-02,Bitcoinist,https://bitcoinist.com/bitcoin-could-benefit-from-a-global-debt-reckoning-bitwise-argues/,,
"New acting spy chief will be Bill Pulte, housing finance director who's attacked perceived Trump foes",2026-06-02,PBS,https://www.pbs.org/newshour/politics/new-acting-spy-chief-will-be-bill-pulte-housing-finance-director-whos-attacked-perceived-trump-foes,,
Trump taps Pulte as acting director of national intelligence,2026-06-02,Associated Press,https://apnews.com/article/trump-pulte-gabbard-national-intelligence-281fd6ba9992487dc701768803f9c475,,
Dow Jones Climbs Near Record Highs as AI Optimism Offsets Geopolitical Risks,2026-06-02,Ibtimes.com.au,https://www.ibtimes.com.au/dow-jones-surges-past-51000-ai-optimism-geopolitical-tensions-1869964,,
Trump Names Tulsi Gabbard's Replacement,2026-06-02,Newser,https://www.newser.com/story/390279/trump-names-tulsi-gabbards-replacement.html,,
Cleveland Fed president warns rate hikes could be on the table 'if recent trends continue' with inflation,2026-06-02,Yahoo Entertainment,https://finance.yahoo.com/economy/policy/article/cleveland-fed-president-warns-rate-hikes-could-be-on-the-table-if-recent-trends-continue-with-inflation-134934408.html,,
Bitcoin extends losses below $69K as Fed’s Hammack warns sticky inflation may force rate hike,2026-06-02,Crypto Briefing,https://cryptobriefing.com/bitcoin-sinks-below-69k-feds-hammack-warns-sticky-inflation-force-rate-hike/,,
Silver climbs 2% to ₹2.71 lakh/kg in futures trade amid strong global cues,2026-06-02,BusinessLine,https://www.thehindubusinessline.com/markets/gold/silver-climbs-2-to-271-lakhkg-in-futures-trade-amid-strong-global-cues/article71052053.ece,,
"Asian Stocks Ease From Record Highs, Oil Steadies: Markets Wrap",2026-06-02,Financial Post,https://financialpost.com/pmn/business-pmn/asian-stocks-ease-from-record-highs-oil-steadies-markets-wrap,,
Why Is Crypto Crashing? Bitcoin Falls Below $70K After Strategy’s First BTC Sale in Nearly Four Years,2026-06-02,Bitcoinfoundation.org,https://bitcoinfoundation.org/news/bitcoin/why-is-crypto-crashing-bitcoin-falls-below-70k-after-strategys-first-btc-sale-in-nearly-four-years/,,
"Gold rises as lower oil eases inflation, rate-hike fears",2026-06-02,BusinessLine,https://www.thehindubusinessline.com/markets/gold/gold-rises-as-lower-oil-eases-inflation-rate-hike-fears/article71051960.ece,,
"Bitcoin slide to $70,000 as stocks pause and Strategy's BTC sale weighs on crypto",2026-06-02,CoinDesk,https://www.coindesk.com/markets/2026/06/02/bitcoin-slide-to-usd70-000-as-stocks-pause-and-strategy-s-btc-sale-weighs-on-crypto,,
How Trump has used the presidency to benefit himself and his allies,2026-06-02,The Times of India,https://economictimes.indiatimes.com/news/international/global-trends/how-trump-has-used-the-presidency-to-benefit-himself-and-his-allies/articleshow/131459928.cms,,
US Job Openings Jump to Nearly Two-Year High as Layoffs Fall,2026-06-02,Financial Post,https://financialpost.com/pmn/business-pmn/us-job-openings-jump-to-nearly-two-year-high-as-layoffs-fall,,
US Bonds Drop as Doubt Over US-Iran Talks Lifts Oil Prices,2026-06-02,Financial Post,https://financialpost.com/pmn/business-pmn/us-bonds-drop-as-doubt-over-us-iran-talks-lifts-oil-prices-3,,
"Global Market Today: Asian stocks ease from record highs, oil steadies",2026-06-02,The Times of India,https://economictimes.indiatimes.com/markets/us-stocks/news/global-market-today-asian-stocks-ease-from-record-highs-oil-steadies/articleshow/131452563.cms,,
Gold Holds Decline as Traders Weigh Confusion Over US-Iran Talks,2026-06-02,Financial Post,https://financialpost.com/pmn/business-pmn/gold-holds-decline-as-traders-weigh-confusion-over-us-iran-talks,,
"Asian Stocks Ease From Record Highs, Oil Steadies: Markets Wrap",2026-06-02,Financial Post,https://financialpost.com/pmn/business-pmn/asian-stocks-ease-from-record-highs-oil-steadies-markets-wrap-2,,
Gold steady amid uncertainty over US-Iran peace negotiations,2026-06-02,The Times of India,https://economictimes.indiatimes.com/markets/commodities/news/gold-steady-amid-uncertainty-over-us-iran-peace-negotiations/articleshow/131452812.cms,,
How Trump has used the presidency to benefit himself and his allies,2026-06-02,Abcnews.com,https://abcnews.com/Politics/wireStory/trump-presidency-benefit-allies-133507753,,
"Asian Stocks Drop From Record High, Oil Steadies: Markets Wrap",2026-06-02,Financial Post,https://financialpost.com/pmn/business-pmn/asian-stocks-drop-from-record-high-oil-steadies-markets-wrap,,
"US Stock Market: Treasury yields rise after strong US data, geopolitical risks fuel inflation fears",2026-06-02,The Times of India,https://economictimes.indiatimes.com/markets/us-stocks/news/us-stock-market-treasury-yields-rise-after-strong-us-data-geopolitical-risks-fuel-inflation-fears/articleshow/131454986.cms,,
Credit card debt hits record $1.25 trillionÂ withÂ delinquencies atÂ an alarming 15-year high,2026-06-02,Naturalnews.com,https://www.naturalnews.com/2026-06-02-credit-card-debt-hits-record-delinquencies-15yr-high.html,,
Gold Drops Nearly 2% as Middle East Tensions Fuel Rate Hike Expectations,2026-06-02,Naturalnews.com,https://www.naturalnews.com/2026-06-02-gold-price-drops-amid-middle-east-tensions.html,,
Gold Holds Decline as Traders Weigh Iran War Confusion,2026-06-02,Financial Post,https://financialpost.com/pmn/business-pmn/gold-holds-decline-as-traders-weigh-iran-war-confusion,,
Gold Edges Higher as Traders Weigh Confusion Over US-Iran Talks,2026-06-02,Financial Post,https://financialpost.com/pmn/business-pmn/gold-edges-higher-as-traders-weigh-confusion-over-us-iran-talks,,
Hello Group Inc. Announces Unaudited Financial Results for the First Quarter of 2026,2026-06-02,PRNewswire,https://www.prnewswire.com/news-releases/hello-group-inc-announces-unaudited-financial-results-for-the-first-quarter-of-2026-302788171.html,,
RBA’s Harper Worries Over ‘Uptick’ in Inflation Expectations,2026-06-02,Financial Post,https://financialpost.com/pmn/business-pmn/rbas-harper-worries-over-uptick-in-inflation-expectations,,
Are Jobs Back? Openings Surged To Two-Year High In April,2026-06-02,Investopedia,https://www.investopedia.com/jolts-april-job-openings-reach-two-year-high-11988871,,
Cracks Are Forming in Private Credit. The BIZD ETF Is Waving a Red Flag About Where This Market Is Going Next.,2026-06-02,Barchart.com,https://www.barchart.com/story/news/2261599/cracks-are-forming-in-private-credit-the-bizd-etf-is-waving-a-red-flag-about-where-this-market-is-going-next,,
"Job openings in April surged to 7.6 million, the highest in nearly two years",2026-06-02,CNBC,https://www.cnbc.com/2026/06/02/job-openings-april-2026.html,,
Jerome Powell Warns Fed's 'Priceless' Credibility Is At Risk If Officials Are Removed Over Policy Differences: 'Future Administrations Will...',2026-06-02,Yahoo Entertainment,https://finance.yahoo.com/economy/policy/articles/jerome-powell-warns-feds-priceless-193104319.html,,
"Who Is Bill Pulte, Trump’s New Acting Director of National Intelligence?",2026-06-02,Time,https://time.com/article/2026/06/02/bill-pulte-acting-director-of-national-intelligence-trump-gabbard/,,
US stocks today: US stocks end modestly higher as AI zeal overcomes Middle East jitters,2026-06-02,The Times of India,https://economictimes.indiatimes.com/markets/us-stocks/news/us-stocks-today-us-stocks-end-modestly-higher-as-ai-zeal-overcomes-middle-east-jitters/articleshow/131471121.cms,,
Gold Pares Gains as US Jobs Data Reinforces Higher-Rate Bets,2026-06-02,Yahoo Entertainment,https://finance.yahoo.com/markets/commodities/articles/gold-edges-higher-traders-weigh-062316411.html,,
Federal Reserve Chairman Kevin Warsh names two conservative advisers,2026-06-02,Crypto Briefing,https://cryptobriefing.com/fed-chairman-warsh-conservative-advisers/,,
Crypto correction vaporized $176B in investor funds: Are bears back in control?,2026-06-02,Cointelegraph,https://cointelegraph.com/markets/crypto-correction-vaporized-176b-in-investor-funds-are-bears-back-in-control,,
Job Openings Hit a Two-Year High. Hiring Fell Anyway.,2026-06-02,Moby.co,https://app.moby.co/home/news/news-job-openings-hit-a-two-year-high-hiring-fell-anyway?utm_source=yahoo_finance&amp;utm_medium=rss,,
Bond traders brace for Fed rate hikes ahead of US employment data,2026-06-02,Crypto Briefing,https://cryptobriefing.com/bond-traders-fed-rate-hikes-employment-data/,,
The Federal Reserve is Why the People are Unhappy,2026-06-02,Dailyreckoning.com,https://dailyreckoning.com/the-federal-reserve-is-why-the-people-are-unhappy/,,
Stock market today: Live updates,2026-06-02,CNBC,https://www.cnbc.com/2026/06/02/stock-market-today-live-updates.html,,
Everybody Hates Bill Pulte,2026-06-02,The New Republic,https://newrepublic.com/article/211289/trump-bill-pulte-director-national-intelligence,,
Dollar General Attracts All Income Groups as Economic Pressures Mount,2026-06-02,pymnts.com,https://www.pymnts.com/earnings/2026/dollar-general-attracts-all-income-groups-as-economic-pressures-mount/,,
Asian Central Banks Turn Hawkish as AI and Oil Shocks Hit Region,2026-06-02,Financial Post,https://financialpost.com/pmn/business-pmn/asian-central-banks-turn-hawkish-as-ai-and-oil-shocks-hit-region,,
Stock Rally Wavers as Traders Weigh Peace Outlook: Markets Wrap,2026-06-02,Financial Post,https://financialpost.com/pmn/business-pmn/stock-rally-wavers-as-traders-weigh-peace-outlook-markets-wrap,,
How Trump has used the presidency to benefit himself and his allies,2026-06-02,Japan Today,https://japantoday.com/category/features/opinions/how-trump-has-used-the-presidency-to-benefit-himself-and-his-allies,,
The Unintended Effects of Interest Rate Caps: Credit Rationing for Risky Borrowers,2026-06-02,Newyorkfed.org,https://libertystreeteconomics.newyorkfed.org/2026/06/the-unintended-effects-of-interest-rate-caps-credit-rationing-for-risky-borrowers/,,
Gold Pares Gains as US Jobs Data Reinforces Higher-Rate Bets,2026-06-02,Financial Post,https://financialpost.com/pmn/business-pmn/gold-pares-gains-as-us-jobs-data-reinforces-higher-rate-bets-2,,
Credit Card Debt Hits Record $1.25 Trillion With Delinquencies At An Alarming 15-Year High,2026-06-02,Shtfplan.com,https://www.shtfplan.com/economics/credit-card-debt-hits-record-1-25-trillion-with-delinquencies-at-an-alarming-15-year-high,,
Should you lock in a mortgage interest rate before the June Fed meeting?,2026-06-02,CBS News,https://www.cbsnews.com/news/lock-in-mortgage-interest-rate-before-june-2026-fed-meeting/,,
US Job Openings Jump to Highest Since 2024 as Layoffs Fall,2026-06-02,Financial Post,https://financialpost.com/pmn/business-pmn/us-job-openings-jump-to-highest-since-2024-as-layoffs-fall,,
What will the MPC do this time?,2026-06-02,BusinessLine,https://www.thehindubusinessline.com/opinion/what-will-the-mpc-do-this-time/article71053728.ece,,
Stocks Get Tech Lift as Oil Falls on US-Iran Hopes: Markets Wrap,2026-06-02,Financial Post,https://financialpost.com/pmn/business-pmn/stocks-get-tech-lift-as-oil-falls-on-us-iran-hopes-markets-wrap,,
Only One Man Can Kill the AI Boom: Fed Chair Kevin Warsh,2026-06-02,24/7 Wall St.,https://247wallst.com/investing/2026/06/02/only-one-man-can-kill-the-ai-boom-fed-chair-kevin-warsh/,,
Tech Stocks Drive S&P 500 to Nine-Day Winning Run: Markets Wrap,2026-06-02,Financial Post,https://financialpost.com/pmn/business-pmn/tech-stocks-drive-sp-500-to-nine-day-winning-run-markets-wrap,,
Gold Pares Gains as US Jobs Data Reinforces Higher-Rate Bets,2026-06-02,Financial Post,https://financialpost.com/pmn/business-pmn/gold-pares-gains-as-us-jobs-data-reinforces-higher-rate-bets,,
"Trump replaces Gabbard with housing chief Bill Pulte, grandson of the founder of one of the country’s largest homebuilders",2026-06-02,Fortune,https://fortune.com/2026/06/02/trump-replaces-gabbard-housing-chief-bill-pulte/,,
"Trump picks Bill Pulte to succeed Tulsi Gabbard, as acting director of national intelligence",2026-06-02,CBC News,https://www.cbc.ca/news/world/us-trump-odni-director-pulte-gabbard-9.7220481,,
UnitedHealth Group (UNH) Hit by Medicare Reimbursement Concerns,2026-06-02,Yahoo Entertainment,https://finance.yahoo.com/sectors/healthcare/articles/unitedhealth-group-unh-hit-medicare-163033021.html,,
Can Automatic Data Processing (ADP) Defy Wall Street’s AI Disruption Narrative?,2026-06-02,Yahoo Entertainment,https://finance.yahoo.com/markets/stocks/articles/automatic-data-processing-adp-defy-164505687.html,,
FEDS Note: How U.S. Bank Stock Prices Respond to Geopolitical Risk,2026-06-02,Federalreserve.gov,https://www.federalreserve.gov/econres/notes/feds-notes/how-u-s-bank-stock-prices-respond-to-geopolitical-risk-20260602.html,,
"Gold Seesaws on Ceasefire Headlines as NFP, Rate Hike Fears Loom",2026-06-02,OilPrice.com,https://oilprice.com/Metals/Gold/Gold-Seesaws-on-Ceasefire-Headlines-as-NFP-Rate-Hike-Fears-Loom.html,,
Tech Stocks Drive S&P 500 to Nine-Day Winning Run: Markets Wrap,2026-06-02,Financial Post,https://financialpost.com/pmn/business-pmn/tech-stocks-drive-sp-500-to-nine-day-winning-run-markets-wrap-2,,
Is Clover Becoming a Bigger Challenge for Fiserv (FISV)?,2026-06-02,Yahoo Entertainment,https://finance.yahoo.com/markets/stocks/articles/clover-becoming-bigger-challenge-fiserv-162646301.html,,
Analysis-AI building boom ripples through inflation-hit Treasury market,2026-06-03,Yahoo Entertainment,https://finance.yahoo.com/markets/stocks/articles/analysis-ai-building-boom-ripples-100212269.html,,
Analysis:US tech stocks' market dominance reaches new heights and presents new risks,2026-06-03,CNA,https://www.channelnewsasia.com/business/analysisus-tech-stocks-market-dominance-reaches-new-heights-and-presents-new-risks-6159501,,
Gold Slips as Uncertainty Clouds Negotiations to End US-Iran War,2026-06-03,Financial Post,https://financialpost.com/pmn/business-pmn/gold-slips-as-uncertainty-clouds-negotiations-to-end-us-iran-war-2,,
Iran calls deadly attack on Kuwait retaliation for latest U.S. strikes,2026-06-03,CBS News,https://www.cbsnews.com/live-updates/trump-iran-war-attacks-kuwait-airport-israel-hezbollah-ceasefire/,,
VERSABANK ANNOUNCES PUBLIC FILING OF FORM S-4 REGISTRATION STATEMENT WITH THE SEC,2026-06-03,PRNewswire,https://www.prnewswire.com/news-releases/versabank-announces-public-filing-of-form-s-4-registration-statement-with-the-sec-302790093.html,,
"VERSABANK REPORTS STRONG SECOND QUARTER RESULTS: STRONG US SRP GROWTH DRIVES 27% YEAR-OVER-YEAR INCREASE IN REVENUE AND NET INTEREST INCOME, 45% YEAR-OVER-YEAR GROWTH IN ADJUSTED (CORE) NET INCOME",2026-06-03,PRNewswire,https://www.prnewswire.com/news-releases/versabank-reports-strong-second-quarter-results-strong-us-srp-growth-drives-27-year-over-year-increase-in-revenue-and-net-interest-income-45-year-over-year-growth-in-adjusted-core-net-income-302790088.html,,
"Nasdaq Advances Modestly to 27,123 as Tech Resilience Offsets Rate and Economic Concerns",2026-06-03,Ibtimes.com.au,https://www.ibtimes.com.au/nasdaq-edges-higher-amid-mixed-signals-1870047,,
Silver falls 1% to ₹2.64 lakh/kg amid weak global trends,2026-06-03,BusinessLine,https://www.thehindubusinessline.com/markets/gold/silver-falls-1-to-264-lakhkg-amid-weak-global-trends/article71056588.ece,,
"US Companies Add 122,000 Jobs, Most Since January 2025",2026-06-03,Financial Post,https://financialpost.com/pmn/business-pmn/us-companies-add-122000-jobs-most-since-january-2025,,
"Russell 2000 Climbs 0.9% to 2,932 as Small-Cap Stocks Outshine Broader Market",2026-06-03,Ibtimes.com.au,https://www.ibtimes.com.au/russell-2000-index-surges-small-cap-stocks-1870050,,
"Gold Falls 0.77% to $4,485 as Strong Dollar and Fed Outlook Pressure Precious Metals",2026-06-03,Ibtimes.com.au,https://www.ibtimes.com.au/gold-prices-dip-amid-stronger-us-dollar-fed-policy-1870052,,
OECD warns of ‘dark scenario’ if Gulf energy crisis drags on,2026-06-03,The Irish Times,https://www.irishtimes.com/business/economy/2026/06/03/oecd-warns-of-dark-scenario-if-gulf-energy-crisis-drags-on/,,
Trump begins rebuilding his tariff wall with proposed new levies,2026-06-03,The Irish Times,https://www.irishtimes.com/business/2026/06/03/trump-begins-rebuilding-his-tariff-wall-with-proposed-new-levies/,,
Gold Slips as Rising Oil Prices and Inflation Concerns Temper Safe-Haven Demand,2026-06-03,Advfn.com,https://investorshub.advfn.com/market-news/article/29655/gold-slips-as-rising-oil-prices-and-inflation-concerns-temper-safe-haven-demand,,
UCLA Anderson Forecast Says Oil Shock Has Replaced Tariffs as Leading Risk to U.S. Economy,2026-06-03,PRNewswire,https://www.prnewswire.com/news-releases/ucla-anderson-forecast-says-oil-shock-has-replaced-tariffs-as-leading-risk-to-us-economy-302789355.html,,
The Fed’s Next Inflation Test,2026-06-03,Thefreedomfrequency.org,https://www.thefreedomfrequency.org/p/the-feds-next-inflation-test,,
Gold Slips as Uncertainty Clouds Negotiations to End US-Iran War,2026-06-03,Financial Post,https://financialpost.com/pmn/business-pmn/gold-slips-as-uncertainty-clouds-negotiations-to-end-us-iran-war,,
"REITs Poised For Growth, but Geopolitical Risks are Wildcard: Nareit Panelists",2026-06-03,Commercial Observer,http://commercialobserver.com/2026/06/reits-growth-geopolitical-risks/,,
"Fed Chair Warsh makes first hires at central bank, including ‘Project 2025’ author",2026-06-03,CNBC,https://www.cnbc.com/2026/06/02/fed-chair-warsh-makes-first-hires-at-central-bank-including-project-2025-author.html,,
Gold Steady as Uncertainty Clouds Talks to End US-Iran War,2026-06-03,Financial Post,https://financialpost.com/pmn/business-pmn/gold-steady-as-uncertainty-clouds-talks-to-end-us-iran-war,,
Gold eases on stronger oil as fresh Mideast hostilities erupt,2026-06-03,The Times of India,https://economictimes.indiatimes.com/markets/commodities/news/gold-eases-on-stronger-oil-as-fresh-mideast-hostilities-erupt/articleshow/131473989.cms,,
Jerome Powell's call for central bank independence—and what India should do to safeguard RBI’s,2026-06-03,Livemint,https://www.livemint.com/opinion/online-views/jerome-powell-central-bank-independence-india-rbi-political-pressure-reserve-bank-of-india-11780404985348.html,,
Gold Edges Lower as Uncertainty Clouds Talks to End US-Iran War,2026-06-03,Financial Post,https://financialpost.com/pmn/business-pmn/gold-edges-lower-as-uncertainty-clouds-talks-to-end-us-iran-war,,
"BOE to Hold Rates This Year and Cut in 2027, OECD Forecasts",2026-06-03,Financial Post,https://financialpost.com/pmn/business-pmn/boe-to-hold-rates-this-year-and-cut-in-2027-oecd-forecasts,,
"Why is market falling today? Sensex drops 700 points, Nifty below 23,300. 4 key factors behind today D-Street rout",2026-06-03,The Times of India,https://economictimes.indiatimes.com/markets/stocks/news/why-is-market-falling-today-sensex-drops-700-points-nifty-below-23300-5-key-factors-behind-today-d-street-rout/articleshow/131454333.cms,,
Rupee falls 28 paise to 95.64 against US dollar in early trade,2026-06-03,BusinessLine,https://www.thehindubusinessline.com/markets/forex/rupee-falls-28-paise-to-9564-against-us-dollar-in-early-trade/article71055456.ece,,
Fed's Hammack signals rate hike may be needed soon as inflation risks intensify,2026-06-03,The Times of India,https://economictimes.indiatimes.com/markets/us-stocks/news/feds-hammack-signals-rate-hike-may-be-needed-soon-as-inflation-risks-intensify/articleshow/131476088.cms,,
Stories of De-Dollarization and US Empire Decline,2026-06-03,CounterPunch,https://www.counterpunch.org/2026/06/03/stories-of-de-dollarization-and-us-empire-decline/,,
The AI Bubble: A Financial House of Cards That’s About to Collapse,2026-06-03,Naturalnews.com,https://www.naturalnews.com/2026-06-03-the-ai-bubble-financial-house-of-cards.html,,
"Indian rupee could fall to 98/USD by July amid energy crisis, BofA Securities exec says",2026-06-03,The Times of India,https://economictimes.indiatimes.com/markets/forex/forex-news/indian-rupee-could-fall-to-98/usd-by-july-amid-energy-crisis-bofa-securities-exec-says/articleshow/131477412.cms,,
"Bitcoin falls 12% in a week, drops below key $70K level as ETF outflows accelerate",2026-06-03,The Times of India,https://economictimes.indiatimes.com/markets/cryptocurrency/crypto-news/bitcoin-falls-12-in-a-week-drops-below-key-70k-level-as-etf-outflows-accelerate/articleshow/131478285.cms,,
Energy Shock and AI Boom Are Pushing Asia Toward More Rate Hikes,2026-06-03,Financial Post,https://financialpost.com/pmn/business-pmn/energy-shock-and-ai-boom-are-pushing-asia-toward-more-rate-hikes,,
Williams: New tariffs unlikely to impact inflation significantly,2026-06-03,Crypto Briefing,https://cryptobriefing.com/williams-new-tariffs-unlikely-to-impact-inflation-significantly/,,
"Investors would be crazy to turn bearish on stocks now, says veteran strategist. In six months, maybe not.",2026-06-03,MarketWatch,https://www.marketwatch.com/story/investors-would-be-crazy-to-turn-bearish-on-stocks-now-says-veteran-strategist-maybe-not-in-six-months-5c62a9d2,,
Kevin Warsh’s $8.6 Trillion Moment of Truth,2026-06-03,24/7 Wall St.,https://247wallst.com/investing/2026/06/03/kevin-warshs-8-6-trillion-moment-of-truth/,,
Billionaires Have Two Parties. Why Do the People of America's Great Plains Have Only One?,2026-06-03,Common Dreams,https://www.commondreams.org/opinion/party-for-working-people,,
Dallas Fed’s Lorie Logan speaks as 2026 FOMC voter with rate hike talk in the air,2026-06-03,Crypto Briefing,https://cryptobriefing.com/dallas-fed-logan-fomc-voter-rate-hike/,,
A New Congressional Plan to Save $1.5 Trillion and End Abortion Funding,2026-06-03,Daily Signal,https://www.dailysignal.com/2026/06/03/congress-plan-end-abortion-funding/,,
Trading Day: War clouds and tech wobbles,2026-06-03,CNA,https://www.channelnewsasia.com/business/trading-day-war-clouds-and-tech-wobbles-6160756,,
Kuwait Petroleum says oil output recovery may take 10-12 weeks after Hormuz reopens,2026-06-03,Crypto Briefing,https://cryptobriefing.com/kuwait-oil-recovery-hormuz-timeline/,,
"Bowman, Supervision and Regulation",2026-06-03,Federalreserve.gov,https://www.federalreserve.gov/newsevents/testimony/bowman20260604a.htm,,
"HELOCs dip, home equity loan rates tick higher",2026-06-03,Yahoo Entertainment,https://finance.yahoo.com/economy/policy/articles/helocs-dip-home-equity-loan-202219588.html,,
Treasury Yield Rises Most in Two Weeks After Jobs Gauge,2026-06-03,Financial Post,https://financialpost.com/pmn/business-pmn/treasury-yield-rises-most-in-two-weeks-after-jobs-gauge,,
US Fed says Iran war driving 'moderate-to-strong' inflation,2026-06-03,The Times of India,https://economictimes.indiatimes.com/markets/us-stocks/news/us-fed-says-iran-war-driving-moderate-to-strong-inflation/articleshow/131492008.cms,,
US stocks today: Dow Jones drops over 500 points as Middle East tensions escalate,2026-06-03,The Times of India,https://economictimes.indiatimes.com/markets/us-stocks/news/us-stocks-today-us-stocks-end-lower-as-middle-east-tensions-escalate/articleshow/131491980.cms,,
Fed’s Logan signals potential need for higher interest rates later this year,2026-06-03,Crypto Briefing,https://cryptobriefing.com/feds-logan-signals-potential-need-for-higher-interest-rates-later-this-year/,,
"Warsh’s Fed Debut Is a Key Risk for FX, Morgan Stanley Says",2026-06-03,Financial Post,https://financialpost.com/pmn/business-pmn/warshs-fed-debut-is-a-key-risk-for-fx-morgan-stanley-says,,
"Federal Reserve’s Beige Book shows steady employment, rising inflation pressures",2026-06-03,Crypto Briefing,https://cryptobriefing.com/fed-beige-book-inflation-employment-june-2026/,,
US Treasury Secretary Bessent calls inflation surge a short-term blip as Iran conflict drives prices higher,2026-06-03,Crypto Briefing,https://cryptobriefing.com/bessent-inflation-blip-iran-crypto-sanctions/,,
Gold Slips as Middle East Tensions Keep Inflation Risks Elevated,2026-06-03,Financial Post,https://financialpost.com/pmn/business-pmn/gold-slips-as-middle-east-tensions-keep-inflation-risks-elevated-2,,
Federal Reserve Bank of Dallas president Lorie Logan says rates may rise this year,2026-06-03,Crypto Briefing,https://cryptobriefing.com/fed-logan-rates-may-rise-2026/,,
"Federal Reserve Beige Book shows stable outlook, moderate inflation as energy costs bite",2026-06-03,Crypto Briefing,https://cryptobriefing.com/fed-beige-book-stable-outlook-inflation/,,
"Scott Bessent keeps calling inflation ‘transitory,’ a word that burned Janet Yellen badly",2026-06-03,Crypto Briefing,https://cryptobriefing.com/bessent-transitory-inflation-language-yellen/,,
Fed’s Williams Says No Obvious Direction Ahead for Rates,2026-06-03,Financial Post,https://financialpost.com/pmn/business-pmn/feds-williams-says-no-obvious-direction-ahead-for-rates,,
Gold Slips as Middle East Tensions Keep Inflation Risks Elevated,2026-06-03,Financial Post,https://financialpost.com/pmn/business-pmn/gold-slips-as-middle-east-tensions-keep-inflation-risks-elevated,,
Federal Reserve Bank of New York’s Williams sees no clear path for rates,2026-06-03,Crypto Briefing,https://cryptobriefing.com/fed-williams-no-clear-path-rates/,,
European shares fall amid heightened Middle East tension,2026-06-03,The Irish Times,https://www.irishtimes.com/business/2026/06/03/european-shares-fall-amid-heightened-middle-east-tension/,,
"Federal Reserve’s Kevin Warsh could shock FX markets at first policy meeting, Morgan Stanley warns",2026-06-03,Crypto Briefing,https://cryptobriefing.com/warsh-first-fed-meeting-fx-markets/,,
Federal Reserve Bank of New York’s Williams sees no clear path for rates,2026-06-03,Crypto Briefing,https://cryptobriefing.com/federal-reserve-williams-no-clear-path/,,
The Called Shot ( Gold Revaluation),2026-06-03,Freerepublic.com,https://freerepublic.com/focus/f-news/4382200/posts,,
"Warsh’s Fed Debut a Key Risk for FX Markets, Morgan Stanley Says",2026-06-03,Financial Post,https://financialpost.com/pmn/business-pmn/warshs-fed-debut-a-key-risk-for-fx-markets-morgan-stanley-says,,
Bessent Invokes Language on Inflation That Caused Yellen Trouble,2026-06-03,Financial Post,https://financialpost.com/pmn/business-pmn/bessent-invokes-language-on-inflation-that-caused-yellen-trouble,,
3 mortgage interest rate mistakes to avoid this June,2026-06-03,CBS News,https://www.cbsnews.com/news/mortgage-interest-rate-mistakes-to-avoid-june-2026/,,
"As Oil Moves Higher, Bitcoin Sinks to Lowest Price Since March",2026-06-03,Decrypt,https://decrypt.co/369925/oil-moves-higher-bitcoin-sinks-lowest-price-since-march,,
The Called Shot ( Gold Revaluation),2026-06-03,Freerepublic.com,https://freerepublic.com/focus/f-chat/4382200/posts,,
Kevin Warsh Is About to Make a Major Change to the Fed. Donald Trump Will Cheer It On.,2026-06-03,24/7 Wall St.,https://247wallst.com/investing/2026/06/03/kevin-warsh-is-about-to-make-a-major-change-to-the-fed-donald-trump-will-cheer-it-on/,,
Today’s Oil Drama Is No Rerun of “That ’70s Show”,2026-06-04,Hoover.org,https://www.hoover.org/research/todays-oil-drama-no-rerun-70s-show,,
Wall Street pulls back from record highs as Middle East tensions rise and crude prices climb,2026-06-04,Crypto Briefing,https://cryptobriefing.com/wall-street-pullback-middle-east-crude-oil-crypto/,,
"Dollar at two-month high as Gulf hostilities flare, yen near intervention zone",2026-06-04,The Times of India,https://economictimes.indiatimes.com/markets/forex/forex-news/dollar-at-two-month-high-as-gulf-hostilities-flare-yen-near-intervention-zone/articleshow/131501886.cms,,
Buried in SpaceX’s IPO: a Tesla merger clue and a $3.75 billion insider windfall for friends and family,2026-06-04,Fortune,https://fortune.com/2026/06/04/spacex-ipo-tesla-merger-insider-windfall-friends-family/,,
"Sensex today | Stock Market Highlights: Sensex, Nifty end flat after weak open; Sensex up 14 pts, Nifty gains 11 pts",2026-06-04,BusinessLine,https://www.thehindubusinessline.com/markets/sensex-nifty50-today-stock-market-highlights-4th-june-2026/article71056600.ece,,
Moomoo expands into prediction markets through Kalshi partnership,2026-06-04,CoinDesk,https://www.coindesk.com/business/2026/06/04/moomoo-expands-into-prediction-markets-through-kalshi-partnership,,
The Mortgage Hedging ‘Beast’ Is Returning to the Treasury Market,2026-06-04,Yahoo Entertainment,https://finance.yahoo.com/markets/options/articles/mortgage-hedging-beast-returning-treasury-111000903.html,,
"US Stock Market on Thursday: S&P 500, Nasdaq, Dow Jones set for volatile trading. Full list of stocks to watch out today",2026-06-04,The Times of India,https://economictimes.indiatimes.com/news/international/us/us-stock-market-today-sp-500-nasdaq-dow-jones-micron-amd-broadcom-stocks-qualcomm-shares-crowdstrike/articleshow/131506534.cms,,
Higher mortgage rates don't just keep buyers on the sidelines. Application denials rise too,2026-06-04,CNBC,https://www.cnbc.com/2026/06/04/higher-mortgage-rates-push-application-denial-rates-up.html,,
What To Expect For The Bitcoin Price By EOY 2026,2026-06-04,Bitcoinist,https://bitcoinist.com/bitcoin-price-by-eoy-2026/,,
Buy or Sell Silver in 2026? Industrial Demand Surge Meets Macro Risks for Investors,2026-06-04,Ibtimes.com.au,https://www.ibtimes.com.au/silver-prices-2026-industrial-demand-economic-uncertainty-1870078,,
Iran war driving 'moderate-to-strong' inflation - Fed,2026-06-04,RTE,https://www.rte.ie/news/business/2026/0604/1576746-us-feds-beige-book/,,
"Sensex recovers 700 points from day’s low, Nifty rises above 23,450. 5 key factors behind market rebound",2026-06-04,The Times of India,https://economictimes.indiatimes.com/markets/stocks/news/sensex-recovers-700-points-from-days-low-nifty-rises-above-23450-5-key-factors-behind-market-rebound/articleshow/131495930.cms,,
"Gold rises on softer dollar, oil, as markets weigh US-Iran peace optimism",2026-06-04,BusinessLine,https://www.thehindubusinessline.com/markets/gold/gold-rises-on-softer-dollar-oil-as-markets-weigh-us-iran-peace-optimism/article71059532.ece,,
"Bitcoin Eyeing $60,000 Support As Iran Strikes Hammer Crypto Markets",2026-06-04,Bitcoinist,https://bitcoinist.com/bitcoin-eyeing-60000-support-as-iran-strikes-hammer-crypto-markets/,,
"Asia Steps Up Currency Defense as Korea, Indonesia Vow Action",2026-06-04,Financial Post,https://financialpost.com/pmn/business-pmn/asia-steps-up-currency-defense-as-korea-indonesia-vow-action,,
"Bitcoin rebounds near $64,000 after crash to $61,500; $1.76 billion liquidated in 24 hours",2026-06-04,The Times of India,https://economictimes.indiatimes.com/markets/cryptocurrency/crypto-news/bitcoin-rebounds-near-64000-after-crash-to-61500-1-76-billion-liquidated-in-24-hours/articleshow/131497122.cms,,
Gold Rises as Dip-Buyers Return After Israel-Lebanon Ceasefire,2026-06-04,Financial Post,https://financialpost.com/pmn/business-pmn/gold-rises-as-dip-buyers-return-after-israel-lebanon-ceasefire,,
"U.S. Hiring Beats Expectations as Employers Add 122,000 Jobs. Is the Economy Stronger Than Wall Street Thinks?",2026-06-04,Freerepublic.com,https://freerepublic.com/focus/f-news/4382261/posts,,
US Stock Market: AI-fuelled tech rally raises concerns over growing market concentration,2026-06-04,The Times of India,https://economictimes.indiatimes.com/markets/us-stocks/news/us-stock-market-ai-fuelled-tech-rally-raises-concerns-over-growing-market-concentration/articleshow/131496003.cms,,
"Bitcoin briefly drops below $62,000 as $1.5 billion in crypto longs get wiped out",2026-06-04,CoinDesk,https://www.coindesk.com/markets/2026/06/04/bitcoin-drops-below-usd62-000-as-usd1-5-billion-in-crypto-longs-get-wiped-out,,
Fed's Warsh inherits economy increasingly squeezed by inflation,2026-06-04,The Times of India,https://economictimes.indiatimes.com/markets/us-stocks/news/feds-warsh-inherits-economy-increasingly-squeezed-by-inflation/articleshow/131494709.cms,,
"Dollar clings to 2-month high as Gulf hostilities flare, yen wobbles near intervention zone",2026-06-04,The Times of India,https://economictimes.indiatimes.com/markets/forex/forex-news/dollar-clings-to-2-month-high-as-gulf-hostilities-flare-yen-wobbles-near-intervention-zone/articleshow/131494702.cms,,
"Dollar clings to 2-month high as Gulf hostilities flare, yen wobbles near intervention zone",2026-06-04,CNA,https://www.channelnewsasia.com/business/dollar-clings-2-month-high-gulf-hostilities-flare-yen-wobbles-near-intervention-zone-6161156,,
Treasury Yield Rises Most in Two Weeks After Jobs Gauge,2026-06-04,Financial Post,https://financialpost.com/pmn/business-pmn/treasury-yield-rises-most-in-two-weeks-after-jobs-gauge-2,,
Fed Beige Book Signals Margin Squeeze for Consumer Brands,2026-06-04,pymnts.com,https://www.pymnts.com/consumer-insights/2026/fed-beige-book-signals-margin-squeeze-for-consumer-brands/,,
Moomoo Partners with Kalshi to Expand Access to Prediction Markets,2026-06-04,GlobeNewswire,https://www.globenewswire.com/news-release/2026/06/04/3306794/0/en/Moomoo-Partners-with-Kalshi-to-Expand-Access-to-Prediction-Markets.html,,
US Stock Market: Fed may need tighter policy as inflation risks persist,2026-06-04,The Times of India,https://economictimes.indiatimes.com/markets/us-stocks/news/us-stock-market-fed-may-need-tighter-policy-as-inflation-risks-persist/articleshow/131498263.cms,,
What's the mortgage interest rate forecast for summer 2026? Here's what some experts predict.,2026-06-04,CBS News,https://www.cbsnews.com/news/mortgage-rate-forecast-summer-2026-what-experts-predict/,,
"CoinEx Monthly | Derisking Above, Building Below",2026-06-04,GlobeNewswire,https://www.globenewswire.com/news-release/2026/06/04/3306558/0/en/CoinEx-Monthly-Derisking-Above-Building-Below.html,,
"Dow Surges 686 Points to 51,373 as Strong Jobs Data and Easing Inflation Boost Market Sentiment",2026-06-04,Ibtimes.com.au,https://www.ibtimes.com.au/dow-jones-surges-job-growth-inflation-eases-1870109,,
Ray Dalio warns the stock market is approaching 1929 and 2000 bubble levels—but another crisis is ‘past the point of no return’,2026-06-04,Fortune,https://fortune.com/2026/06/04/ray-dalio-stock-market-1929-2000-bubble-debt-crisis-point-of-no-return/,,
Judy Chu doesn’t know much about Woodrow Wilson — but here’s why you should,2026-06-04,New York Post,https://nypost.com/2026/06/04/opinion/judy-chu-doesnt-know-much-about-history/,,
Stock market today: Live updates,2026-06-04,CNBC,https://www.cnbc.com/2026/06/04/stock-market-today-live-updates.html,,
"Oil drops, stocks mostly higher despite AI concerns",2026-06-04,CNA,https://www.channelnewsasia.com/business/oil-drops-stocks-higher-ai-concerns-6163371,,
A New Congressional Plan to Save $1.5 Trillion and End Abortion Funding,2026-06-04,Freerepublic.com,https://freerepublic.com/focus/f-news/4382383/posts,,
BofA on the ‘fundamental disconnect’ in the housing market: You’re blaming the wrong person for why you can’t afford a home,2026-06-04,Fortune,https://fortune.com/2026/06/04/housing-market-fundamental-disconnect-why-cant-i-buy-a-house/,,
Fed's Schmid says choice is between patience and rate hikes to tamp down inflation,2026-06-04,The Times of India,https://economictimes.indiatimes.com/markets/us-stocks/news/feds-schmid-says-choice-is-between-patience-and-rate-hikes-to-tamp-down-inflation/articleshow/131516508.cms,,
"Inside Trump's plan to put himself on money forever: The $250 'Don dollar,' a secret artist... and why George Washington would not approve",2026-06-04,Dailymail.com,https://www.dailymail.com/news/article-15865961/Trump-plan-money-forever-dollar.html,,
The May jobs report will be released Friday. Here's what to expect,2026-06-04,CNBC,https://www.cnbc.com/2026/06/04/the-may-jobs-report-will-be-released-friday-heres-what-to-expect.html,,
What to expect from the new Federal Reserve,2026-06-04,Ncspin.com,https://www.ncspin.com/what-to-expect-from-the-new-federal-reserve,,
The U.S. is minting more millionaires than ever. Here's why.,2026-06-04,CBS News,https://www.cbsnews.com/news/us-millionaires-record-wealth-capgemini-report/,,
"Why has the average mortgage payment crossed $2,000, and how can you lower yours as mortgage rates remain stubbornly high in 2026?",2026-06-04,The Times of India,https://economictimes.indiatimes.com/news/international/us/why-has-the-average-mortgage-payment-crossed-2000-and-how-can-you-lower-yours-as-mortgage-rates-remain-stubbornly-high-in-2026/articleshow/131514540.cms,,
FEDS Note: Mortgage Servicing Right Valuations Under Stress,2026-06-04,Federalreserve.gov,https://www.federalreserve.gov/econres/notes/feds-notes/mortgage-servicing-right-valuations-under-stress-20260604.html,,
"Oil drops, stocks mostly higher despite AI concerns",2026-06-04,CNA,https://www.channelnewsasia.com/business/oil-drops-stocks-mostly-higher-despite-ai-concerns-6163371,,
US mortgage rates are staying high – and the Fed can do very little about it,2026-06-04,The Conversation Africa,https://theconversation.com/us-mortgage-rates-are-staying-high-and-the-fed-can-do-very-little-about-it-284417,,
Moody's Mark Zandi says the economy is flashing a warning sign even as GDP keeps growing,2026-06-04,Business Insider,https://www.businessinsider.com/recession-economy-warning-iran-war-mark-zandi-inflation-interest-rates-2026-6,,
Trump’s empire of debt,2026-06-04,Financial Post,https://financialpost.com/financial-times/trumps-empire-of-debt,,
Bitcoin’s $63k slide shows ETF demand fighting AI equities for dollar liquidity,2026-06-04,CryptoSlate,https://cryptoslate.com/?p=539620,,
Morgan Stanley Sees Fed Discounting War in Considering Any Hike,2026-06-04,Financial Post,https://financialpost.com/pmn/business-pmn/morgan-stanley-sees-fed-discounting-war-in-considering-any-hike,,
One-third of Americans’ wealth is now tied to the stock market — a record high,2026-06-04,New York Post,https://nypost.com/2026/06/04/business/one-third-of-americans-wealth-is-now-tied-to-the-stock-market-a-record-high/,,
"Dow soars 900 points to all-time high, while chipmaker Broadcom sends tech sector stumbling",2026-06-04,New York Post,https://nypost.com/2026/06/04/business/dow-soars-900-points-to-all-time-high-while-chipmaker-broadcom-sends-tech-sector-stumbling/,,
Russell 2000 Rises 0.9% as Small Caps Extend Outperformance Amid Market Rotation,2026-06-04,Ibtimes.com.au,https://www.ibtimes.com.au/russell-2000-index-climbs-small-cap-stock-resurgence-1870123,,
The Stock Market Has Been Here Precisely Once Before. Buckle Up as Kevin Warsh Tries to Land the Plane,2026-06-04,24/7 Wall St.,https://247wallst.com/investing/2026/06/04/the-stock-market-has-been-here-precisely-once-before-buckle-up-as-kevin-warsh-tries-to-land-the-plane/,,
"U.S. Oil Shocks Don't Hit Like They Used To, Fed Study Finds",2026-06-04,OilPrice.com,https://oilprice.com/Latest-Energy-News/World-News/US-Oil-Shocks-Dont-Hit-Like-They-Used-To-Fed-Study-Finds.html,,
‘Reconciliation 3.0’: New plan for Congress saves $1.5 trillion and ends abortion funding,2026-06-04,Wnd.com,https://www.wnd.com/2026/06/reconciliation-3-0-new-plan-congress-saves-1/,,
Daly Says Fed Ready to Respond ‘Either Way’ With Interest Rates,2026-06-04,Financial Post,https://financialpost.com/pmn/business-pmn/daly-says-fed-ready-to-respond-either-way-with-interest-rates,,
Fed's Daly says AI is not for now driving inflation up or down,2026-06-04,CNA,https://www.channelnewsasia.com/business/feds-daly-says-ai-not-now-driving-inflation-up-or-down-6163046,,
Treasuries Rise as Oil Signals Optimism on Iran Peace Accord,2026-06-04,Financial Post,https://financialpost.com/pmn/business-pmn/treasuries-rise-as-oil-signals-optimism-on-iran-peace-accord,,
Chilling in Money-Market Funds is the Hot Retail Strategy Now,2026-06-05,Yahoo Entertainment,https://finance.yahoo.com/markets/articles/chilling-money-market-funds-hot-110032424.html,,
US Hiring Remains Unexpectedly Strong,2026-06-05,Newser,https://www.newser.com/story/390512/us-hiring-remains-unexpectedly-strong.html,,
Federal Reserve’s Mary Daly notes AI-driven productivity gains in select sectors,2026-06-05,Crypto Briefing,https://cryptobriefing.com/fed-daly-ai-productivity-gains/,,
"US Stock Market today: Nasdaq, S&P 500 set for low opening, Dow Jones to rise. Nvidia stocks, Intel, Micron, AMD, Broadcom shares under spotlight",2026-06-05,The Times of India,https://economictimes.indiatimes.com/news/international/us/us-stock-market-today-nasdaq-dow-jones-sp-500-nvidia-stocks-intel-micron-amd-broadcom-shares/articleshow/131531881.cms,,
"U.S. payrolls rose by 172,000 in May, much more than expected; unemployment at 4.3%",2026-06-05,CNBC,https://www.cnbc.com/2026/06/05/jobs-report-may-2026.html,,
US interest rate futures see December hike odds rise after jobs data,2026-06-05,Crypto Briefing,https://cryptobriefing.com/us-interest-rate-futures-see-december-hike-odds-rise-after-jobs-data/,,
U.S. Job Market Smashed Expectations In May—But Fewer Americans Were Working,2026-06-05,Forbes,https://www.forbes.com/sites/tylerroush/2026/06/05/us-job-market-smashed-expectations-in-may-but-fewer-americans-were-working/,,
Apple Card Savings interest rate falls again — here’s why,2026-06-05,Cult of Mac,https://www.cultofmac.com/news/apple-card-savings-interest-rate-june-2026,,
"US unemployment steady in May, jobs exceed expectations",2026-06-05,Crypto Briefing,https://cryptobriefing.com/us-unemployment-steady-in-may-jobs-exceed-expectations/,,
"U.S. job growth blows past forecasts, setting stage for Fed rate hikes",2026-06-05,CoinDesk,https://www.coindesk.com/markets/2026/06/05/u-s-job-growth-blows-past-forecasts-setting-stage-for-fed-rate-hikes,,
"US economy blew past expectations to add 172,000 jobs in May",2026-06-05,The Irish Times,https://www.irishtimes.com/business/2026/06/05/us-economy-blew-past-expectations-to-add-172000-jobs-in-may/,,
FO Exclusive: The $39 Trillion Trap — The Terrifying Reality of America’s Bond Market,2026-06-05,Fair Observer,https://www.fairobserver.com/economics/fo-exclusive-the-39-trillion-trap-the-terrifying-reality-of-americas-bond-market/,,
More jobs added in May than expected giving Fed another reason to pause cutting interest rates,2026-06-05,New York Post,https://nypost.com/2026/06/05/business/more-jobs-added-in-may-than-expected-giving-federal-reserve-another-reason-to-pause-cutting-interest-rates/,,
"Employers added 172,000 jobs last month as US job market shows resilience despite Iran war",2026-06-05,The Times of India,https://economictimes.indiatimes.com/news/international/global-trends/employers-added-172000-jobs-last-month-as-us-job-market-shows-resilience-despite-iran-war/articleshow/131533176.cms,,
The May jobs report just blew past expectations—and maybe too far for markets,2026-06-05,Fortune,https://fortune.com/2026/06/05/may-jobs-report-economy-fed-rates-bond-yields/,,
"US stocks today: S&P 500, Nasdaq slip at open after solid jobs data fuels hawkish Fed fears; chip stocks fall",2026-06-05,The Times of India,https://economictimes.indiatimes.com/markets/us-stocks/news/us-stocks-today-sp-500-nasdaq-slip-at-open-after-solid-jobs-data-fuels-hawkish-fed-fears-chip-stocks-fall/articleshow/131533254.cms,,
"Jobs report for May pushes US Fed interest rate expectations, yields higher. What does this mean?",2026-06-05,The Times of India,https://economictimes.indiatimes.com/news/international/us/jobs-report-may-employment-payrolls-10-year-yields-2-year-treasury-note/articleshow/131533747.cms,,
"Bitcoin falls below $62,000 amid ETF outflows, macroeconomic jitters",2026-06-05,BusinessLine,https://www.thehindubusinessline.com/money-and-banking/cryptocurrency/bitcoin-falls-below-62000-amid-etf-outflows-macroeconomic-jitters/article71065626.ece,,
Dow Jones Dips Modestly in Early Trading on June 5 as Investors Digest Record High and Await Key Data,2026-06-05,Ibtimes.com.au,https://www.ibtimes.com.au/dow-jones-dips-after-record-high-1870183,,
Inflation swallows wage growth and American workers take a huge pay cut. Safeguard your nest egg today,2026-06-05,Yahoo Entertainment,https://finance.yahoo.com/economy/articles/inflation-swallows-wage-growth-american-105500788.html,,
"New party secretary Kostas Kyranakis, Voridis for the Constitutional Committee, Tsipras’s “organs” and…Nikos’s “organs,” three shipping companies on the Athens Stock Exchange",2026-06-05,Protothema.gr,https://en.protothema.gr/2026/06/05/new-party-secretary-kostas-kyranakis-voridis-for-the-constitutional-committee-tsiprass-organs-andnikoss-organs-three-shipping-companie/,,
Fed’s Mary Daly says monetary policy is ‘in a good place’ but won’t predict what comes next,2026-06-05,Crypto Briefing,https://cryptobriefing.com/fed-daly-monetary-policy-uncertainty/,,
"US job growth likely slowed in May, labor market seen stable despite oil shock",2026-06-05,The Times of India,https://economictimes.indiatimes.com/news/international/global-trends/us-job-growth-likely-slowed-in-may-labor-market-seen-stable-despite-oil-shock/articleshow/131521361.cms,,
Fed’s Logan Finds More Inflation Drivers in West Texas,2026-06-05,Financial Post,https://financialpost.com/pmn/business-pmn/feds-logan-finds-more-inflation-drivers-in-west-texas,,
"Logistics costs surge to four-year high, pressuring Fed on inflation",2026-06-05,Crypto Briefing,https://cryptobriefing.com/logistics-costs-surge-four-year-high-fed-inflation/,,
Moomoo expands into prediction markets via Kalshi partnership,2026-06-05,Crypto Briefing,https://cryptobriefing.com/moomoo-kalshi-prediction-markets-partnership/,,
"Gold slips, set for weekly loss on Mideast tensions, rate-hike fears",2026-06-05,The Times of India,https://economictimes.indiatimes.com/markets/commodities/news/gold-slips-set-for-weekly-loss-on-mideast-tensions-rate-hike-fears/articleshow/131519460.cms,,
India gold prices soar 4.1% in May despite decline in global prices: World Gold Council,2026-06-05,The Times of India,https://economictimes.indiatimes.com/industry/cons-products/fashion-/-cosmetics-/-jewellery/india-gold-prices-soar-4-1-in-may-despite-decline-in-global-prices-world-gold-council/articleshow/131519615.cms,,
Gold Declines as Uncertainty Surrounds Progress in US-Iran Talks,2026-06-05,Financial Post,https://financialpost.com/pmn/business-pmn/gold-declines-as-uncertainty-surrounds-progress-in-us-iran-talks,,
"Gold Rate Today: Check the live price of 22K, 24K and 18K gold prices on 5 June 2026",2026-06-05,Livemint,https://www.livemint.com/money/personal-finance/gold-rate-today-check-live-price-of-22k-24k-18k-gold-prices-5-june-2026-mumbai-delhi-chennai-bengaluru-kolkata-hyderabad-11780627607556.html,,
"US employers likely added 105,000 jobs in May with labor market stable despite costly Iran war",2026-06-05,Associated Press,https://apnews.com/article/employment-economy-jobs-layoffs-iran-94068a0f4e441024b05e72eb370b3a15,,
Global Market: Fed's Daly dismisses AI as near-term inflation risk amid rising prices,2026-06-05,The Times of India,https://economictimes.indiatimes.com/markets/us-stocks/news/global-market-feds-daly-dismisses-ai-as-near-term-inflation-risk-amid-rising-prices/articleshow/131521296.cms,,
"172,000 jobs added in May, showing market resilience despite Iran war",2026-06-05,PBS,https://www.pbs.org/newshour/economy/172000-jobs-added-in-may-showing-market-resilience-despite-iran-war,,
"Silver prices tank Rs 5,700/kg, gold down Rs 1,300/10 gm as Iran war uncertainty stokes inflation worries. Time to sell?",2026-06-05,The Times of India,https://economictimes.indiatimes.com/markets/commodities/silver-prices-tank-rs-5700/kg-gold-down-rs-1300/10-gm-as-iran-war-uncertainty-stokes-inflation-worries-time-to-sell/articleshow/131521463.cms,,
RBI MPC Meeting 2026: Reserve Bank of India Holds Repo Rate at 5.25% Amid Rising Global Uncertainty | LatestLY,2026-06-05,LatestLY,https://www.latestly.com/business/rbi-mpc-meeting-2026-reserve-bank-of-india-holds-repo-rate-at-5-25-amid-rising-global-uncertainty-7459858.html,,
Stagflation risks rise as oil prices threaten global growth outlook: Peter Cardillo,2026-06-05,The Times of India,https://economictimes.indiatimes.com/markets/us-stocks/news/stagflation-risks-rise-as-oil-prices-threaten-global-growth-outlook-peter-cardillo/articleshow/131523749.cms,,
"Why are gold and silver prices down today, and will precious metals continue to drop or rise again? Analysts insights, market outlook and what should investors do now",2026-06-05,The Times of India,https://economictimes.indiatimes.com/news/international/us/why-are-gold-and-silver-prices-down-today-and-will-precious-metals-continue-to-drop-or-rise-again-analysts-insights-market-outlook-and-what-should-investors-do-now/articleshow/131523722.cms,,
Why Kevin Warsh’s hope of shrinking the Fed’s balance sheet could run into trouble,2026-06-05,Livemint,https://www.livemint.com/opinion/online-views/why-kevin-warsh-s-hope-of-shrinking-the-fed-s-balance-sheet-could-run-into-trouble-11780643247766.html,,
Treasury yields ease as traders await key labor market data,2026-06-05,CNBC,https://www.cnbc.com/2026/06/05/treasury-yields-ease-as-traders-await-key-labor-market-data-.html,,
"ECB to Hike Twice With Inflation Above Comfort Zone, Poll Shows",2026-06-05,Financial Post,https://financialpost.com/pmn/business-pmn/ecb-to-hike-twice-with-inflation-above-comfort-zone-poll-shows,,
May jobs report expected to show growth in an economy squeezed by inflation,2026-06-05,NBC News,https://www.nbcnews.com/business/economy/may-jobs-report-inflation-rcna348020,,
"Wall Street Futures Ease as Hezbollah Rejects Ceasefire and Investors Await U.S. Jobs Data: Dow Jones, S&P, Nasdaq",2026-06-05,Advfn.com,https://investorshub.advfn.com/market-news/article/29857/wall-street-futures-ease-as-hezbollah-rejects-ceasefire-and-investors-await-u-s-jobs-data-dow-jones-sp-nasdaq,,
The hidden ways debt gets more expensive — even when you’re making payments,2026-06-05,New York Post,https://nypost.com/business/why-credit-card-minimum-payments-keep-you-in-debt/,,
Donald Trump Can’t Stop Giving Everyone Around Him the Same “Gifts.” I Got Some Myself—and Quickly Saw What’s Going On Here.,2026-06-05,Slate Magazine,https://slate.com/news-and-politics/2026/06/donald-trump-news-washington-republicans-florsheim-shoes.html,,
"Best high-yield savings interest rates today, Friday, June 5, 2026: Up to 4.10% APY return",2026-06-05,Yahoo Entertainment,https://finance.yahoo.com/personal-finance/banking/article/best-high-yield-savings-interest-rates-today-friday-june-5-2026-100000048.html,,
"US weekly jobless claims rise to four-month high, productivity revised down",2026-06-05,Crypto Briefing,https://cryptobriefing.com/us-jobless-claims-four-month-high-productivity-revised/,,
"Gold price today crashes over 1 per cent, check latest Gold rate",2026-06-05,The Times of India,https://economictimes.indiatimes.com/news/international/us/gold-price-today-crashes-over-1-per-cent-check-latest-gold-rate/articleshow/131533971.cms,,
"Gold slips, set for weekly loss on West Asia tensions, rate-hike fears",2026-06-05,BusinessLine,https://www.thehindubusinessline.com/markets/gold/gold-slips-set-for-weekly-loss-on-west-asia-tensions-rate-hike-fears/article71063850.ece,,
Jobs in Hospitality and Healthcare Propelled Hiring in May,2026-06-05,The Wall Street Journal,https://www.wsj.com/economy/consumers/may-jobs-report-unemployment-fde062e1,,
U.S. Indexes Are Dropping After a Strong Jobs Report. Is the Labor Market a Problem for the Stock Market?,2026-06-05,Investopedia,https://www.investopedia.com/stock-market-outlook-post-may-jobs-report-11992054,,
"Strong US job growth beats expectations in May, firming recent gains",2026-06-05,Digital Journal,https://www.digitaljournal.com/article/strong-us-job-growth-beats-expectations-in-may-firming-recent-gains/,,
"Strong US job growth beats expectations in May, firming recent gains",2026-06-05,CNA,https://www.channelnewsasia.com/world/strong-us-job-growth-beats-expectations-in-may-firming-recent-gains-6165451,,
Popular German bank resets gold price target for the rest of 2026,2026-06-05,TheStreet,https://www.thestreet.com/investing/popular-german-bank-resets-gold-price-target-for-the-rest-of-2026,,
Stop chasing AI - here’s where to invest right now,2026-06-05,TheStreet,https://www.thestreet.com/video/stop-chasing-ai-heres-where-to-invest-right-now,,
Wall Street panics as stock markets crash deep into the red despite the excellent May jobs report,2026-06-05,Dailymail.com,https://www.dailymail.com/yourmoney/article-15878219/wall-street-stock-market-crash-federal-reserve.html,,
Big fall in US tech shares as AI stock are hit,2026-06-05,The Irish Times,https://www.irishtimes.com/business/2026/06/05/big-fall-in-us-tech-shares-as-ai-stock-are-hit/,,
"Wall Street ends sharply lower as chips slide, jobs data fuels rate hike fears",2026-06-05,The Straits Times,https://www.straitstimes.com/business/companies-markets/wall-street-ends-sharply-lower-as-chips-slide-jobs-data-fuels-rate-hike-fears,,
Tech Sell-Off Takes Stocks to Worst Day Since October,2026-06-05,Newser,https://www.newser.com/story/390534/tech-sell-off-takes-stocks-to-worst-day-since-october.html,,
ProCap Finance CEO Anthony Pompliano predicts Bitcoin will rise as dollar weakens,2026-06-05,Crypto Briefing,https://cryptobriefing.com/pompliano-bitcoin-dollar-weakens-prediction/,,
How major US stock indexes fared Friday 6/5/2026,2026-06-05,seattlepi.com,https://www.seattlepi.com/business/article/how-major-us-stock-indexes-fared-friday-6-5-2026-22293254.php,,
"S&P 500, Nasdaq Post Worst Day of Year Amid AI Stock Slump",2026-06-05,Mediaite,https://www.mediaite.com/media/news/sp-500-nasdaq-post-worst-day-of-year-amid-ai-stock-slump/,,
Trump's Next “Big Buy” Could Make Early Investors a Fortune,2026-06-05,GlobeNewswire,https://www.globenewswire.com/news-release/2026/06/05/3307644/0/en/Trump-s-Next-Big-Buy-Could-Make-Early-Investors-a-Fortune.html,,
"Trump Falsely Claims African American Unemployment Is Lowest Ever, Admits, ‘I Don’t Know Where That Stat Came From’",2026-06-05,Mediaite,https://www.mediaite.com/media/tv/trump-falsely-claims-african-american-unemployment-is-lowest-ever-admits-i-dont-know-where-that-stat-came-from/,,
It's not just you — healthcare deductibles are ballooning,2026-06-05,Marketplace.org,https://www.marketplace.org/episode/2026/06/05/its-not-just-you-healthcare-deductibles-are-ballooning,,
"S&P 500 sees $1.8 trillion wipeout, Nasdaq tallies biggest point drop on record: What investors need to know about Friday’s selloff",2026-06-05,MarketWatch,https://www.marketwatch.com/story/s-p-500-sees-1-8-trillion-wipeout-nasdaq-tallies-biggest-point-drop-on-record-heres-what-investors-need-to-know-about-fridays-selloff-4eb7b490,,
Tech stocks lead market bloodbath as fears of Fed rate hikes add to worries about the AI-fueled chip boom petering out,2026-06-05,Yahoo Entertainment,https://finance.yahoo.com/markets/stocks/articles/tech-stocks-lead-market-bloodbath-223323218.html,,
Trump takes victory lap on hiring surge and stock rally— vows gas will drop in 90 days when we ‘come out of Iran’,2026-06-05,New York Post,https://nypost.com/2026/06/05/us-news/trump-takes-victory-lap-on-hiring-surge-vows-gas-will-drop-in-90-days-when-we-come-out-of-iran/,,
"Markets have worst day since October as tech stocks lead the way down, traders lose hope of rate cut",2026-06-05,Fortune,https://fortune.com/2026/06/05/auto-draft-5/,,
Dollar Gains After Hot Jobs Data as Traders Price In Rate Hikes,2026-06-05,Financial Post,https://financialpost.com/pmn/business-pmn/dollar-gains-after-hot-jobs-data-as-traders-price-in-rate-hikes,,
The U.S. Economy Is Proving Remarkably Resilient,2026-06-05,Foreign Policy,http://foreignpolicy.com/2026/06/05/us-jobs-report-trump-economy-iran-energy-tariffs/,,
Hot jobs report puts Fed cuts further out of reach as Chair Warsh faces policy tests,2026-06-05,CNBC,https://www.cnbc.com/2026/06/05/hot-jobs-report-puts-fed-cuts-further-out-of-reach-as-chair-warsh-faces-policy-tests.html,,
US Bonds Slide as Strong Jobs Data Fuels Bets on 2026 Fed Hike,2026-06-05,Financial Post,https://financialpost.com/pmn/business-pmn/us-bonds-slide-as-strong-jobs-data-fuels-bets-on-2026-fed-hike,,
"Nasdaq, S&P 500 suffer worst day of year as AI stocks tumble and Fed rate-hike odds rise | CNN Business",2026-06-05,CNN,https://www.cnn.com/2026/06/05/markets/stock-market-sell-off-fed,,
"The U.S. adds 172,000 jobs as the labor market picks up steam",2026-06-05,NPR,https://www.npr.org/2026/06/05/nx-s1-5847669/jobs-labor-market-unemployment-wages-inflation,,
"AI fever spreads, but are markets masking economic cracks?",2026-06-05,The Times of India,https://economictimes.indiatimes.com/tech/artificial-intelligence/ai-fever-spreads-but-are-markets-masking-economic-cracks/articleshow/131534229.cms,,
Nasdaq Drops Nearly 2% on Chip Selloff and Strong Jobs Data Fueling Hawkish Fed Outlook,2026-06-05,Ibtimes.com.au,https://www.ibtimes.com.au/nasdaq-tumbles-ai-stock-selloff-strong-jobs-report-1870191,,
Russell 2000 Drops 1.66% as Small-Cap Stocks Face Pressure From Tech Selloff and Jobs Data,2026-06-05,Ibtimes.com.au,https://www.ibtimes.com.au/russell-2000-index-drops-tech-selloff-strong-jobs-data-1870198,,
"Why is the US stock market down today? Dow Jones, S&P 500 and Nasdaq crash big as strong jobs report, rising Treasury yields and AI stock selloff shake Wall Street — here are today's biggest gainers and losers",2026-06-05,The Times of India,https://economictimes.indiatimes.com/news/international/us/why-is-the-us-stock-market-down-today-dow-jones-sp-500-and-nasdaq-crash-big-as-strong-jobs-report-rising-treasury-yields-and-ai-stock-selloff-shake-wall-street-here-are-todays-biggest-gainers-and-losers/articleshow/131537800.cms,,
VIX Spikes Over 6% as Tech Selloff and Strong Jobs Data Heighten Market Uncertainty,2026-06-05,Ibtimes.com.au,https://www.ibtimes.com.au/vix-surge-highlights-market-volatility-tech-stock-pullback-1870204,,
Job Market Notches Third Straight Month of Solid Growth,2026-06-05,Daily Signal,https://www.dailysignal.com/2026/06/05/job-market-third-month-growth/,,
Why Are Investors Turning Bullish on Littelfuse (LFUS)?,2026-06-05,Yahoo Entertainment,https://finance.yahoo.com/markets/stocks/articles/why-investors-turning-bullish-littelfuse-152802116.html,,
Bitcoin (BTC USD) price fell 15% and Ethereum (ETH USD) dropped to lowest level since April 2025 - here are the reasons why crypto market is crashing this week,2026-06-05,The Times of India,https://economictimes.indiatimes.com/news/international/us/bitcoin-btc-usd-price-fell-15-and-ethereum-eth-usd-dropped-to-lowest-level-since-april-2025-here-are-the-reasons-why-crypto-market-is-crashing-this-week/articleshow/131535141.cms,,
‘Oh?’ Jim Cramer Not Buying Trump Official’s Claim ‘We Care’ About Americans Struggling to Buy Food,2026-06-05,Mediaite,https://www.mediaite.com/media/news/oh-jim-cramer-not-buying-trump-officials-claim-we-care-about-americans-struggling-to-buy-food/,,
Traders fully bet on Fed rate hike this year after jobs data,2026-06-05,Financial Post,https://financialpost.com/news/economy/traders-bet-on-fed-rate-hike,,
S&P 500 Slips Over 1% as Tech Weakness and Strong Jobs Data Fuel Rate Concerns,2026-06-05,Ibtimes.com.au,https://www.ibtimes.com.au/sp-500-falls-strong-jobs-report-rate-cut-concerns-1870200,,
Gold And Silver Hit Lowest Prices In Months After Strong Jobs Report,2026-06-05,Forbes,https://www.forbes.com/sites/conormurray/2026/06/05/gold-and-silver-hit-lowest-prices-in-months-after-strong-jobs-report/,,
Stocks fall as strong jobs data fuels rate hike bets; oil set for weekly gain,2026-06-05,Yahoo Entertainment,https://finance.yahoo.com/markets/stocks/articles/stocks-drop-ai-rally-pauses-013941709.html,,
"S&P 500 could end 9-week winning streak, Dow and Nasdaq fall - here are reasons why US stock market is down today June 5",2026-06-05,The Times of India,https://economictimes.indiatimes.com/news/international/us/sp-500-could-end-9-week-winning-streak-dow-and-nasdaq-fall-here-are-reasons-why-us-stock-market-is-down-today-june-5/articleshow/131536402.cms,,
Stocks sink as interest rate hike worries rattle tech amid nonstop AI spending,2026-06-05,NBC News,https://www.nbcnews.com/business/markets/tech-stocks-sink-rcna348684,,
Odds of a Fed hike this year jump on prediction markets,2026-06-05,CNBC,https://www.cnbc.com/2026/06/05/odds-of-a-fed-hike-this-year-jump-on-prediction-markets-.html,,
"Wall St slides as chip stocks fall, jobs data fuels hawkish Fed fears",2026-06-05,Yahoo Entertainment,https://finance.yahoo.com/markets/stocks/articles/nasdaq-p-futures-decline-semiconductors-110740283.html,,
The deficit climbing by $3.4 trillion is keeping your mortgage rate at 6.48% — not the Fed,2026-06-05,Fortune,https://fortune.com/2026/06/05/why-are-mortgage-rates-high-trump-bill-immigration-treasury-fed/,,
"Bitcoin price craters to $60,000 as BTC bulls get jobs report they were hoping to avoid",2026-06-05,CryptoSlate,https://cryptoslate.com/bitcoin-price-craters-below-60000-as-btc-bulls-get-jobs-report-they-were-hoping-to-avoid/,,
Bitcoin teases 'seller exhaustion' as BTC price downside reaches $60.3K,2026-06-05,Cointelegraph,https://cointelegraph.com/markets/bitcoin-approaches-60k,,
Hot jobs data strengthens the dollar and crushes crypto’s rate-cut hopes,2026-06-05,Crypto Briefing,https://cryptobriefing.com/jobs-data-crushes-crypto-rate-cut-hopes/,,
"A market-beating day-trader says stocks at record highs aren't a reason to sell, but he's wary of one key market signal",2026-06-06,Business Insider,https://www.businessinsider.com/day-trader-top-advice-investing-strategy-stock-market-outlook-2026-6,,
"Dollar firms after strong US jobs data, pushes yen through 160 level",2026-06-06,The Times of India,https://economictimes.indiatimes.com/markets/forex/forex-news/dollar-firms-after-strong-us-jobs-data-pushes-yen-through-160-level/articleshow/131545208.cms,,
It's So Over for Crypto,2026-06-06,Jezebel,https://www.jezebel.com/its-so-over-for-crypto,,
European Central Bank expected to raise rates twice as inflation climbs toward 3%,2026-06-06,Crypto Briefing,https://cryptobriefing.com/ecb-rate-hikes-inflation-2026/,,
US stocks slump as fears over Big Tech shake Wall Street,2026-06-06,BBC News,https://www.bbc.co.uk/news/articles/cwy2yq0dj58o,,
Bitcoin ETFs shed $1.7B in a week as rate hike fears mount,2026-06-06,Crypto Briefing,https://cryptobriefing.com/bitcoin-etfs-shed-1-7b-a-week-rate-hike-fears-mount/,,
US stock market crash explained: Why did Nasdaq plunge 4% to log worst day in over a year,2026-06-06,The Times of India,https://economictimes.indiatimes.com/markets/us-stocks/news/us-stock-market-crash-explained-why-did-nasdaq-plunge-4-to-record-the-worst-day-since-april-2025/articleshow/131544287.cms,,
Nasdaq suffers biggest drop since April 2025 as chip stocks lead selloff,2026-06-06,BusinessLine,https://www.thehindubusinessline.com/markets/nasdaq-suffers-biggest-drop-since-april-2025-as-chip-stocks-lead-selloff/article71068392.ece,,
PRECIOUS-Gold falls about 3% as robust US jobs data cements bets on higher rates,2026-06-06,The Times of India,https://economictimes.indiatimes.com/markets/commodities/news/precious-gold-falls-about-3-as-robust-us-jobs-data-cements-bets-on-higher-rates/articleshow/131544159.cms,,
Wall Street Week Ahead: Blockbuster SpaceX IPO set to test high-flying US stocks rally,2026-06-06,The Times of India,https://economictimes.indiatimes.com/markets/us-stocks/news/wall-street-week-ahead-blockbuster-spacex-ipo-set-to-test-high-flying-us-stocks-rally/articleshow/131543830.cms,,
Gold falls most in two months as jobs fuel Fed rate-hike bets,2026-06-06,Bloomberg,https://www.bloomberg.com/news/articles/2026-06-04/gold-steadies-as-uncertainty-surrounds-progress-in-us-iran-talks,,
Amundi sees further growth in Asia’s AI-led stock boom amid Fed risks,2026-06-06,Crypto Briefing,https://cryptobriefing.com/amundi-asia-ai-stock-boom-fed-risks/,,
"Best CD rates today, Saturday, June 6, 2026: Best account provides 4% APY",2026-06-06,Yahoo Entertainment,https://finance.yahoo.com/personal-finance/banking/article/best-cd-rates-today-saturday-june-6-2026-100000896.html,,
"My 38-Year-Old Sister Has $94,000 Invested. I'm 28 and Have $0. I Finally Asked Her What I Was Missing",2026-06-06,Yahoo Entertainment,https://finance.yahoo.com/markets/stocks/articles/38-old-sister-94-000-000112518.html,,
"Gold Rate Today: Check the live price of 22K, 24K and 18K gold prices on 6 June 2026 in Mumbai, Delhi, Bengaluru, cities",2026-06-06,Livemint,https://www.livemint.com/money/personal-finance/gold-rate-today-check-live-gold-prices-22k-24k-18k-6-june-2026-mumbai-delhi-bengaluru-chennai-kolkata-hyderabad-cities-11780717241476.html,,
Could Americans Build Wealth Through AI? Why Trump May Be Considering Equity-Sharing Scheme,2026-06-06,Forbes,https://www.forbes.com/sites/alisondurkee/2026/06/06/could-americans-build-wealth-through-ai-why-trump-may-be-considering-equity-sharing-scheme/,,
Copper and base metals decline ahead of crucial US jobs report,2026-06-06,Crypto Briefing,https://cryptobriefing.com/copper-base-metals-decline-us-jobs-report/,,
"US government anticipates slower, steady job growth in May",2026-06-06,Crypto Briefing,https://cryptobriefing.com/us-job-growth-may-crypto-impact/,,
"Woman finds mom’s 2006 Walmart bill with 79 items for only $161.87 — includes salmon, shrimp. Could you afford that now?",2026-06-06,Yahoo Entertainment,https://finance.yahoo.com/economy/articles/woman-finds-mom-2006-walmart-110500431.html,,
"Nasdaq, S&P 500 suffer worst day of year, as AI stocks tumble, Fed rate-hike odds rise",2026-06-06,RNZ,https://www.rnz.co.nz/news/business/597451/nasdaq-s-and-p-500-suffer-worst-day-of-year-as-ai-stocks-tumble-fed-rate-hike-odds-rise,,
Federal Reserve’s Hammack signals rate hikes could be on the table as inflation stays sticky,2026-06-06,Crypto Briefing,https://cryptobriefing.com/fed-hammack-rate-hike-signal-inflation/,,
U.S. mortgage rates are staying high – and the Federal Reserve can do little about it,2026-06-06,PBS,https://www.pbs.org/newshour/economy/u-s-mortgage-rates-are-staying-high-and-the-federal-reserve-can-do-little-about-it,,
AP Business SummaryBrief at 9:46 a.m. EDT,2026-06-06,Rutlandherald.com,https://www.rutlandherald.com/news/business/ap-business-summarybrief-at-9-46-a-m-edt/article_19f56e0a-253a-5c78-ad81-6f9fe0ac1f37.html,,
"US labor market adds 172,000 jobs in May, nearly doubling expectations",2026-06-06,Crypto Briefing,https://cryptobriefing.com/us-jobs-may-labor-market-crypto/,,
"US job market adds 172,000 jobs in May as hiring rebounds, rattling crypto markets",2026-06-06,Crypto Briefing,https://cryptobriefing.com/us-jobs-report-may-crypto-impact/,,
"Spot gold extends losses, falls over 3% to $4,336 per ounce as strong jobs data rattles markets",2026-06-06,Crypto Briefing,https://cryptobriefing.com/spot-gold-falls-3-percent-jobs-data/,,
Billionaire Ray Dalio issues stunning verdict on U.S. national debt,2026-06-06,TheStreet,https://www.thestreet.com/economy/billionaire-ray-dalio-issues-stunning-verdict-on-u-s-national-debt,,
Bitcoin most oversold since 2020 crash: Can BTC rebound to $70K next?,2026-06-06,Cointelegraph,https://cointelegraph.com/markets/bitcoin-most-oversold-since-2020-crash-can-btc-rebound-to-70k-next,,
"Barr, Deregulating in a Financial Boom: What Could Go Wrong?",2026-06-06,Federalreserve.gov,https://www.federalreserve.gov/newsevents/speech/barr20260606a.htm,,
"May jobs report explained: Why 172,000 jobs means higher rates, pricier loans, and a Bitcoin drop",2026-06-06,CryptoSlate,https://cryptoslate.com/may-jobs-report-explained-why-172000-jobs-means-higher-rates-pricier-loans-and-a-bitcoin-drop/,,
US stocks slump as fears over Big Tech shake Wall Street,2026-06-06,BBC News,https://www.bbc.com/news/articles/cwy2yq0dj58o?xtor=AL-72-%5Bpartner%5D-%5Byahoo.north.america%5D-%5Bheadline%5D-%5Bnews%5D-%5Bbizdev%5D-%5Bisapi%5D,,
"US jobs beat expectations, easing Fed rate cut pressure",2026-06-06,Crypto Briefing,https://cryptobriefing.com/us-jobs-beat-expectations-easing-fed-rate-cut-pressure/,,
"Weak US jobs report could trigger rally for bond traders, but May data told a different story",2026-06-06,Crypto Briefing,https://cryptobriefing.com/weak-jobs-report-bond-rally-crypto-impact/,,
Deregulating In A Financial Boom: Why Governor Barr Is Right,2026-06-06,Forbes,https://www.forbes.com/sites/mayrarodriguezvalladares/2026/06/06/deregulating-in-a-financial-boom-why-governor-barr-is-right/,,
'A splash of cold water': Wall Street gauges pause in AI trade,2026-06-07,Yahoo Entertainment,https://finance.yahoo.com/markets/article/a-splash-of-cold-water-wall-street-gauges-pause-in-ai-trade-114012907.html,,
Emkay Wealth sees more upside in gold and silver — How much should you invest?,2026-06-07,Livemint,https://www.livemint.com/money/emkay-wealth-sees-more-upside-in-gold-and-silver-how-much-should-you-invest-11780826910368.html,,
How this week’s inflation data and interest rates affect your money,2026-06-07,USA Today,https://www.usatoday.com/story/money/personalfinance/2026/06/07/inflation-cpi-ppi-interest-rates/90385100007/,,
"Analysts see West Asia tensions, crude prices and FII flows driving markets",2026-06-07,BusinessLine,https://www.thehindubusinessline.com/markets/analysts-see-west-asia-tensions-crude-prices-and-fii-flows-driving-markets/article71072716.ece,,
Ahead of Market: 10 things that will decide D-Street action on Monday,2026-06-07,The Times of India,https://economictimes.indiatimes.com/markets/stocks/news/ahead-of-market-10-things-that-will-decide-d-street-action-on-monday/articleshow/131564578.cms,,
Citigroup economists maintain forecast for Fed rate cuts amid strong US jobs data,2026-06-07,Crypto Briefing,https://cryptobriefing.com/citigroup-fed-rate-cuts-forecast-jobs-data/,,
"US economy adds 172,000 jobs in May as Fed holds rates at 3.5%-3.75%",2026-06-07,Crypto Briefing,https://cryptobriefing.com/us-jobs-report-may-fed-rates-steady/,,
"US consumer credit rises to $20.7B in September, blowing past $18B forecast",2026-06-07,Crypto Briefing,https://cryptobriefing.com/us-consumer-credit-rises-surpasses-forecast/,,
A Stock Trader’s Guide to the Start of ECB Interest Rate Hikes,2026-06-07,Financial Post,https://financialpost.com/pmn/business-pmn/a-stock-traders-guide-to-the-start-of-ecb-interest-rate-hikes,,
"U.S. Oil Shocks Have Muted Impact on Employment, Fed Study Finds",2026-06-07,Naturalnews.com,https://www.naturalnews.com/2026-06-07-fed-study-oil-shocks-muted-impact-employment.html,,
"US Financial Conditions Index falls to -1.75, lowest in 2.5 years",2026-06-07,Crypto Briefing,https://cryptobriefing.com/us-financial-conditions-index-falls-lowest/,,
"Micron, Marvell shares tumble as chip sector faces worst day in six years",2026-06-07,Crypto Briefing,https://cryptobriefing.com/chip-sector-worst-day-six-years/,,
"US stocks plunge as strong jobs data fuels rate hike fears, dragging Bitcoin below $62K",2026-06-07,Crypto Briefing,https://cryptobriefing.com/us-stocks-plunge-jobs-data-rate-hike-fears/,,
"100 days into Iran war, Americans face higher prices",2026-06-07,Al Jazeera English,https://www.aljazeera.com/economy/2026/6/7/100-days-into-iran-war-americans-face-higher-prices,,
"FIIs, weak global cues among 5 factors that could keep D-St under pressure this week",2026-06-07,The Times of India,https://economictimes.indiatimes.com/markets/stocks/news/fiis-weak-global-cues-among-5-factors-that-could-keep-d-st-under-pressure-this-week/articleshow/131561835.cms,,
NASDAQ posts biggest point drop on record as S&P 500 sheds $1.8T in brutal selloff,2026-06-07,Crypto Briefing,https://cryptobriefing.com/nasdaq-record-drop-sp500-selloff/,,
"Ray Dalio Says US Is 'Past The Point Of No Return' On Debt, Sees 1930s-Style 'Financial Repression' Coming",2026-06-07,Yahoo Entertainment,https://finance.yahoo.com/economy/policy/articles/ray-dalio-says-us-past-143205353.html,,
Gold Holds Decline as Iran Attacks Threatens Mideast Ceasefire,2026-06-07,Financial Post,https://financialpost.com/pmn/business-pmn/gold-holds-decline-as-iran-attacks-threatens-mideast-ceasefire,,
"Markets face triple threat of Iran war reigniting, AI bubble popping, and Fed rates rising while epic SpaceX IPO could fuel even more chaos",2026-06-07,Fortune,https://fortune.com/2026/06/07/stock-market-today-dow-futures-iran-war-ai-bubble-fed-rates-spacex-ipo/,,
US-traded chipmakers lose $1.3T in market value as semiconductor sell-off rattles crypto markets,2026-06-07,Crypto Briefing,https://cryptobriefing.com/chipmakers-lose-1-3t-market-value/,,
Bond Traders Bet on a CPI Surge That Bolsters Case for Fed Pivot,2026-06-07,Financial Post,https://financialpost.com/pmn/business-pmn/bond-traders-bet-on-a-cpi-surge-that-bolsters-case-for-fed-pivot,,
Trump says Fed rate increase would be wrong ahead of Warsh debut,2026-06-07,Fortune,https://fortune.com/2026/06/07/trump-fed-rate-increase-kevin-warsh-fomc-meeting-debut/,,
Here’s the biggest news you missed this weekend,2026-06-07,NBC News,https://www.nbcnews.com/news/us-news/weekend-rundown-june-7-rcna348569,,
Wall Street ends nine-week winning streak as tech stocks plunge,2026-06-07,Crypto Briefing,https://cryptobriefing.com/wall-street-winning-streak-ends-tech-plunge/,,
The Affordability Crisis Is a Sovereign Debt Problem,2026-06-07,Shtfplan.com,https://www.shtfplan.com/economics/the-affordability-crisis-is-a-sovereign-debt-problem,,
"US labor market adds 172,000 jobs in May, but job seekers face longer unemployment",2026-06-07,Crypto Briefing,https://cryptobriefing.com/us-jobs-report-may-bitcoin-impact/,,
Barclays Sees Growing Risk of Pause in AI-Led Technology Stock Surge,2026-06-07,Advfn.com,https://investorshub.advfn.com/market-news/article/29932/barclays-sees-growing-risk-of-pause-in-ai-led-technology-stock-surge,,
S&P 500 sheds $1.8T as Nasdaq records its biggest single-day point drop ever,2026-06-07,Crypto Briefing,https://cryptobriefing.com/sp500-nasdaq-record-drop-crypto/,,
Trump says Fed chair should ‘do whatever he wants’ but criticizes possible interest rate hikes,2026-06-07,NBC News,https://www.nbcnews.com/politics/white-house/trump-fed-chair-kevin-warsh-criticizes-interest-rate-hike-rcna348848,,
NASDAQ Composite drops 4% as Wall Street reacts to strong jobs report and rising rates,2026-06-07,Crypto Briefing,https://cryptobriefing.com/nasdaq-drops-4-percent-jobs-report-rates/,,
From AI Optimism to Monetary Tightening Concerns: What China’s Market Drop Signals | Business,2026-06-08,Devdiscourse,https://www.devdiscourse.com/article/business/3931722-from-ai-optimism-to-monetary-tightening-concerns-what-chinas-market-drop-signals,,
"Silver Price Today, June 8, 2026: Check Latest Rates of White Metal in Delhi, Mumbai, Chennai and Other Major Cities",2026-06-08,LatestLY,https://www.latestly.com/business/silver-price-today-june-8-2026-check-latest-rates-of-white-metal-in-delhi-mumbai-chennai-and-other-major-cities-7463684.html,,
US dollar hits two-month high amid Fed rate hike speculation,2026-06-08,Crypto Briefing,https://cryptobriefing.com/us-dollar-hits-two-month-high-amid-fed-rate-hike-speculation/,,
‘Yet another way in which 2026 is looking like 1999’: Top analyst fears bubble popping with investors and Wall Street out over their skis,2026-06-08,Yahoo Entertainment,https://finance.yahoo.com/markets/stocks/articles/yet-another-way-2026-looking-060000047.html,,
‘Yet another way in which 2026 is looking like 1999’: Top analyst fears bubble popping with investors and Wall Street out over their skis,2026-06-08,Fortune,https://fortune.com/2026/06/08/ai-boom-tech-stocks-bubble-fears-earnings-growth-chipmakers-ipo/,,
Strong U.S. Jobs Report Fuels Expectations of Federal Reserve Rate Hike by Year-End,2026-06-08,Naturalnews.com,https://www.naturalnews.com/2026-06-08-us-jobs-report-fuels-expectations-of-rate-hike.html,,
Aussie dollar dives to two-month low amid interest rate fears,2026-06-08,ABC News (AU),https://www.abc.net.au/news/2026-06-08/australian-dollar-hits-two-month-low-as-us-interest-rates-rise/106773324,,
Dollar scales two-month peak as Fed hike bets ramp up,2026-06-08,Yahoo Entertainment,https://finance.yahoo.com/news/dollar-hits-two-month-peak-040907965.html,,
"Stocks, Bonds Fall as Mideast Strikes Lift Oil: Markets Wrap",2026-06-08,Financial Post,https://financialpost.com/pmn/business-pmn/stocks-bonds-fall-as-mideast-strikes-lift-oil-markets-wrap,,
"Stock market today: Dow, S&P 500, Nasdaq jump as chip stocks rebound, Iran and Israel exchange strikes",2026-06-08,Yahoo Entertainment,https://finance.yahoo.com/markets/live/stock-market-today-monday-june-8-dow-sp-500-nasdaq-jump-085310403.html,,
"Tumbling tech puts brakes on AI rally, Middle East escalation lifts oil",2026-06-08,Yahoo Entertainment,https://finance.yahoo.com/markets/world-indices/articles/asia-markets-brace-selling-tech-234406406.html,,
Goldman Sachs delays Fed rate-cut forecast to 2027 amid strong US jobs data,2026-06-08,Crypto Briefing,https://cryptobriefing.com/goldman-sachs-delays-fed-rate-cut-forecast-to-2027-amid-strong-us-jobs-data/,,
Asian shares drop after plunge in Big Tech stocks gives Wall St its worst day in months,2026-06-08,BusinessLine,https://www.thehindubusinessline.com/markets/asian-shares-drop-after-plunge-in-big-tech-stocks-gives-wall-st-its-worst-day-in-months/article71075779.ece,,
US Central Command shoots down two Iranian drones threatening maritime traffic in Strait of Hormuz,2026-06-08,Crypto Briefing,https://cryptobriefing.com/us-shoots-down-iranian-drones-strait-hormuz/,,
"Global markets: Europe's STOXX 600 hits two-week low on Mideast escalation, AI jitters",2026-06-08,The Times of India,https://economictimes.indiatimes.com/markets/us-stocks/news/global-markets-europes-stoxx-600-hits-two-week-low-on-mideast-escalation-ai-jitters/articleshow/131583304.cms,,
ECB to hike rates as Mideast war pushes up inflation,2026-06-08,Hurriyet Daily News,https://www.hurriyetdailynews.com/ecb-to-hike-rates-as-mideast-war-pushes-up-inflation-223018,,
"Stock market today: Dow, S&P 500, Nasdaq futures mixed as oil rises after Iran and Israel exchange strikes",2026-06-08,Yahoo Entertainment,https://finance.yahoo.com/markets/live/stock-market-today-dow-sp-500-nasdaq-futures-mixed-as-oil-rises-after-iran-and-israel-exchange-strikes-085310526.html,,
"Gold drops ₹1,100, silver extends slide as oil surge stokes inflation fears",2026-06-08,BusinessLine,https://www.thehindubusinessline.com/markets/gold/gold-drops-1100-silver-extends-slide-as-oil-surge-stokes-inflation-fears/article71075940.ece,,
"Middle East tensions, AI concerns and Apple’s developer event dominate market attention: Dow Jones, S&P, Nasdaq, Wall Street Futures",2026-06-08,Advfn.com,https://investorshub.advfn.com/market-news/article/29948/middle-east-tensions-ai-concerns-and-apples-developer-event-dominate-market-attention-dow-jones-sp-nasdaq-wall-street-futures,,
"U.S. inflation, European Central Bank rate decision: Crypto Week Ahead",2026-06-08,CoinDesk,https://www.coindesk.com/markets/2026/06/08/u-s-inflation-european-central-bank-rate-decision-crypto-week-ahead,,
"Global markets: Japan's Nikkei slumps, yen trades above 160 level on tech, Gulf concerns",2026-06-08,The Times of India,https://economictimes.indiatimes.com/markets/us-stocks/news/global-markets-japans-nikkei-slumps-yen-trades-above-160-level-on-tech-gulf-concerns/articleshow/131582429.cms,,
"TCS shares slip 2%, down 12% in 4 straight sessions. What’s triggering the decline?",2026-06-08,The Times of India,https://economictimes.indiatimes.com/markets/stocks/news/tcs-shares-tumble-2-down-12-in-4-straight-sessions-whats-triggering-the-decline/articleshow/131579402.cms,,
Goldman Sachs no longer expects Fed interest-rate cut this year,2026-06-08,Bloomberg,https://www.bloomberg.com/news/articles/2026-06-07/goldman-sachs-no-longer-expects-fed-interest-rate-cut-this-year-mq44uu26,,
Circuit breakers triggered as South Korean market craters nearly 9%,2026-06-08,The Irish Times,https://www.irishtimes.com/business/markets/2026/06/08/circuit-breakers-triggered-as-south-korean-market-craters-nearly-9/,,
Gold slides to 11-week low as Fed rate expectations and oil rally pressure bullion,2026-06-08,Advfn.com,https://investorshub.advfn.com/market-news/article/29950/gold-slides-to-11-week-low-as-fed-rate-expectations-and-oil-rally-pressure-bullion,,
Dollar climbs to two-month peak as Fed hike bets ramp up,2026-06-08,The Times of India,https://economictimes.indiatimes.com/markets/forex/dollar-climbs-to-two-month-peak-as-fed-hike-bets-ramp-up/articleshow/131576154.cms,,
"Asian stocks sink amid tech sell-off, rising oil prices and rate hike fears",2026-06-08,BusinessLine,https://www.thehindubusinessline.com/markets/asian-stocks-sink-amid-tech-sell-off-rising-oil-prices-and-rate-hike-fears/article71074960.ece,,
Seoul leads steep Asian losses as AI-led tech rally hits wall,2026-06-08,CNA,https://www.channelnewsasia.com/east-asia/seoul-leads-steep-asian-losses-ai-led-tech-rally-hits-wall-6168176,,
Rout in Seoul stocks leads Asian losses as AI tech rally hits wall,2026-06-08,CNA,https://www.channelnewsasia.com/east-asia/rout-in-seoul-stocks-leads-asian-losses-ai-tech-rally-hits-wall-6168176,,
Policy moves have been made to secure India’s economy on the external front—will they suffice?,2026-06-08,Livemint,https://www.livemint.com/opinion/online-views/policy-india-economy-external-front-rbi-reserve-bank-of-india-fiscal-monetary-capital-inflows-11780838039872.html,,
Gold extends losses on US interest rate-hike fears,2026-06-08,The Times of India,https://economictimes.indiatimes.com/markets/commodities/news/gold-extends-losses-on-us-interest-rate-hike-fears/articleshow/131576494.cms,,
Seoul leads steep Asian losses as AI-led tech rally hits wall,2026-06-08,Digital Journal,https://www.digitaljournal.com/article/seoul-leads-steep-asian-losses-as-ai-led-tech-rally-hits-wall/,,
What Revolving Credit’s 10.4% Growth Says About Consumer Resilience,2026-06-08,pymnts.com,https://www.pymnts.com/consumer-finance/2026/what-revolving-credits-10-4-growth-says-about-consumer-resilience/,,
ECB to hike rates as Mideast war pushes up inflation,2026-06-08,The Times of India,https://economictimes.indiatimes.com/markets/stocks/news/ecb-to-hike-rates-as-mideast-war-pushes-up-inflation/articleshow/131577416.cms,,
"Rupee, bonds to extend rally on RBI's capital inflows salvo",2026-06-08,BusinessLine,https://www.thehindubusinessline.com/markets/rupee-bonds-to-extend-rally-on-rbis-capital-inflows-salvo/article71075010.ece,,
Asia markets tumble as tech rout deepens,2026-06-08,The Times of India,https://economictimes.indiatimes.com/markets/stocks/news/asia-markets-tumble-as-tech-rout-deepens/articleshow/131576049.cms,,
"Silver prices tank Rs 5,500/kg, gold down Rs 1,800/10 gm as Israel attacks, rising crude trigger panic. Should you sell?",2026-06-08,The Times of India,https://economictimes.indiatimes.com/markets/commodities/news/silver-prices-tank-rs-5500/kg-gold-down-rs-1800/10-gm-as-israel-attacks-rising-crude-trigger-panic-should-you-sell/articleshow/131577927.cms,,
"Why is market crashing today? Sensex plunges 800 points, Nifty below 23,100. 6 factors behind bloodbath on D-Street",2026-06-08,The Times of India,https://economictimes.indiatimes.com/markets/stocks/news/why-is-market-crashing-today-sensex-plunges-800-points-nifty-below-23100-6-factors-behind-bloodbath-on-d-street/articleshow/131577901.cms,,
"Bitcoin drops below $60,000 for first time since 2024 election",2026-06-08,Crypto Briefing,https://cryptobriefing.com/bitcoin-drops-below-60000-since-election/,,
"Nasdaq rout, Kospi crash drag Sensex, Nifty over 1% lower amid oil spike, West Asia tensions",2026-06-08,BusinessLine,https://www.thehindubusinessline.com/markets/nasdaq-rout-kospi-crash-drag-sensex-nifty-over-1-lower-amid-oil-spike-west-asia-tensions/article71075122.ece,,
ASX 200 Drops 0.7% as Miners and Banks Weigh on Australian Shares,2026-06-08,Ibtimes.com.au,https://www.ibtimes.com.au/asx-200-dips-mining-financial-weakness-1870291,,
Gold extends losses on US interest rate-hike fears,2026-06-08,BusinessLine,https://www.thehindubusinessline.com/markets/gold/gold-extends-losses-on-us-interest-rate-hike-fears/article71075164.ece,,
Goldman Sachs pushes Fed rate-cut call to 2027 on strong US jobs data,2026-06-08,The Times of India,https://economictimes.indiatimes.com/markets/us-stocks/news/goldman-sachs-pushes-fed-rate-cut-call-to-2027-on-strong-us-jobs-data/articleshow/131578828.cms,,
"The enigma of Pavlos, the grumbling and the candidates, Samaras’ names, Panos Germanos’ confession, from Koukaki squatters to a grand hotel",2026-06-08,Protothema.gr,https://en.protothema.gr/2026/06/08/the-enigma-of-pavlos-the-grumbling-and-the-candidates-samaras-names-panos-germanos-confession-from-koukaki-squatters-to-a-grand-hotel/,,
"Indian stocks and rupee fall on global selloff, further escalation in West Asia",2026-06-08,The Indian Express,https://indianexpress.com/article/business/indian-stocks-rupee-fall-west-asia-tensions-global-selloff-10729169/,,
"Wipro, TCS drag Nifty IT 2% lower after Nasdaq crash, AI selloff",2026-06-08,BusinessLine,https://www.thehindubusinessline.com/markets/wipro-tcs-drag-nifty-it-2-lower-after-nasdaq-crash-ai-selloff/article71075257.ece,,
"Rupee slumps as elevated crude, Treasury yields support dollar",2026-06-08,BusinessLine,https://www.thehindubusinessline.com/markets/forex/rupee-slumps-as-elevated-crude-treasury-yields-support-dollar/article71076148.ece,,
Copper Rebounds From Friday Slump on China-Buying and US Flows,2026-06-08,Financial Post,https://financialpost.com/pmn/business-pmn/copper-rebounds-from-friday-slump-on-china-buying-and-us-flows,,
"Rupee slumps as elevated crude, Treasury yields support dollar",2026-06-08,The Times of India,https://economictimes.indiatimes.com/markets/forex/forex-news/rupee-slumps-as-elevated-crude-treasury-yields-support-dollar/articleshow/131586144.cms,,
May home sales soared. Pending contracts tell a different story,2026-06-08,Inman,https://www.inman.com/2026/06/08/may-home-sales-soared-pending-contracts-tell-a-different-story/,,
"Dollar Is Best Bet in New Global Regime of High Rates, BMO Says",2026-06-08,Financial Post,https://financialpost.com/pmn/business-pmn/dollar-is-best-bet-in-new-global-regime-of-high-rates-bmo-says,,
"U.S. dollar is best bet in new global regime of high rates, BMO says",2026-06-08,Financial Post,https://financialpost.com/news/economy/dollar-is-best-bet-high-rates-regime-bmo,,
The AI trade’s worst day in a year became a buying opportunity by Monday,2026-06-08,Yahoo Entertainment,https://finance.yahoo.com/markets/stocks/articles/ai-trade-worst-day-became-165833957.html,,
The AI trade’s worst day in a year became a buying opportunity by Monday,2026-06-08,Fortune,https://fortune.com/2026/06/08/ai-rally-chipmakers-treasury-yields-spacex-ipo/,,
"Worker Confidence Rises as Americans’ Inflation Expectations Fall, NY Fed Survey Shows",2026-06-08,Breitbart News,https://www.breitbart.com/economy/2026/06/08/worker-confidence-rises-as-americans-inflation-expectations-fall-ny-fed-survey-shows/,,
Nearly half of Americans say they're worse off financially than a year ago,2026-06-08,CBS News,https://www.cbsnews.com/news/americans-worse-off-financially-year-ago-fed-survey/,,
We still need cash in ATManirbhar Bharat,2026-06-08,The Times of India,https://economictimes.indiatimes.com/opinion/et-editorial/we-still-need-cash-in-atmanirbhar-bharat/articleshow/131593762.cms,,
What's a good mortgage interest rate this June?,2026-06-08,CBS News,https://www.cbsnews.com/news/whats-good-mortgage-interest-rate-june-2026/,,
"Bitcoin (BTC USD) crashes 50% from October 2025 high, ETFs lose billions, and $1.8 billion gets liquidated - reasons why this crypto selloff is different from 2022 and 2018",2026-06-08,The Times of India,https://economictimes.indiatimes.com/news/international/us/bitcoin-btc-usd-crashes-50-from-october-2025-high-etfs-lose-billions-and-1-8-billion-gets-liquidated-reasons-why-this-crypto-selloff-is-different-from-2022-and-2018/articleshow/131590983.cms,,
Is Today’s Tech Rally the Beginning of a Powerful Stock Market “Summer Melt-Up” That Will See Stocks Soar?,2026-06-08,24/7 Wall St.,https://247wallst.com/investing/2026/06/08/is-todays-tech-rally-the-beginning-of-a-powerful-stock-market-summer-melt-up-that-will-see-stocks-soar/,,
The Hardest Asset On The Planet Finally Turns Soft,2026-06-08,Moby.co,https://app.moby.co/home/news/news-the-hardest-asset-on-the-planet-finally-turns-soft?utm_source=yahoo_finance&amp;utm_medium=rss,,
How much interest can a 6-month CD earn now?,2026-06-08,CBS News,https://www.cbsnews.com/news/how-much-interest-can-6-month-cd-earn-june-2026/,,
Budget Reconciliation Can Advance an American Opportunity Agenda,2026-06-08,Daily Signal,https://www.dailysignal.com/2026/06/08/reconciliation-american-opportunity-agenda/,,
The Bond Market Is Forcing the Fed to Cut Rates. But Wall Street CIO Says “The Semi Trade is Very Much Intact.”,2026-06-08,24/7 Wall St.,https://247wallst.com/investing/2026/06/08/the-bond-market-is-forcing-the-fed-to-cut-rates-but-wall-street-cio-says-the-semi-trade-is-very-much-intact/,,
Property and the budget ease pressure on the RBA,2026-06-08,ABC News (AU),https://www.abc.net.au/news/2026-06-09/interest-rates-rba-budget-pressures-economic-change/106771540,,
"Breitbart Business Digest: AI Anxiety and the Fed Are Scaring Workers, But the Labor Market Isn't",2026-06-08,Breitbart News,https://www.breitbart.com/economy/2026/06/08/breitbart-business-digest-ai-anxiety-and-the-fed-are-scaring-workers-but-the-labor-market-isnt/,,
"Stock market today: Dow, S&P 500, Nasdaq futures rise as AI trade takes center stage",2026-06-08,Yahoo Entertainment,https://finance.yahoo.com/news/live/stock-market-today-dow-sp-500-nasdaq-futures-rise-as-ai-trade-takes-center-stage-225640973.html,,
Gold Steadies After Israel and Iran Agree to End Missile Strikes,2026-06-08,Financial Post,https://financialpost.com/pmn/business-pmn/gold-steadies-after-israel-and-iran-agree-to-end-missile-strikes,,
Data Centers Are Plugging a Big Hole in the U.S. Construction Industry,2026-06-08,Commercial Observer,http://commercialobserver.com/2026/06/data-center-construction-overall-market-us/,,
Bond traders expect inflation surge to pressure Federal Reserve on rates,2026-06-08,Crypto Briefing,https://cryptobriefing.com/bond-traders-inflation-fed-rate-hikes/,,
"Fed Interest Rate cut prediction, date: What to expect from US Central Bank officials at Federal Reserve meeting?",2026-06-08,The Times of India,https://economictimes.indiatimes.com/news/international/us/fed-interest-rate-cut-prediction-date-what-to-expect-from-us-central-bank-officials-at-federal-reserve-meeting/articleshow/131591768.cms,,
Number of pessimistic Americans preparing for finances to worsen hits four-year peak,2026-06-08,Fox Business,https://www.foxbusiness.com/economy/americans-grow-more-pessimistic-about-finances-rent-food-cost-fears-surge-fed-says,,
"Prospects for Job Seekers Seen Worsening, NY Fed Survey Says",2026-06-08,Financial Post,https://financialpost.com/pmn/business-pmn/prospects-for-job-seekers-seen-worsening-ny-fed-survey-says,,
"The Warsh-Trump Honeymoon Is Officially Over. No Matter What Happens Next, the Stock Market Will Probably Lose",2026-06-08,24/7 Wall St.,https://247wallst.com/investing/2026/06/08/the-warsh-trump-honeymoon-is-officially-over-no-matter-what-happens-next-the-stock-market-will-probably-lose/,,
"Sensex, Nifty fall 1% as Nasdaq correction, West Asia tensions rattle markets",2026-06-08,BusinessLine,https://www.thehindubusinessline.com/markets/sensex-nifty-fall-1-as-nasdaq-correction-west-asia-tensions-rattle-markets/article71076313.ece,,
Nvidia signs multi-year memory chip deal with SK Hynix,2026-06-08,Quartz India,https://qz.com/nvidia-sk-hynix-memory-chip-deal-south-korea-stocks-060826,,
"Bitcoin Price Today: BTC fights for $63K as Iran ceasefire hopes, CPI data, and Fed decision loom—will Ethereum, XRP, and Solana surge after critical inflation data?",2026-06-08,The Times of India,https://economictimes.indiatimes.com/news/international/us/bitcoin-price-today-btc-price-prediction-market-analysis-btc-to-usd-live-news-june-2026-bitcoin-ethereum-xrp-solana-forecast/articleshow/131587562.cms,,
Oil prices are volatile with potential easing of violence after fire,2026-06-08,Boston Herald,https://www.bostonherald.com/2026/06/08/oil-prices-iran-war-violence/,,
Donald Trump piles pressure on Kevin Warsh with call for rate cut,2026-06-08,The Irish Times,https://www.irishtimes.com/business/2026/06/08/donald-trump-piles-pressure-on-kevin-warsh-with-call-for-rate-cut/,,
"Dow Jones Surges 259 Points to Close Above 51,000 as Markets Climb Broadly",2026-06-08,Ibtimes.com.au,https://www.ibtimes.com.au/dow-jones-surpasses-51000-economic-optimism-1870325,,
West Bengal's electronics factory push; Fed jitters hit TCS,2026-06-08,The Times of India,https://economictimes.indiatimes.com/tech/newsletters/tech-top-5/west-bengals-electronics-factory-push-fed-jitters-hit-tcs/articleshow/131589160.cms,,
US Stocks Rebound From Selloff as Nvidia Leads Big-Tech Gains,2026-06-08,Financial Post,https://financialpost.com/pmn/business-pmn/us-stocks-rebound-from-selloff-as-nvidia-leads-big-tech-gains,,
"Exxon CEO delivers blunt message on oil prices, economy",2026-06-08,TheStreet,https://www.thestreet.com/economy/exxon-ceo-delivers-blunt-message-on-oil-prices-economy,,
BTC price bottom not due until Q4? Five things to know in Bitcoin this week,2026-06-08,Cointelegraph,https://cointelegraph.com/markets/btc-price-bottom-not-due-until-q4-five-things-to-know-in-bitcoin-this-week,,
Trump says Fed rate increase would be wrong after jobs report,2026-06-08,Crypto Briefing,https://cryptobriefing.com/trump-fed-rate-increase-jobs-report/,,
"Blame bitcoin's tumble on rising inflation, not Strategy, 10xResearch argues",2026-06-08,CoinDesk,https://www.coindesk.com/markets/2026/06/08/blame-bitcoin-s-tumble-on-rising-inflation-not-strategy-10xresearch-argues,,
Dollar falls from highs after Iran halts Israel strikes; yen clings to 160/$,2026-06-08,CNA,https://www.channelnewsasia.com/business/dollar-falls-highs-after-iran-halts-israel-strikes-yen-clings-160-6168606,,
S&P 500 drops 2.64% as investors dump tech for healthcare and consumer staples,2026-06-08,Crypto Briefing,https://cryptobriefing.com/sp500-falls-tech-rotation-healthcare/,,
"Last week's stock plunge was a 'healthy reset' that sets up a fresh rally, Morgan Stanley says",2026-06-08,Business Insider,https://www.businessinsider.com/stock-market-outlook-bull-rally-strategy-tech-morgan-stanley-ndx-2026-6,,
Donald Trump pressures Kevin Warsh for interest rate cut as inflation hits three-year high,2026-06-08,Crypto Briefing,https://cryptobriefing.com/trump-pressures-warsh-interest-rate-cut/,,
Citadel Securities Sees Risk of Fed Forced to Raise Rates Soon,2026-06-08,Financial Post,https://financialpost.com/pmn/business-pmn/citadel-securities-sees-risk-of-fed-forced-to-raise-rates-soon,,
"Trump criticizes potential Fed interest rate hikes, praises new chair Kevin Warsh",2026-06-08,Crypto Briefing,https://cryptobriefing.com/trump-criticizes-fed-rate-hikes-praises-warsh/,,
"Household worries over finances hit highest level since July 2022, New York Fed survey shows",2026-06-08,CNBC,https://www.cnbc.com/2026/06/08/household-financial-worries-at-highest-level-since-2022-new-york-fed-says.html,,
"Why is the US stock market rallying big today? Dow Jones, S&P 500 and Nasdaq surge on AI boom — Nvidia and Intel jump as Nasdaq significantly outperformed both the Dow and S&P",2026-06-08,The Times of India,https://economictimes.indiatimes.com/news/international/us/why-is-the-us-stock-market-rallying-big-today-dow-jones-sp-500-and-nasdaq-surge-on-ai-boom-nvidia-and-intel-jump-as-nasdaq-significantly-outperformed-both-the-dow-and-sp/articleshow/131591098.cms,,
Dollar eases as Iran and Israel agree to halt strikes,2026-06-08,CNA,https://www.channelnewsasia.com/business/dollar-eases-iran-and-israel-agree-halt-strikes-6168606,,
Treasury Market Is Telling Kevin Warsh Rates Need to Be Higher,2026-06-09,Yahoo Entertainment,https://finance.yahoo.com/economy/policy/articles/treasury-market-telling-kevin-warsh-073000716.html,,
Treasury yields hold steady as traders await more economic data,2026-06-09,CNBC,https://www.cnbc.com/2026/06/09/treasury-yields-hold-steady-as-traders-await-more-economic-data.html,,
What will happen to home prices if mortgage rates stay high this year? Experts weigh in,2026-06-09,CBS News,https://www.cbsnews.com/news/what-will-happen-home-prices-mortgage-rates-stay-high-experts/,,
"Decoding May’s market signals: The calm, the cracks, and the catalysts",2026-06-09,The Punch,https://punchng.com/decoding-mays-market-signals-the-calm-the-cracks-and-the-catalysts/,,
Gold Holds Near 11-Week Low as Iran-Israel Ceasefire Calms Markets Ahead of U.S. Inflation Data,2026-06-09,Advfn.com,https://investorshub.advfn.com/market-news/article/29980/gold-holds-near-11-week-low-as-iran-israel-ceasefire-calms-markets-ahead-of-u-s-inflation-data,,
51% of U.S. adults say the American Dream is out of reach for most people right now: CNBC survey,2026-06-09,CNBC,https://www.cnbc.com/2026/06/09/american-dream-out-of-reach-most-people-right-now-cnbc-survey.html,,
Fed expected to hold rates-3.7% in June: Reuters poll,2026-06-09,Crypto Briefing,https://cryptobriefing.com/fed-expected-to-hold-rates-37-in-june-reuters-poll/,,
"Trump praised IBM's 'legend' CEO, government floated a $1B quantum award — is the stock still a 'very nice price'?",2026-06-09,Yahoo Entertainment,https://finance.yahoo.com/markets/stocks/articles/trump-praised-ibms-legend-ceo-111500982.html,,
Dow Jones Surges Nearly 390 Points as Markets Rebound on AI Optimism and Easing Geopolitical Tensions,2026-06-09,Ibtimes.com.au,https://www.ibtimes.com.au/dow-jones-surges-ai-optimism-middle-east-de-escalation-1870404,,
"99 Percent Of CEOs Are Planning AI Job Cuts, And The Gap Between The Rich And The Poor Just Continues To Explode",2026-06-09,Activistpost.com,https://www.activistpost.com/99-percent-of-ceos-are-planning-ai-job-cuts-and-the-gap-between-the-rich-and-the-poor-just-continues-to-explode/,,
"US defies forecasts of economic slowdown, but its growth isn’t making ordinary people better off",2026-06-09,The Conversation Africa,https://theconversation.com/us-defies-forecasts-of-economic-slowdown-but-its-growth-isnt-making-ordinary-people-better-off-283989,,
How Biology Helps Shape Choice in Behavioral Economics,2026-06-09,Psychology Today,https://www.psychologytoday.com/us/blog/consumed/202606/how-biology-helps-shape-choice-in-behavioral-economics,,
US existing home sales increase more than expected in May,2026-06-09,Yahoo Entertainment,https://finance.yahoo.com/economy/articles/us-existing-home-sales-increase-140238352.html,,
What To Expect From Wednesday's Report On Inflation,2026-06-09,Investopedia,https://www.investopedia.com/cpi-inflation-may-preview-11993766,,
Russell 2000 Jumps 2.22% as Small-Cap Stocks Extend Rally on Rate Hopes and Economic Resilience,2026-06-09,Ibtimes.com.au,https://www.ibtimes.com.au/russell-2000-index-surges-small-cap-resilience-1870408,,
Will the Stock Market Crash if the Federal Reserve Raises Interest Rates? Soaring Bond Yields Portend Trouble.,2026-06-09,Yahoo Entertainment,https://consent.yahoo.com/v2/collectConsent?sessionId=1_cc-session_852ce1a7-9499-4568-81c0-49f255c70bdc,,
Fortunes from Heaven and Earth,2026-06-09,Dailyreckoning.com,https://dailyreckoning.com/fortunes-from-heaven-and-earth/,,
"Goldman Sachs data shows hedge funds bought equities at fastest pace in months, right before US selloff",2026-06-09,Crypto Briefing,https://cryptobriefing.com/hedge-funds-buy-equities-before-selloff/,,
"Dollar eases as investors weigh Middle East hopes, rate outlook",2026-06-09,CNA,https://www.channelnewsasia.com/business/dollar-eases-investors-weigh-middle-east-hopes-rate-outlook-6170256,,
Gold steadies after Israel and Iran agree to end missile strikes,2026-06-09,Bloomberg,https://www.bloomberg.com/news/articles/2026-06-08/gold-steadies-after-israel-and-iran-agree-to-end-missile-strikes,,
"Bitcoin rebounds above $63,000 as ETF inflows return and large investors step in",2026-06-09,The Times of India,https://economictimes.indiatimes.com/markets/cryptocurrency/crypto-news/bitcoin-rebounds-above-63000-as-etf-inflows-return-and-large-investors-step-in/articleshow/131603472.cms,,
"Gold Prices Ease 0.25% to $4,352.50 as Equity Rally and Stronger Dollar Curb Safe-Haven Buying",2026-06-09,Ibtimes.com.au,https://www.ibtimes.com.au/gold-prices-dip-amid-stock-market-rally-1870412,,
"South Korean stocks drop 9%, led by losses in Samsung and SK Hynix",2026-06-09,Crypto Briefing,https://cryptobriefing.com/south-korean-stocks-drop-samsung-sk-hynix/,,
"Asian stocks rebound on Iran optimism, AI trade",2026-06-09,The Times of India,https://economictimes.indiatimes.com/markets/us-stocks/news/asian-stocks-rebound-on-iran-optimism-ai-trade/articleshow/131599220.cms,,
"Why are ASX 200 tech stocks like WiseTech, Life360 and Xero shares getting hammered on Tuesday?",2026-06-09,Motley Fool Australia,https://www.fool.com.au/2026/06/09/why-are-asx-200-tech-stocks-like-wisetech-life360-and-xero-shares-getting-hammered-on-tuesday/,,
Dollar hovers around two-month high as Iran-Israel truce hangs in balance,2026-06-09,The Times of India,https://economictimes.indiatimes.com/markets/forex/dollar-hovers-around-two-month-high-as-iran-israel-truce-hangs-in-balance/articleshow/131599640.cms,,
Gold extends falls on rising Treasury yields,2026-06-09,The Times of India,https://economictimes.indiatimes.com/markets/commodities/news/gold-extends-falls-on-rising-treasury-yields/articleshow/131599662.cms,,
Sensex Today | Nifty 50 | Stock Market Live Updates | Gift Nifty signals lackluster start; Asian market rebound,2026-06-09,Economictimes.com,https://m.economictimes.com/markets/stocks/live-blog/bse-sensex-today-nifty50-stock-market-live-updates-gift-nifty-ril-tcs-share-price-9-june-2026/liveblog/131599663.cms,,
"Why are gold and silver prices down today, and will precious metals continue to drop or rise again? Treasury yields pressure gold as investors assess market outlook",2026-06-09,The Times of India,https://economictimes.indiatimes.com/news/international/us/why-are-gold-and-silver-prices-down-today-and-will-precious-metals-continue-to-drop-or-rise-again-treasury-yields-pressure-gold-as-investors-assess-market-outlook/articleshow/131599693.cms,,
Dollar eases as Middle East hopes outweigh prospects of higher US rates,2026-06-09,CNA,https://www.channelnewsasia.com/business/dollar-eases-middle-east-hopes-outweigh-prospects-higher-us-rates-6170256,,
"Asian stocks track Wall Street tech bounce, oil eases on Mideast hope",2026-06-09,Digital Journal,https://www.digitaljournal.com/article/asian-stocks-track-wall-street-tech-bounce-oil-eases-on-mideast-hope/,,
Nvidia CEO Jensen Huang calls tech stock selloff a buying opportunity as AI ‘just beginning’,2026-06-09,Crypto Briefing,https://cryptobriefing.com/nvidia-huang-tech-selloff-buying-opportunity/,,
"Treasuries fall as investors bet on Federal Reserve rate hike, pushing crypto into a yield reckoning",2026-06-09,Crypto Briefing,https://cryptobriefing.com/treasuries-fall-fed-rate-hike-crypto-impact/,,
"Gold steadies as traders weigh Israel-Iran ceasefire, inflation risks",2026-06-09,BusinessLine,https://www.thehindubusinessline.com/markets/gold/gold-steadies-as-traders-weigh-israel-iran-ceasefire-inflation-risks/article71079177.ece,,
"Silver prices fall Rs 2,500/kg, gold at Rs 1.54 lakh/10 gm as investors assess Israel-Iran war tensions. What should you do?",2026-06-09,The Times of India,https://economictimes.indiatimes.com/markets/commodities/news/silver-prices-fall-rs-2500/kg-gold-at-rs-1-54-lakh/10-gm-as-investors-assess-israel-iran-war-tensions-what-should-you-do/articleshow/131601352.cms,,
Gold Steadies After Israel and Iran Agree to End Missile Strikes,2026-06-09,Financial Post,https://financialpost.com/pmn/business-pmn/gold-steadies-after-israel-and-iran-agree-to-end-missile-strikes-2,,
"Gold, Silver Rate Today: Check live price of 22K, 24K, 18K gold and silver on 9 June 2026 in Mumbai, Delhi, other cities",2026-06-09,Livemint,https://www.livemint.com/money/personal-finance/gold-silver-rate-today-check-live-price-of-22k-24k-18k-gold-and-silver-on-9-june-2026-in-mumbai-delhi-other-cities-11780983621997.html,,
Gold steadies amid ceasefire hopes as strong U.S. jobs data caps gains,2026-06-09,Naturalnews.com,https://www.naturalnews.com/2026-06-09-gold-steadies-amid-ceasefire-hopes.html,,
NZ sharemarket jumps over 1.2% - Market close,2026-06-09,New Zealand Herald,https://www.nzherald.co.nz/business/markets/shares/nz-sharemarket-jumps-over-12-market-close/premium/D765MDARVJA4PA2SXHXFZDSIGE/,,
Dollar hovers around two-month high as Iran-Israel truce hangs in balance,2026-06-09,BusinessLine,https://www.thehindubusinessline.com/markets/forex/dollar-hovers-around-two-month-high-as-iran-israel-truce-hangs-in-balance/article71079123.ece,,
AI stocks are recovering after suddenly tanking last week as oil prices drop more than 3%,2026-06-09,Fortune,https://fortune.com/2026/06/09/ai-stocks-recover-wall-street-sp-tuesday-oil-prices/,,
Marguerite Casey Foundation to donate half a billion by 2036 to help rescue “suffering” nonprofits under Trump,2026-06-09,Fortune,https://fortune.com/2026/06/09/marguerite-casey-foundation-donate-half-billion-suffering-trump/,,
Fed to hold rates through 2026 amid persistent inflation: Reuters,2026-06-09,Crypto Briefing,https://cryptobriefing.com/fed-to-hold-rates-through-2026-amid-persistent-inflation-reuters/,,
Federal Reserve faces pressure as inflation tops 4% for first time since 2023,2026-06-09,Crypto Briefing,https://cryptobriefing.com/fed-pressure-inflation-tops-4-percent/,,
Homebuyers hoping for Fed relief may be waiting until 2027,2026-06-09,Inman,https://www.inman.com/2026/06/09/goldman-sachs-forecast-fed-rate-cuts-jp-morgan/,,
"Gold And Silver Price Hit 2-Month Lows Following Iran Tensions, Interest Rate Hike Fears",2026-06-09,Forbes,https://www.forbes.com/sites/conormurray/2026/06/09/gold-and-silver-price-hit-2-month-lows-following-iran-tensions-interest-rate-hike-fears/,,
"NASDAQ sinks 3% as tech sell-off reignites, dragging Bitcoin below $60K",2026-06-09,Crypto Briefing,https://cryptobriefing.com/nasdaq-tech-sell-off-bitcoin-drops/,,
The Social Security trust fund will run dry in 2032 – what that means for retirees and workers who hope to retire,2026-06-09,The Conversation Africa,https://theconversation.com/the-social-security-trust-fund-will-run-dry-in-2032-what-that-means-for-retirees-and-workers-who-hope-to-retire-283116,,
Treasuries rise as oil prices fall to lowest levels in over a month,2026-06-09,Crypto Briefing,https://cryptobriefing.com/treasuries-rise-oil-prices-fall/,,
US Federal Reserve to hold rates through 2026 as inflation persists,2026-06-09,Crypto Briefing,https://cryptobriefing.com/fed-hold-rates-2026-inflation-bitcoin/,,
Canadian dollar slides to 2026 low as traders expect Bank of Canada to hold rates,2026-06-09,Crypto Briefing,https://cryptobriefing.com/canadian-dollar-slides-2026-low-bank-of-canada/,,
"Stock market today: Dow, S&P 500, Nasdaq futures fall after US strikes on Iran, with CPI inflation on deck",2026-06-09,Yahoo Entertainment,https://finance.yahoo.com/markets/live/stock-market-today-dow-sp-500-nasdaq-futures-sink-as-techs-falter-ahead-of-cpi-inflation-data-215056398.html,,
"Stock market today: Dow, S&P 500, Nasdaq futures sink as techs slide, US-Iran truce teeters",2026-06-09,Yahoo Entertainment,https://finance.yahoo.com/markets/live/stock-market-today-dow-sp-500-nasdaq-futures-sink-as-techs-slide-us-iran-truce-teeters-215056429.html,,
"Stock market today: Dow, S&P 500, Nasdaq futures pare losses as CPI report lands, US-Iran truce teeters",2026-06-09,Yahoo Entertainment,https://finance.yahoo.com/markets/live/stock-market-today-dow-sp-500-nasdaq-futures-pare-losses-as-cpi-report-lands-us-iran-truce-teeters-215056909.html,,
How Washington is Silently Tokenizing Your Bank Account,2026-06-09,Activistpost.com,https://www.activistpost.com/how-washington-is-silently-tokenizing-your-bank-account/,,
S&P 500 closes 0.3% lower as NASDAQ drops 1.1% in tech-led selloff,2026-06-09,Crypto Briefing,https://cryptobriefing.com/sp500-nasdaq-tech-selloff-bitcoin/,,
Dow gains ground while NASDAQ plunges as tech stocks face brutal sell-off,2026-06-09,Crypto Briefing,https://cryptobriefing.com/dow-gains-nasdaq-falls-tech-sell-off/,,
Asian Stocks Set to Fall After Volatile US Session: Markets Wrap,2026-06-09,Financial Post,https://financialpost.com/pmn/business-pmn/asian-stocks-set-to-fall-after-volatile-us-session-markets-wrap,,
"Gold falls as US launches strikes against Iran, jeopardizing truce",2026-06-09,Crypto Briefing,https://cryptobriefing.com/gold-falls-us-strikes-iran-truce/,,
May home sales unexpectedly surge to highest level this year: ‘More Americans are on the move’,2026-06-09,New York Post,https://nypost.com/2026/06/09/business/may-home-sales-unexpectedly-surge-to-highest-level-this-year/,,
"Trump says Iran peace deal possible in two to three days, crypto markets react",2026-06-09,Crypto Briefing,https://cryptobriefing.com/trump-iran-peace-deal-crypto-markets/,,
Mortgage rates dos and don'ts that borrowers should know now,2026-06-09,CBS News,https://www.cbsnews.com/news/mortgage-rates-dos-and-donts-that-borrowers-should-know-june-2026/,,
The Purchasing Power Of The Dollar Has Collapsed And The Majority Of The Population No Longer Believes In The American Dream,2026-06-09,Theeconomiccollapseblog.com,http://theeconomiccollapseblog.com/the-purchasing-power-of-the-dollar-has-collapsed-and-the-majority-of-the-population-no-longer-believes-in-the-american-dream/,,
Arthur Hayes Warns AI Stock Crash Could Hit Crypto Before BTC Rebounds,2026-06-09,newsBTC,http://www.newsbtc.com/news/arthur-hayes-ai-stock-crash-hit-crypto/,,
"Inflation anxiety erodes small business optimism, NFIB says",2026-06-09,CFO Dive,https://www.cfodive.com/news/inflation-anxiety-erodes-small-business-optimism-nfib-says/822415/,,
Prediction Markets Are Becoming Retail Trading’s Next Dangerous Game,2026-06-09,Forbes,https://www.forbes.com/sites/forbesbooksauthors/2026/06/09/prediction-markets-are-becoming-retail-tradings-next-dangerous-game/,,
Goldman Sachs pushes Fed rate-cut forecast to 2027 on strong US jobs data,2026-06-09,Crypto Briefing,https://cryptobriefing.com/goldman-sachs-fed-rate-cut-forecast-2027-2/,,
Equities lose steam while oil slips amid uncertain Middle East outlook,2026-06-09,CNA,https://www.channelnewsasia.com/business/equities-lose-steam-while-oil-slips-amid-uncertain-middle-east-outlook-6170246,,
Equities fall while oil slips amid uncertain Middle East outlook,2026-06-09,CNA,https://www.channelnewsasia.com/business/equities-fall-while-oil-slips-amid-uncertain-middle-east-outlook-6170246,,
The Scarcity Deception: How to Break Free from Engineered Scarcity and Reclaim an Abundance Mindset,2026-06-09,Activistpost.com,https://www.activistpost.com/the-scarcity-deception-how-to-break-free-from-engineered-scarcity-and-reclaim-an-abundance-mindset/,,
"Gold plunges below $4,300/oz as precious metals complex pares all gains made this year",2026-06-09,BusinessLine,https://www.thehindubusinessline.com/markets/gold/gold-plunges-below-4300oz-as-precious-metals-complex-pares-all-gains-made-this-year/article71081975.ece,,
"Wall St rises on tech gains, easing of Mideast tensions",2026-06-09,PerthNow,https://www.perthnow.com.au/news/business/markets/wall-st-rises-on-tech-gains-easing-of-mideast-tensions-c-22408471,,
Why is the US stock market crashing today? S&P 500 erases all gains and wipes out $1.3 trillion in 2 hours as Nasdaq and Dow turn sharply lower - Tech stocks and chip sector collapse,2026-06-09,The Times of India,https://economictimes.indiatimes.com/news/international/us/why-is-the-us-stock-market-crashing-today-sp-500-erases-all-gains-and-wipes-out-1-3-trillion-in-2-hours-as-nasdaq-and-dow-turn-sharply-lower-tech-stocks-and-chip-sector-collapse/articleshow/131615964.cms,,
Equities lose some steam while dollar falls and oil slips,2026-06-09,CNA,https://www.channelnewsasia.com/business/equities-lose-some-steam-while-dollar-falls-and-oil-slips-6170246,,
Record petroleum exports help to shrink US trade deficit in April,2026-06-09,Yahoo Entertainment,https://finance.yahoo.com/economy/policy/articles/us-trade-deficit-narrows-april-124152789.html,,
CPI anxiety drags stocks and crypto lower in tandem,2026-06-09,Crypto Briefing,https://cryptobriefing.com/cpi-anxiety-stocks-crypto-lower/,,
Bitcoin may act as a ‘canary in the coal mine’ as risk-off pressure spreads: Bitwise,2026-06-09,Cointelegraph,https://cointelegraph.com/markets/bitcoin-may-act-as-a-canary-in-the-coal-mine-as-risk-off-pressure-spreads-bitwise,,
Inside Economics: NZ house prices on track for longest downturn in modern history,2026-06-09,New Zealand Herald,https://www.nzherald.co.nz/business/economy/inside-economics-nz-house-prices-on-track-for-longest-downturn-in-modern-history/premium/2TNV5ZNOFVAQHAXRSWUMITPFZI/,,
Mystery NASDAQ selloff adds tension into a make-or-break week for the AI trade,2026-06-09,Fortune,https://fortune.com/2026/06/09/nasdaq-selloff-sp-500-spacex-ipo-inflation/,,
KOSPI rallies 8.2% as Korean retail investors buy the dip while foreigners dump $3.7 billion,2026-06-09,Crypto Briefing,https://cryptobriefing.com/kospi-rallies-retail-investors-margin-debt/,,
The $31 Trillion Message Kevin Warsh Can’t Afford to Ignore,2026-06-09,24/7 Wall St.,https://247wallst.com/investing/2026/06/09/the-31-trillion-message-kevin-warsh-cant-afford-to-ignore/,,
European shares dip as investors fret about Middle East risks,2026-06-09,The Irish Times,https://www.irishtimes.com/business/2026/06/09/european-shares-dip-as-investors-fret-about-middle-east-risks/,,
Treasuries Hold Oil-Driven Gains Despite Middling Auction Result,2026-06-09,Financial Post,https://financialpost.com/pmn/business-pmn/treasuries-hold-oil-driven-gains-despite-middling-auction-result,,
Trump’s Economy Hired Nearly 1 Million Healthcare Workers While Every Other Sector Lost Jobs. Here’s Where to Put Your Money,2026-06-10,24/7 Wall St.,https://247wallst.com/investing/2026/06/10/trumps-economy-hired-nearly-1-million-healthcare-workers-while-every-other-sector-lost-jobs-heres-where-to-put-your-money/,,
US inflation hits three-year high at 4.2% in May amid high energy prices,2026-06-10,The Times of India,https://economictimes.indiatimes.com/news/international/world-news/us-inflation-rises-to-highest-level-in-three-years-highlighting-affordability-challenge-amid-energy-price-hikes-elections-donald-trump/articleshow/131635799.cms,,
US consumer prices increase as expected in May,2026-06-10,Yahoo Entertainment,https://finance.yahoo.com/economy/articles/us-consumer-prices-increase-expected-124101209.html,,
"U.S. CPI rose 4.2% in May 2026, highest in 3 years",2026-06-10,Quartz India,https://qz.com/us-cpi-inflation-may-2026-061026,,
US CPI rises to 4.2% as inflation hits highest level since April 2023,2026-06-10,Crypto Briefing,https://cryptobriefing.com/us-cpi-inflation-rises-crypto-impact/,,
"US CPI Matches Views but Core Inflation Slows, Bitcoin to $60,000?",2026-06-10,BeInCrypto,https://beincrypto.com/us-may-cpi-bitcoin/,,
"US inflation accelerates to 4.2% in May, dimming hopes for Fed rate cuts - Türkiye Today",2026-06-10,Turkiyetoday.com,https://www.turkiyetoday.com/business/us-inflation-accelerates-to-42-in-may-reinforcing-hawkish-fed-bets-3221684,,
Inflation surpassed 4% for the first time since 2023,2026-06-10,Business Insider,https://www.businessinsider.com/cpi-inflation-may-consumer-price-index-2026-6,,
"U.S. inflation meets expectations, reinforcing Fed's higher-for-longer stance",2026-06-10,CoinDesk,https://www.coindesk.com/markets/2026/06/10/u-s-inflation-meets-expectations-reinforcing-fed-s-higher-for-longer-stance,,
Inflation Slowed In May Even While Annual Gain Rose To 4.2%,2026-06-10,Breitbart News,https://www.breitbart.com/economy/2026/06/10/inflation-rose-to-4-2-in-may/,,
Natixis North America strategist sees peak inflation signals as US core CPI rises 0.2% in May,2026-06-10,Crypto Briefing,https://cryptobriefing.com/natixis-peak-inflation-core-cpi-may/,,
"US Inflation Accelerates, Though Core Gauge Comes in Softer",2026-06-10,Financial Post,https://financialpost.com/news/economy/us-inflation-accelerates-though-core-gauge-comes-in-softer,,
Inflation Surged To Three-Year High In May,2026-06-10,Investopedia,https://www.investopedia.com/cpi-inflation-may-11994650,,
Inflation Hit Highest Rate In 3 Years In May,2026-06-10,Forbes,https://www.forbes.com/sites/tylerroush/2026/06/10/inflation-hit-highest-rate-in-3-years-in-may/,,
"US inflation, highest in three years amid geopolitical tensions",2026-06-10,Crypto Briefing,https://cryptobriefing.com/us-inflation-highest-in-three-years-amid-geopolitical-tensions/,,
India bonds snap four-day rally on US-Iran war risks,2026-06-10,The Times of India,https://economictimes.indiatimes.com/markets/bonds/india-bonds-snap-four-day-rally-on-us-iran-war-risks/articleshow/131636031.cms,,
"Inflation rises to 3-year high on spiking gas prices, grocery costs",2026-06-10,Boston Herald,https://www.bostonherald.com/2026/06/10/inflation-gas-prices-may/,,
"US inflation hits 3-year high in May as Middle East conflict raises prices of gas, energy products",2026-06-10,CNA,https://www.channelnewsasia.com/business/us-consumer-prices-inflation-oil-middle-east-6174281,,
Americans hammered by brutal new inflation blow as prices surge at fastest pace in three years,2026-06-10,Dailymail.com,https://www.dailymail.com/yourmoney/article-15888815/May-2026-inflation-report-cpi-prices-four-year-high.html,,
US Treasury strengthens as core inflation rises less than expected in May,2026-06-10,Crypto Briefing,https://cryptobriefing.com/treasury-strengthens-core-inflation-may-2026/,,
"US Inflation Accelerates, Though Core Gauge Comes in Softer",2026-06-10,Financial Post,https://financialpost.com/pmn/business-pmn/us-inflation-accelerates-though-core-gauge-comes-in-softer,,
Inflation tops 4% for the first time in three years as Iran war drives energy costs higher,2026-06-10,New York Post,https://nypost.com/2026/06/10/business/inflation-tops-4-for-the-first-time-in-three-years-as-iran-war-drives-energy-costs-higher/,,
US inflation climbs to 4.2% in May as energy prices spiral higher,2026-06-10,Crypto Briefing,https://cryptobriefing.com/us-inflation-rises-may-energy-costs-surge/,,
Inflation rose again in May as elevated energy prices squeeze consumers,2026-06-10,Fox Business,https://www.foxbusiness.com/economy/cpi-inflation-may-2026,,
"IRGC launches missile and drone attacks on US bases, military escalation rattles crypto markets",2026-06-10,Crypto Briefing,https://cryptobriefing.com/irgc-missile-drone-attacks-us-strikes-crypto/,,
"Nvidia, Broadcom, Micron stocks crash: Why are tech shares down today?",2026-06-10,The Times of India,https://economictimes.indiatimes.com/news/international/us/nvidia-broadcom-micron-stocks-crash-why-are-tech-shares-down-today/articleshow/131635487.cms,,
Governments Are Selling Bonds at Record Pace as Spending Soars,2026-06-10,Financial Post,https://financialpost.com/pmn/business-pmn/governments-are-selling-bonds-at-record-pace-as-spending-soars,,
May inflation is expected to have jumped as the Iran war sent prices higher,2026-06-10,NBC News,https://www.nbcnews.com/business/energy/may-inflation-report-gas-prices-iran-rcna349059,,
US inflation tops 4% for first time in three years as oil prices jump | CNN Business,2026-06-10,CNN,https://www.cnn.com/2026/06/10/economy/us-cpi-consumer-inflation-may,,
May Jobs Report Kills Rate Cut Hopes: Bitcoin And Gold Sold Off in Tandem,2026-06-10,Cryptonews,https://cryptonews.com/news/bitcoin-gold-fed-rate-hike-odds-85-percent/,,
Slowing Economy Gives Turkey Cover to Hold Interest Rates Again,2026-06-10,Financial Post,https://financialpost.com/pmn/business-pmn/slowing-economy-gives-turkey-cover-to-hold-interest-rates-again,,
Treasury yields unmoved ahead of key inflation data releases,2026-06-10,CNBC,https://www.cnbc.com/2026/06/10/us-treasury-yields-inflation-data.html,,
Wall St futures slip as tech losses mount ahead of key inflation data,2026-06-10,CNA,https://www.channelnewsasia.com/business/wall-st-futures-slip-tech-losses-mount-ahead-key-inflation-data-6173931,,
"Best high-yield savings interest rates today, Wednesday, June 10, 2026: Earn up to 4.10% APY",2026-06-10,Yahoo Entertainment,https://finance.yahoo.com/personal-finance/banking/article/best-high-yield-savings-interest-rates-today-wednesday-june-10-2026-100000237.html,,
Higher gasoline prices push US consumer inflation in May,2026-06-10,Crypto Briefing,https://cryptobriefing.com/gasoline-prices-push-us-inflation-may/,,
Why Elon Musk-led blockbuster SpaceX IPO may spell more bad news for crypto,2026-06-10,The Times of India,https://economictimes.indiatimes.com/markets/us-stocks/news/why-elon-musk-led-blockbuster-spacex-ipo-may-spell-more-bad-news-for-crypto/articleshow/131632199.cms,,
Governments Sell Bonds at Record Pace as Spending Soars,2026-06-10,Yahoo Entertainment,https://finance.yahoo.com/economy/policy/articles/governments-selling-bonds-record-pace-070110557.html,,
"Sensex today | Stock Market Highlights: Sensex, Nifty end flat as early gains fade; gold prices slide sharply",2026-06-10,BusinessLine,https://www.thehindubusinessline.com/markets/sensex-nifty50-today-stock-market-highlights-10th-june-2026/article71081121.ece,,
Morning Bid: The chips are blue,2026-06-10,Yahoo Entertainment,https://finance.yahoo.com/markets/stocks/articles/morning-bid-chips-blue-103759847.html,,
Tech selloff deepens as traders brace for hot CPI report,2026-06-10,Crypto Briefing,https://cryptobriefing.com/tech-selloff-deepens-hot-cpi-crypto/,,
US inflation expectations rise with 13% pricing for 4.4% or higher rate,2026-06-10,Crypto Briefing,https://cryptobriefing.com/us-inflation-expectations-rise-with-13-pricing-for-44-or-higher-rate/,,
Gold extends losses to more than 3% after crucial inflation report,2026-06-10,Yahoo Entertainment,https://finance.yahoo.com/markets/article/gold-extends-losses-to-more-than-3-after-crucial-inflation-report-113341721.html,,
"World shares fall, oil rises on renewed Iran-US strikes",2026-06-10,Yahoo Entertainment,https://finance.yahoo.com/news/asian-stocks-slide-oil-gains-012828874.html,,
Oil prices and Treasury yields rise after Trump toughens Iran stance,2026-06-10,Crypto Briefing,https://cryptobriefing.com/oil-prices-and-treasury-yields-rise-after-trump-toughens-iran-stance/,,
Turbulent Times: Tech Stocks Tumble Amid U.S.-Iran Tensions and Inflation Concerns | Business,2026-06-10,Devdiscourse,https://www.devdiscourse.com/article/business/3933089-turbulent-times-tech-stocks-tumble-amid-us-iran-tensions-and-inflation-concerns,,
The world’s hottest AI stock market just swung nearly 17% in two days,2026-06-10,CryptoSlate,https://cryptoslate.com/the-worlds-hottest-ai-stock-market-just-swung-nearly-17-in-two-days/,,
Bitcoin falls below $61k amid geopolitical tensions and ETF outflows,2026-06-10,Coinjournal.net,https://coinjournal.net/news/bitcoin-falls-below-61k-amid-geopolitical-tensions-and-etf-outflows/,,
"Asian shares fall after a tech sell-off on Wall Street, while oil prices stabilize",2026-06-10,KSAT San Antonio,https://www.ksat.com/business/2026/06/10/asian-shares-fall-after-a-tech-sell-off-on-wall-street-while-oil-prices-stabilize/,,
Inflation tops 4% for the first time in 3 years on spike in gasoline prices,2026-06-10,NPR,https://www.npr.org/2026/06/10/nx-s1-5853077/inflation-over-4-cpi-gasoline-prices,,
US stocks slump after fresh sell-off in tech stocks; Nasdaq down over 1%,2026-06-10,The Times of India,https://economictimes.indiatimes.com/markets/us-stocks/news/us-stocks-slump-after-fresh-sell-off-in-tech-stocks-nasdaq-down-over-1/articleshow/131639312.cms,,
Dow Jones Drops 331 Points as Markets Pull Back Amid Rate and Geopolitical Concerns,2026-06-10,Ibtimes.com.au,https://www.ibtimes.com.au/dow-jones-drops-330-points-economic-uncertainty-geopolitical-tensions-1870454,,
Experts See Some Good News In the CPI Report—But Inflation Still Carries Risks for Markets,2026-06-10,Investopedia,https://www.investopedia.com/experts-see-some-good-news-in-the-cpi-report-but-inflation-still-carries-risks-for-markets-11994752,,
US inflation hits new three-year high amid energy price surge,2026-06-10,Al Jazeera English,https://www.aljazeera.com/economy/2026/6/10/us-inflation-hits-new-three-year-high-amid-energy-price-surge,,
European shares steady as investors weigh US-Iran flare-up,2026-06-10,The Irish Times,https://www.irishtimes.com/business/2026/06/10/european-shares-steady-as-investors-weigh-us-iran-flare-up/,,
Inflation Soars to Highest Level Since April 2023,2026-06-10,The American Conservative,https://www.theamericanconservative.com/inflation-soars-to-highest-level-since-april-2023/,,
Energy Prices Drive U.S. Inflation To Three-Year High,2026-06-10,OilPrice.com,https://oilprice.com/Latest-Energy-News/World-News/Energy-Prices-Drive-US-Inflation-To-Three-Year-High.html,,
"Bureau of Labor Statistics reports annual inflation at 4.2% in May, but crypto markets see a silver lining",2026-06-10,Crypto Briefing,https://cryptobriefing.com/may-2026-cpi-inflation-crypto-markets/,,
‘I love the inflation’: Trump is ‘not concerned’ about inflation hitting 4% for the first time since 2023. ‘The numbers were great’,2026-06-10,Fortune,https://fortune.com/2026/06/10/trump-inflation-love-the-numbers-iran-war/,,
Trump Called Gas Prices 'Peanuts' — Inflation Just Hit Its Worst Level In 3 Years,2026-06-10,Crooksandliars.com,https://crooksandliars.com/2026/06/trump-called-gas-prices-peanuts-inflation,,
Gold enters bear market for first time since 2022 as prices crater from January highs,2026-06-10,Crypto Briefing,https://cryptobriefing.com/gold-enters-bear-market-2026/,,
"US stocks: US market indexes fall over 1%, dragged by tech and Iran war worries",2026-06-10,The Times of India,https://economictimes.indiatimes.com/markets/us-stocks/news/us-stocks-us-markets-indexes-fall-1-dragged-by-tech-and-iran-war-worries/articleshow/131644160.cms,,
'Red hot' U.S. inflation rises at fastest pace in more than three years,2026-06-10,Financial Post,https://financialpost.com/news/economy/red-hot-u-s-inflation-rises,,
Breitbart Business Digest: Here's the Good News on Inflation,2026-06-10,Breitbart News,https://www.breitbart.com/economy/2026/06/10/breitbart-business-digest-heres-the-good-news-on-inflation/,,
US consumer inflation surpasses 4% amid Iran conflict-driven energy price surge,2026-06-10,Crypto Briefing,https://cryptobriefing.com/us-consumer-inflation-surpasses-4-amid-iran-conflict-driven-energy-price-surge/,,
Foreign investment in US surges to $232 billion after four years of declines,2026-06-10,New York Post,https://nypost.com/2026/06/10/business/foreign-investment-in-us-surges-to-232b-after-four-years-of-declines/,,
‘The die has been cast’: Trump allies fear it's too late to reverse economic woes,2026-06-10,Politico,https://www.politico.com/news/2026/06/10/inflation-iran-energy-fed-affordability-00957339,,
Why Record-High Conflicts Threaten The Global Banking System,2026-06-10,Forbes,https://www.forbes.com/sites/mayrarodriguezvalladares/2026/06/10/why-record-high-conflicts-threaten-the-global-banking-system/,,
Analysis: Trump said he loves inflation. Why that should be music to Kevin Warsh's ears,2026-06-10,CNBC,https://www.cnbc.com/2026/06/10/trump-inflation-fed-chair-kevin-warsh-analysis.html,,
"Asian Stocks to Fall, Oil Rises as US Strikes Iran: Markets Wrap",2026-06-10,Financial Post,https://financialpost.com/pmn/business-pmn/asian-stocks-to-fall-oil-rises-as-us-strikes-iran-markets-wrap,,
Keeping Score: Threats Against Abortion Clinics Doubled in 2025; Sounding the Alarm on ‘Horrible Conditions’ of Delaney Immigration Center; Pride Celebrations Around the U.S.,2026-06-10,Ms. Magazine,https://msmagazine.com/2026/06/10/keeping-score-abortion-clinic-threats-social-media-lgbtq-healthcare-costs-feminist-news-trump/,,
US inflation climbs to 4.2% and hits 3-year high amid rising fuel costs,2026-06-10,BusinessLine,https://www.thehindubusinessline.com/news/world/us-inflation-climbs-to-42-and-hits-3-year-high-amid-rising-fuel-costs/article71087119.ece,,
Maine Kampf,2026-06-10,Reason,https://reason.com/2026/06/10/maine-kampf/,,
Resurgence of flesh-eating New World screwworm in Texas could take a bite out of consumer stocks,2026-06-10,Yahoo Entertainment,https://finance.yahoo.com/markets/stocks/articles/resurgence-flesh-eating-world-screwworm-162000705.html,,
US inflation jumps to 4.2% in May amid Middle East energy shock,2026-06-10,The Irish Times,https://www.irishtimes.com/business/2026/06/10/us-inflation-jumps-to-42-in-may-amid-middle-east-energy-shock/,,
"Stocks slide on US inflation surge, tech weakness",2026-06-10,CNA,https://www.channelnewsasia.com/world/stock-market-us-inflation-iran-tech-6175251,,
The Only “Rules-Based” Monetary System That Has Ever Worked,2026-06-10,Forbes,https://www.forbes.com/sites/nathanlewis/2026/06/10/the-only-rules-based-monetary-system-that-has-ever-worked/,,
"CPI Inflation data report today impact on bonds: Check latest 2-year U. S treasury yield, 10-year U. S treasury notes",2026-06-10,The Times of India,https://economictimes.indiatimes.com/news/international/us/cpi-inflation-data-report-today-impact-on-bonds-check-latest-2-year-u-s-treasury-yield-10-year-u-s-treasury-notes/articleshow/131636875.cms,,
Bitcoin rises despite US inflation hitting 3-year high: Where will BTC price go?,2026-06-10,Cointelegraph,https://cointelegraph.com/markets/bitcoin-rises-despite-us-inflation-hitting-3-year-high-where-will-btc-price-go,,
"US CPI Inflation Surges to 4.2% in May, Highest Since 2023, as Energy Prices Climb",2026-06-10,Ibtimes.com.au,https://www.ibtimes.com.au/us-inflation-surges-may-energy-costs-1870456,,
Nasdaq Slips 69 Points as Tech Stocks Encounter Profit-Taking in Mixed Session,2026-06-10,Ibtimes.com.au,https://www.ibtimes.com.au/nasdaq-dips-earnings-season-interest-rate-uncertainty-1870458,,
Surging US consumer inflation hits three-year high,2026-06-10,RTE,https://www.rte.ie/news/business/2026/0610/1577768-us-inflation-figures-rise/,,
Inflation just increased again. Here's what that could mean for mortgage interest rates.,2026-06-10,CBS News,https://www.cbsnews.com/news/inflation-increased-what-could-mean-for-mortgage-interest-rates/,,
Bond Traders Keep Bets on a Fed Hike in 2026 After CPI Data,2026-06-10,Financial Post,https://financialpost.com/pmn/business-pmn/bond-traders-keep-bets-on-a-fed-hike-in-2026-after-cpi-data,,
VIX Spikes 3.7% to 20.60 as Investors Brace for Heightened Market Uncertainty,2026-06-10,Ibtimes.com.au,https://www.ibtimes.com.au/vix-rises-inflation-geopolitical-tensions-investors-1870461,,
Here's the inflation breakdown for May 2026 — in one chart,2026-06-10,CNBC,https://www.cnbc.com/2026/06/10/heres-the-inflation-breakdown-for-may-2026-in-one-chart.html,,
GameStop Shares Dip Modestly to $22.22 as Investors Digest Recent Earnings and Buyback,2026-06-10,Ibtimes.com.au,https://www.ibtimes.com.au/gamestop-strategic-moves-market-dynamics-1870467,,
Surging US consumer inflation hits three-year high in key challenge for Trump,2026-06-10,Digital Journal,https://www.digitaljournal.com/article/surging-us-consumer-inflation-hits-three-year-high-in-key-challenge-for-trump/,,
"70% of Stock Market Warning Signals Are Now Flashing. On June 16-17, Kevin Warsh Decides Where the Market Heads Next.",2026-06-10,24/7 Wall St.,https://247wallst.com/investing/2026/06/10/70-of-stock-market-warning-signals-are-now-flashing-on-june-16-17-kevin-warsh-decides-where-the-market-heads-next/,,
Gold Pares Heavy Losses in Choppy Trading as US Inflation Rises,2026-06-10,Yahoo Entertainment,https://finance.yahoo.com/markets/commodities/articles/gold-extends-drop-renewed-us-001602602.html,,
Inflation Hits 3-Year High As Affordability Challenge For Americans Grows,2026-06-10,HuffPost,https://www.huffpost.com/entry/us-inflation-3-year-high-gas-food-costs_n_6a297f77e4b02d9edc7ee045,,
Navitas Semiconductor Stock Drops Nearly 6% to $21.53 Amid Semiconductor Sector Pressure,2026-06-10,Ibtimes.com.au,https://www.ibtimes.com.au/navitas-semiconductor-shares-dip-market-rotation-1870472,,
JPMorgan Sees May as CPI ‘High-Water Mark’ With Fed Set to Hold,2026-06-10,Financial Post,https://financialpost.com/pmn/business-pmn/jpmorgan-sees-may-as-cpi-high-water-mark-with-fed-set-to-hold,,
"Federal Reserve expected to hold rates steady at June meeting, says JPMorgan’s David Kelly",2026-06-10,Crypto Briefing,https://cryptobriefing.com/fed-hold-rates-jpmorgan-kelly-crypto/,,
"Why is US stock market down today? Dow Jones, S&P 500 and Nasdaq fall as inflation hits three-year high and Iran tensions shake Wall Street - Nvidia, Amazon and technology stocks leading today's decline",2026-06-10,The Times of India,https://economictimes.indiatimes.com/news/international/us/why-is-us-stock-market-down-today-dow-jones-sp-500-and-nasdaq-fall-as-inflation-hits-three-year-high-and-iran-tensions-shake-wall-street-nvidia-amazon-and-technology-stocks-leading-todays-decline/articleshow/131638496.cms,,
"Americans face accelerating inflation pressures amid Iran war, growing energy prices",2026-06-10,CBS News,https://www.cbsnews.com/video/americans-face-surging-inflation-pressures-fueled-by-iran-war/,,
"Bitcoin, Ethereum Resume Rebound as Inflation Hits 3-Year High",2026-06-10,Decrypt,https://decrypt.co/370649/bitcoin-ethereum-resume-rebound-inflation-hits-3-year-high,,
US consumer inflation hits fresh three-year high in May,2026-06-10,The Straits Times,https://www.straitstimes.com/business/us-consumer-inflation-hits-fresh-three-year-high-in-may,,
Inflation Surpasses the Fed's Target for 62 Consecutive Months: What This Means for the Economy,2026-06-10,Investopedia,https://www.investopedia.com/inflation-62-month-streak-above-feds-target-11994381,,
Gold rebounds from six-month low but rate-hike fears cap gains,2026-06-11,BusinessLine,https://www.thehindubusinessline.com/markets/gold/gold-rebounds-from-six-month-low-but-rate-hike-fears-cap-gains/article71088399.ece,,
"Infosys, HCL Tech, other IT stocks tumble up to 3%. What's spooking investors?",2026-06-11,The Times of India,https://economictimes.indiatimes.com/markets/stocks/news/infosys-hcl-tech-other-it-stocks-tumble-up-to-3-whats-spooking-investors/articleshow/131652754.cms,,
US Stock Futures Rise Despite New Strikes on Iran as Markets Weigh Geopolitical Risks,2026-06-11,Ibtimes.com.au,https://www.ibtimes.com.au/us-stock-futures-rise-amid-iran-strikes-inflation-concerns-1870502,,
"‘I love the inflation,’ Trump says as prices rise amid Iran war",2026-06-11,The Irish Times,https://www.irishtimes.com/world/us/2026/06/11/i-love-the-inflation-trump-says-as-prices-rise-amid-iran-war/,,
"Watch: 'I love the inflation,' Trump tells reporters",2026-06-11,RTE,https://www.rte.ie/news/us/2026/0611/1577865-trump-inflation/,,
"Treasury yields steady as investors monitor inflation data, U.S. strikes in Iran",2026-06-11,CNBC,https://www.cnbc.com/2026/06/11/treasury-yields-flat-as-investors-monitor-inflation-data-us-strikes-in-iran.html,,
"Private credit has ‘growing pains,’ but a Man Group exec sees opportunities in higher rates",2026-06-11,CNBC,https://www.cnbc.com/2026/06/11/man-group-private-credit-higher-rates.html,,
Rates tick up after hot inflation and strong jobs numbers: Mortgage and refinance interest rates today,2026-06-11,Yahoo Entertainment,https://finance.yahoo.com/personal-finance/mortgages/article/rates-tick-up-after-hot-inflation-and-strong-jobs-numbers-mortgage-and-refinance-interest-rates-today-100000405.html,,
Indonesia Market Rout Resumes as Interest Rate Hike Bets Mount,2026-06-11,Financial Post,https://financialpost.com/pmn/business-pmn/indonesia-market-rout-resumes-as-interest-rate-hike-bets-mount,,
Gold rebounds from six-month low as rate-hike fears limit gains,2026-06-11,Crypto Briefing,https://cryptobriefing.com/gold-rebounds-six-month-low-rate-hike-fears/,,
AI Boom Stokes Inflation With Memory Chips at ‘Insane’ Prices,2026-06-11,Financial Post,https://financialpost.com/pmn/business-pmn/ai-boom-stokes-inflation-with-memory-chips-at-insane-prices,,
"Rupee drops on dollar demand from oil cos, nearly erases RBI-led gains",2026-06-11,BusinessLine,https://www.thehindubusinessline.com/markets/forex/rupee-drops-on-dollar-demand-from-oil-cos-nearly-erases-rbi-led-gains/article71088694.ece,,
Fed Chief May Need to Defy Trump on Interest Rates,2026-06-11,Politicalwire.com,https://politicalwire.com/2026/06/11/fed-chief-may-need-to-defy-trump-on-interest-rates/,,
What will happen to gold prices if inflation stays elevated through 2026? Here's what experts say.,2026-06-11,CBS News,https://www.cbsnews.com/news/what-will-happen-gold-prices-inflation-stays-elevated-2026-experts/,,
RBI's plan to attract foreign currency: how much of it could FCNR deposits really expect to lure?,2026-06-11,Livemint,https://www.livemint.com/opinion/online-views/rbi-plan-foreign-currency-fcnr-deposits-nri-dollars-yen-carry-central-bank-debt-yields-11781081669374.html,,
"Rupee drops to 95.76 vs USD on dollar demand from oil cos, nearly erases RBI-led gains",2026-06-11,The Times of India,https://economictimes.indiatimes.com/markets/forex/rupee-drops-to-95-76-vs-usd-on-dollar-demand-from-oil-cos-nearly-erases-rbi-led-gains/articleshow/131657335.cms,,
"Luke Gromen: The physical world will disrupt financial markets soon, gold and Bitcoin signal turbulence ahead, and the Fed’s upcoming meeting is crucial for rate policy | Forward Guidance",2026-06-11,Crypto Briefing,https://cryptobriefing.com/luke-gromen-the-physical-world-will-disrupt-financial-markets-soon-gold-and-bitcoin-signal-turbulence-ahead-and-the-feds-upcoming-meeting-is-crucial-for-rate-policy-forward-guidance/,,
"Gold Slumps Below 23,300 Yen Per Gram in Japan",2026-06-11,Newsonjapan.com,https://newsonjapan.com/article/149620.php,,
Asian shares edge lower after Wall Street's latest AI sell-off,2026-06-11,WHIO,https://www.whio.com/news/business/asian-shares-slip/4NN3I77AA44ULL633BUIWCYWPQ/,,
ECB expected to hike interest rates today as it continues to fight inflation over war in Iran,2026-06-11,TheJournal.ie,https://www.thejournal.ie/ecb-hike-interest-rates-fighting-against-inflation-7067312-Jun2026/,,
"U.S. launches second day of Iran strikes. And, World Cup facts to know before kickoff",2026-06-11,NPR,https://www.npr.org/2026/06/11/g-s1-127423/up-first-newsletter-us-iran-war-inflation-rates-world-cup,,
Analyst warns of challenges for Federal Reserve amid energy price surge and inflation report,2026-06-11,Crypto Briefing,https://cryptobriefing.com/fed-challenges-energy-prices-inflation-warsh/,,
"Stocks drop, oil rises as Iran and rate worries traders",2026-06-11,CNA,https://www.channelnewsasia.com/business/stocks-drop-oil-rises-iran-and-rate-worries-traders-6175536,,
"Stocks drop, oil rises as Iran and rate worries dog traders",2026-06-11,CNA,https://www.channelnewsasia.com/business/stocks-drop-oil-rises-iran-and-rate-worries-dog-traders-6175536,,
Bond traders keep bets on Fed hike in 2026,2026-06-11,The Times of India,https://economictimes.indiatimes.com/markets/bonds/bond-traders-keep-bets-on-fed-hike-in-2026/articleshow/131646879.cms,,
"Gold, Silver Rate Today: Check live price of 22K, 24K, 18K gold & silver on 11 June 2026 in Mumbai, Delhi, other cities",2026-06-11,Livemint,https://www.livemint.com/money/personal-finance/gold-silver-rate-today-check-live-price-22k-24k-18k-gold-999-fine-silver-11-june-mumbai-delhi-bengaluru-kolkata-cities-11781144297522.html,,
Another sell-off for AI stocks knocks Wall Street back to where it was 5 weeks ago,2026-06-11,BusinessLine,https://www.thehindubusinessline.com/markets/another-sell-off-for-ai-stocks-knocks-wall-street-back-to-where-it-was-5-weeks-ago/article71087475.ece,,
Polymarket odds show 99.4% chance Fed holds rates steady on June 17,2026-06-11,Crypto Briefing,https://cryptobriefing.com/polymarket-odds-show-994-chance-fed-holds-rates-steady-on-june-17/,,
Rupee braces for weaker start after Iran–US tensions ignite fresh oil rally,2026-06-11,BusinessLine,https://www.thehindubusinessline.com/markets/forex/rupee-braces-for-weaker-start-after-iranus-tensions-ignite-fresh-oil-rally/article71087548.ece,,
"Gold prices dip Rs 1,600/10 gm, silver crashes Rs 5,000/kg after rising oil prices amid West Asia tensions. Time to sell?",2026-06-11,The Times of India,https://economictimes.indiatimes.com/markets/commodities/news/gold-prices-dip-rs-1600/10-gm-silver-crashes-rs-5000/kg-after-rising-oil-prices-amid-west-asia-tensions-time-to-sell/articleshow/131648913.cms,,
"IT drags D-Street lower as investors turn cautious on West Asia tensions, US inflation data, oil spike",2026-06-11,BusinessLine,https://www.thehindubusinessline.com/markets/it-drags-d-street-lower-as-investors-turn-cautious-on-west-asia-tensions-us-inflation-data-oil-spike/article71087604.ece,,
"Live updates: Soft core inflation gave crypto a bounce, but only bitcoin held up on the week",2026-06-11,CoinDesk,https://www.coindesk.com/markets/2026/06/11/live-updates-soft-core-inflation-gave-crypto-a-bounce-but-only-bitcoin-held-up-on-the-week,,
"U.S. Inflation Rises to 4.2% in May, Highest in Three Years; Trump Predicts Drop After Iran War",2026-06-11,Naturalnews.com,https://www.naturalnews.com/2026-06-11-us-inflation-rises-may-highest-three-years.html,,
Gold Price Erases 2026 Gains After U.S. Jobs Data Boosts Rate Hike Expectations,2026-06-11,Naturalnews.com,https://www.naturalnews.com/2026-06-11-gold-erases-2026-gains-job-growth.html,,
"Bitcoin trades below $63,000 despite softer inflation concerns after US CPI data",2026-06-11,The Times of India,https://economictimes.indiatimes.com/markets/cryptocurrency/crypto-news/bitcoin-trades-below-63000-despite-softer-inflation-concerns-after-us-cpi-data/articleshow/131650996.cms,,
"It smells…of thyme (with elections included) on Pireos Street, the shame of the Urban Planning Authority & the silence of PASOK too, the “marriage” of DEI, Vodafone & Nova",2026-06-11,Protothema.gr,https://en.protothema.gr/2026/06/11/it-smellsof-thyme-with-elections-included-on-pireos-street-the-shame-of-the-urban-planning-authority-the-silence-of-pasok-too-the-marriage-of-dei-vodafone-n/,,
Kospi tanks 9% in just two sessions! What’s causing bloodbath in 2026’s top market?,2026-06-11,The Times of India,https://economictimes.indiatimes.com/markets/stocks/news/kospi-tanks-9-in-just-two-sessions-whats-causing-bloodbath-in-2026s-top-market/articleshow/131648166.cms,,
ECB set to raise rates for first time since 2023 as euro strengthens against muted dollar,2026-06-11,Crypto Briefing,https://cryptobriefing.com/ecb-rate-hike-euro-policy-decision/,,
Wholesale inflation in May hit highest level since November 2022 on soaring energy costs,2026-06-11,New York Post,https://nypost.com/2026/06/11/business/wholesale-inflation-in-may-hit-highest-level-since-november-2022-on-soaring-energy-costs/,,
"U.S.-Iran hostilities escalate, Oracle's fundraising plans, $100,000 colleges and more in Morning Squawk",2026-06-11,CNBC,https://www.cnbc.com/2026/06/11/5-things-to-know-before-the-stock-market-opens.html,,
Gold slumps to 6-month low even as inflation fears rise. Here's why bullion is out of favor,2026-06-11,CNBC,https://www.cnbc.com/2026/06/11/gold-slumps-to-6-month-low-even-as-inflation-fears-rise-heres-why-bullion-is-out-of-favor.html,,
The First Rate Hike Since 2023 Jolts Markets. Will Kevin Warsh and the Fed Move on June 16?,2026-06-11,24/7 Wall St.,https://247wallst.com/investing/2026/06/11/the-first-rate-hike-since-2023-jolts-markets-will-kevin-warsh-and-the-fed-move-on-june-16/,,
Data: you don’t know what you’ve got till it’s gone,2026-06-11,Timharford.com,https://timharford.com/2026/06/data-you-dont-know-what-youve-got-till-its-gone/,,
Congress Must Use Reconciliation to End the Fed’s Interest on Reserve Payments,2026-06-11,Daily Signal,https://www.dailysignal.com/2026/06/11/reconciliation-congress-reserve-payments/,,
US energy executives warn White House of dwindling oil reserves as Iran conflict drags on,2026-06-11,Crypto Briefing,https://cryptobriefing.com/us-energy-executives-warn-dwindling-oil-reserves/,,
Traders no longer fully price in Federal Reserve rate hike this year,2026-06-11,Crypto Briefing,https://cryptobriefing.com/traders-fed-rate-hike-expectations-shift/,,
It's TACO time (again): Stocks surge after Trump cancels Iran strikes,2026-06-11,Business Insider,https://www.businessinsider.com/stocks-surging-today-after-trump-calls-off-fresh-iran-attacks-2026-6#article,,
European Central Bank raises interest rates for first time in three years,2026-06-11,Crypto Briefing,https://cryptobriefing.com/ecb-raises-interest-rates-crypto-impact/,,
Federal Reserve buys $10B in Treasury bills to bolster reserves,2026-06-11,Crypto Briefing,https://cryptobriefing.com/fed-buys-10b-treasury-bills-reserves/,,
Farmers & Merchants Bancorp (FMCB) Announces New Board Member,2026-06-11,GlobeNewswire,https://www.globenewswire.com/news-release/2026/06/11/3310808/0/en/Farmers-Merchants-Bancorp-FMCB-Announces-New-Board-Member.html,,
It's the sun-soaked pandemic boomtown where thousands moved in. Now house prices are sinking fast... and experts warn crisis is spreading,2026-06-11,Dailymail.com,https://www.dailymail.com/yourmoney/article-15885823/boomtown-pandemic-house-prices-sinking-crisis.html,,
"Columbia Financial, Inc. and Northfield Bancorp, Inc. Announce Mailing of Merger Consideration Election Materials and Deadline to Elect Preferred Form of Merger Consideration",2026-06-11,GlobeNewswire,https://www.globenewswire.com/news-release/2026/06/11/3310825/0/en/Columbia-Financial-Inc-and-Northfield-Bancorp-Inc-Announce-Mailing-of-Merger-Consideration-Election-Materials-and-Deadline-to-Elect-Preferred-Form-of-Merger-Consideration.html,,
What Kevin Warsh Faces Heading Into The Fed,2026-06-11,The Daily Caller,https://dailycaller.com/2026/06/11/opinion-federal-reserve-manisha-singh/,,
"Europe's central bank raises rates to fight inflation from Iran war, the Fed to decide next week",2026-06-11,Japan Today,https://japantoday.com/category/business/europe%27s-central-bank-raises-rates-to-fight-inflation-from-iran-war-the-fed-to-decide-next-week,,
"Pirro's losses in Fed investigation should stay on the books, judge rules",2026-06-11,CNBC,https://www.cnbc.com/2026/06/11/pirro-fed-jerome-powell.html,,
Gold hits over 6-month low on rate-hike concerns amid Mideast conflict,2026-06-11,The Times of India,https://economictimes.indiatimes.com/markets/commodities/news/gold-hits-over-6-month-low-on-rate-hike-concerns-amid-mideast-conflict/articleshow/131646743.cms,,
"US stocks: Dow soars 900 pts, Nasdaq over 2% as Trump says Iran deal likely soon",2026-06-11,The Times of India,https://economictimes.indiatimes.com/markets/us-stocks/news/us-stocks-us-market-indexes-jump-trump-says-strikes-against-iran-canceled/articleshow/131668627.cms,,
Euro eases after ECB hike; dollar steadies near two-month high on Iran tensions,2026-06-11,CNA,https://www.channelnewsasia.com/business/euro-eases-after-ecb-hike-dollar-steadies-near-two-month-high-iran-tensions-6175591,,
Treasuries rise as drop in oil prices improves US inflation outlook,2026-06-11,Crypto Briefing,https://cryptobriefing.com/treasuries-rise-oil-prices-inflation-outlook/,,
"Treasuries Rise on Lower Oil Prices, Mixed Inflation Readings",2026-06-11,Financial Post,https://financialpost.com/pmn/business-pmn/treasuries-rise-on-lower-oil-prices-mixed-inflation-readings,,
"Europe's central bank raises rates to fight inflation from Iran war, the Fed to decide next week",2026-06-11,seattlepi.com,https://www.seattlepi.com/business/article/europe-s-central-bank-raises-rates-to-fight-22300730.php,,
"US producer prices surge in May amid Iran conflict, fueling inflation concerns",2026-06-11,Crypto Briefing,https://cryptobriefing.com/us-producer-prices-surge-in-may-amid-iran-conflict-fueling-inflation-concerns/,,
"Europe's central bank raises rates to fight inflation, the Fed to decide next week",2026-06-11,Abcnews.com,https://abcnews.com/Business/wireStory/europes-central-bank-raises-rates-fight-inflation-iran-133779228,,
"US stock futures, treasury yields rise on Fed rate hold expectation",2026-06-11,Crypto Briefing,https://cryptobriefing.com/us-stock-futures-treasury-yields-rise-on-fed-rate-hold-expectation/,,
"ECB hikes interest rate by 25 bps, first since 2023 to tame Iran war inflation",2026-06-11,The Times of India,https://economictimes.indiatimes.com/markets/us-stocks/news/ecb-hikes-interest-rate-by-25-bps-first-since-2023-to-tame-iran-war-inflation/articleshow/131660140.cms,,
"US jobless aid filings rise to 229,000 last week, remain historically low despite Iran war headwinds",2026-06-11,The Times of India,https://economictimes.indiatimes.com/news/international/global-trends/us-jobless-aid-filings-rise-to-229000-last-week-remain-historically-low-despite-iran-war-headwinds/articleshow/131660178.cms,,
ECB Hikes for First Time Since 2023 as Inflation Heats Up,2026-06-11,Financial Post,https://financialpost.com/pmn/business-pmn/ecb-hikes-for-first-time-since-2023-as-inflation-heats-up,,
"Gold slumps ₹2,100 to ₹1.53 lakh/10g; silver trades flat in Delhi",2026-06-11,BusinessLine,https://www.thehindubusinessline.com/markets/gold/gold-slumps-2100-to-153-lakh10g-silver-trades-flat-in-delhi/article71089357.ece,,
US Producer Prices Rise at Fastest Pace Since November 2022,2026-06-11,Financial Post,https://financialpost.com/pmn/business-pmn/us-producer-prices-rise-at-fastest-pace-since-november-2022,,
"Dow Jones Climbs 247 Points to 50,166 as Markets Rebound on Corporate Earnings Strength",2026-06-11,Ibtimes.com.au,https://www.ibtimes.com.au/dow-jones-surges-positive-earnings-easing-inflation-1870517,,
"Producer Price Inflation Hits 6.5%, But the Fed May Still Pause Rate Hikes — Here’s Why",2026-06-11,24/7 Wall St.,https://247wallst.com/investing/2026/06/11/producer-price-inflation-hits-6-5-but-the-fed-may-still-pause-rate-hikes-heres-why/,,
"Trump might 'love the inflation,' but consumers are feeling the pain, experts say",2026-06-11,CNBC,https://www.cnbc.com/2026/06/11/trump-inflation-cpi.html,,
"The inflation surge is hitting businesses, too",2026-06-11,NBC News,https://www.nbcnews.com/business/economy/business-inflation-may-iran-war-trump-rcna349584,,
Federal Reserve chair Kevin Warsh faces pressure to raise rates amid inflation,2026-06-11,Crypto Briefing,https://cryptobriefing.com/fed-chair-warsh-rate-hike-inflation-pressure/,,
Cathie Wood says the market just misread the jobs report,2026-06-11,TheStreet,https://www.thestreet.com/employment/cathie-wood-says-the-market-just-misread-the-jobs-report,,
AI Productivity Gains Precede Expeditors International’s Uncharacteristic Layoffs,2026-06-11,WWD,http://wwd.com/sourcing-journal/logistics/expeditors-international-layoffs-230-job-cuts-artificial-intelligence-ai-1239006574/,,
Wholesale prices see biggest spike since 2022 as energy costs climb,2026-06-11,CBS News,https://www.cbsnews.com/news/ppi-report-today-may-2026-highest-since-2022/,,
SpaceX IPO won’t ‘break’ the bull market. But investors are worried about what comes next,2026-06-11,CNBC,https://www.cnbc.com/2026/06/11/spacex-ipo-wont-break-the-bull-market-but-investors-are-worried-about-what-comes-next.html,,
"Stocks drop, oil rises as Iran and rate worries dog traders",2026-06-11,Digital Journal,https://www.digitaljournal.com/article/stocks-drop-oil-rises-as-iran-and-rate-worries-dog-traders/,,
